Brands,Models,Colors,Memory,Storage,Camera,Rating,Selling Price,Original Price,Mobile,Discount,discount percentage,Quantity Sold,Country
SAMSUNG,GALAXY M31S ,Mirage Black,8 GB,128 GB,Yes,4.3,19330,20999,SAMSUNG GALAXY M31S ,1669,7.947997524,25796,UK
Nokia,3.2,Steel,2 GB,16 GB,Yes,3.8,10199,10199,Nokia 3.2,0,0,10861,Canada
realme,C2 ,Diamond Black,2 GB,,Yes,4.4,6999,7999,realme C2 ,1000,12.5015627,86821,France
Infinix,Note 5,Ice Blue,4 GB,64 GB,Yes,4.2,12999,12999,Infinix Note 5,0,0,64887,Brazil
Apple,iPhone 11 ,Black,4GB,64 GB,Yes,4.6,49900,49900,Apple iPhone 11 ,0,0,16266,Germany
GIONEE,L800,Black,8 MB,16 MB,Yes,4,2199,2199,GIONEE L800,0,0,92387,Canada
Apple,iPhone 13 Mini ,Pink,6 GB,512 GB,Yes,,99900,99900,Apple iPhone 13 Mini ,0,0,47195,UK
Apple,iPhone XR ,Coral,3 GB,64 GB,Yes,4.6,42999,47900,Apple iPhone XR ,4901,10.23173278,97499,Japan
SAMSUNG,Galaxy E5 ,Brown,1.5 GB,16 GB,Yes,4.2,20400,20400,SAMSUNG Galaxy E5 ,0,0,54132,Germany
Xiaomi,Redmi Note 11T 5G,Aquamarine Blue,8 GB,128 GB,Yes,4.3,21736,22999,Xiaomi Redmi Note 11T 5G,1263,5.491543111,70264,UK
SAMSUNG,Galaxy A12 ,Black,4 GB,64 GB,Yes,4.2,11989,11989,SAMSUNG Galaxy A12 ,0,0,26024,Australia
Apple,iPhone 11 ,Red,4GB,256 GB,Yes,4.6,64900,64900,Apple iPhone 11 ,0,0,51091,Australia
realme,X7 5G ,Nebula,6 GB,128 GB,Yes,4.3,19999,21999,realme X7 5G ,2000,9.091322333,77222,UK
OPPO,A33,Moonlight Black,3 GB,32 GB,Yes,4.3,10490,12990,OPPO A33,2500,19.24557352,74821,Canada
vivo,V23 5G,Sunshine Gold,8 GB,128 GB,Yes,4.4,29990,34990,vivo V23 5G,5000,14.28979708,10770,Germany
vivo,Y20A 2021 ,Nebula Blue,,64 GB,Yes,3.8,39990,46990,vivo Y20A 2021 ,7000,14.89678655,69736,Canada
Apple,iPhone 13 Mini ,Pink,6 GB,512 GB,Yes,,99900,99900,Apple iPhone 13 Mini ,0,0,72956,India
SAMSUNG,Galaxy J2 Core ,Gold,1 GB,16 GB,Yes,4.2,6999,6999,SAMSUNG Galaxy J2 Core ,0,0,74926,France
Lenovo,K10 Plus ,Sprite,4 GB,64 GB,Yes,4.1,13999,13999,Lenovo K10 Plus ,0,0,77970,India
ASUS,Zenfone Max ,Blue,2 GB,32 GB,Yes,4.1,7699,7699,ASUS Zenfone Max ,0,0,15312,Australia
Motorola,M,Grey,4 GB,64 GB,Yes,3.9,9999,9999,Motorola M,0,0,93105,Japan
realme,1,Diamond Black,3 GB,,Yes,,11990,12990,realme 1,1000,7.698229407,63708,USA
GIONEE,Pioneer P4S ,White,1 GB,8 GB,Yes,3.5,3499,3499,GIONEE Pioneer P4S ,0,0,95306,France
realme,X3 ,Arctic White,6 GB,128 GB,Yes,4.4,24999,26999,realme X3 ,2000,7.407681766,38694,Australia
realme,Narzo 30A ,Laser Blue,3 GB,,Yes,4.3,8999,9999,realme Narzo 30A ,1000,10.0010001,81933,Canada
realme,8 Pro ,Illuminating Yellow,6 GB,,Yes,4.3,17999,19999,realme 8 Pro ,2000,10.00050003,35659,Canada
GIONEE,F205 Pro ,Black,2 GB,16 GB,Yes,4.1,6990,6990,GIONEE F205 Pro ,0,0,94479,Canada
Lenovo,A6600d40 ,Black,2 GB,16 GB,Yes,4,7999,7999,Lenovo A6600d40 ,0,0,28432,Japan
SAMSUNG,Galaxy S9 Plus ,Polaris Blue,6 GB,64 GB,Yes,4.5,70000,70000,SAMSUNG Galaxy S9 Plus ,0,0,12748,India
SAMSUNG,Galaxy A30s ,Prism Crush Black,4 GB,128 GB,Yes,4.3,18199,18199,SAMSUNG Galaxy A30s ,0,0,69151,USA
SAMSUNG,Galaxy J6 ,Black,4 GB,64 GB,Yes,4.5,14990,14990,SAMSUNG Galaxy J6 ,0,0,75726,Canada
SAMSUNG,Galaxy A03 Core,Blue,2 GB,32 GB,Yes,4,7999,10499,SAMSUNG Galaxy A03 Core,2500,23.8117916,94655,South Korea
SAMSUNG,Galaxy Note 9 ,Midnight Black,8 GB,512 GB,Yes,4.6,49999,49999,SAMSUNG Galaxy Note 9 ,0,0,45774,France
Infinix,Hot 6 Pro,Bordeaux Red ,3 GB,32 GB,Yes,4.3,8999,8999,Infinix Hot 6 Pro,0,0,77436,Germany
Apple,iPhone 11 ,Green,4GB,64 GB,Yes,4.6,49900,49900,Apple iPhone 11 ,0,0,66887,South Korea
SAMSUNG,Galaxy J2 - 2016 ,Gold,1.5 GB,8 GB,Yes,4,6990,6990,SAMSUNG Galaxy J2 - 2016 ,0,0,76804,USA
SAMSUNG,Metro 313,Black,2 MB,2 MB,Yes,4.1,2399,2399,SAMSUNG Metro 313,0,0,41552,Japan
HTC,Desire 700,Black,1 GB,8 GB,Yes,3.8,35490,35490,HTC Desire 700,0,0,21395,USA
realme,X3 SuperZoom ,Arctic White,8 GB,,Yes,4.3,29999,31999,realme X3 SuperZoom ,2000,6.250195319,79093,Germany
realme,9 Pro+ 5G,Midnight Black,8 GB,256 GB,Yes,4.4,28999,31999,realme 9 Pro+ 5G,3000,9.375292978,13891,France
realme,Narzo 10 ,That Green,4 GB,128 GB,Yes,4.5,11999,12999,realme Narzo 10 ,1000,7.692899454,51607,Germany
Motorola,E5,Fine Gold,2 GB,16 GB,Yes,4.3,10999,10999,Motorola E5,0,0,90039,UK
Google Pixel,3,Just Black,4 GB,64 GB,Yes,4.5,69999,69999,Google Pixel 3,0,0,97314,France
ASUS,Zenfone Go 5.0 ,White,2 GB,16 GB,Yes,4,6999,6999,ASUS Zenfone Go 5.0 ,0,0,20628,USA
SAMSUNG,Galaxy A22 5G ,Violet,8 GB,128 GB,Yes,4.2,22450,22450,SAMSUNG Galaxy A22 5G ,0,0,18793,Canada
GIONEE,Marathon M5 Plus ,CHAMPAGNE GOLD,3 GB,64 GB,Yes,4.1,11999,11999,GIONEE Marathon M5 Plus ,0,0,83970,USA
realme,GT Neo 2,Neo Blue,8 GB,128 GB,Yes,4.4,31999,34999,realme GT Neo 2,3000,8.571673476,53002,USA
SAMSUNG,Galaxy A9 Pro ,Black,4 GB,32 GB,Yes,4.3,22900,22900,SAMSUNG Galaxy A9 Pro ,0,0,86553,France
Infinix,Smart 7,Purple,2 GB,32 GB,Yes,4.3,7499,8999,Infinix Smart 7,1500,16.66851872,33898,UK
Apple,iPhone 11 ,White,4GB,256 GB,Yes,4.6,64900,64900,Apple iPhone 11 ,0,0,78149,USA
realme,9i,Prism Black,4 GB,64 GB,Yes,4.5,13999,15999,realme 9i,2000,12.5007813,33484,South Korea
Apple,iPhone 7 Plus ,Jet Black,3 GB,128 GB,Yes,4.5,42900,42900,Apple iPhone 7 Plus ,0,0,58556,Australia
Apple,iPhone 8 ,Silver,2 GB,64 GB,Yes,4.5,38999,39900,Apple iPhone 8 ,901,2.258145363,27160,Brazil
Motorola,Z Play,White,3 GB,32 GB,Yes,4.4,24999,24999,Motorola Z Play,0,0,90078,Brazil
Apple,iPhone 11 ,Yellow,4GB,256 GB,Yes,4.6,64900,64900,Apple iPhone 11 ,0,0,45921,USA
Lenovo,K4 Note ,White,3 GB,16 GB,Yes,3.9,7999,7999,Lenovo K4 Note ,0,0,77122,South Korea
OPPO,Reno4 Pro Special Edition,Starry Night,8 GB,128 GB,Yes,4.4,34990,37990,OPPO Reno4 Pro Special Edition,3000,7.896814951,79480,Canada
OPPO,Reno7 5G,Startrails Blue,8 GB,256 GB,Yes,,28999,37990,OPPO Reno7 5G,8991,23.66675441,99476,Japan
SAMSUNG,Galaxy Note 9 ,Ocean Blue,6 GB,128 GB,Yes,4.6,53999,73990,SAMSUNG Galaxy Note 9 ,19991,27.01851602,29458,Japan
realme,7i ,Fusion Blue,4 GB,64 GB,Yes,4.3,13999,13999,realme 7i ,0,0,76558,France
Lenovo,A390 ,White,512 MB,4 GB,Yes,3.7,7580,7580,Lenovo A390 ,0,0,87190,Brazil
SAMSUNG,Galaxy S6 Edge+ ,Gold Platinum,4 GB,32 GB,Yes,4.2,28000,61988,SAMSUNG Galaxy S6 Edge+ ,33988,54.82996709,88954,USA
LG,Stylus 3 ,Titan,3 GB,16 GB,Yes,3.8,9990,9990,LG Stylus 3 ,0,0,62996,Japan
realme,Narzo 20A ,Victory Blue,3 GB,32 GB,Yes,4.3,8499,10999,realme Narzo 20A ,2500,22.72933903,50758,USA
GIONEE,Marathon ,Grey,2 GB,16 GB,Yes,4.4,11999,11999,GIONEE Marathon ,0,0,19693,France
Xiaomi,Mi 11X Pro 5G ,Celestial Silver,8 GB,128 GB,Yes,4.2,36290,37490,Xiaomi Mi 11X Pro 5G ,1200,3.200853561,55759,Brazil
LG,G5 ,Gold,4 GB,32 GB,Yes,4,25999,25999,LG G5 ,0,0,82410,Germany
realme,6 Pro ,Lightning Red,6 GB,64 GB,Yes,4.4,17999,17999,realme 6 Pro ,0,0,81212,Australia
Xiaomi,REDMI Note 9 ,Pebble Grey,4 GB,64 GB,Yes,4.4,11999,14999,Xiaomi REDMI Note 9 ,3000,20.00133342,75698,Australia
OPPO,A5s,Black,4 GB,64 GB,Yes,4.4,10990,15990,OPPO A5s,5000,31.26954346,47066,Japan
OPPO,F1,Gold,3 GB,16 GB,Yes,4.1,15739,15739,OPPO F1,0,0,42607,Australia
HTC,One E9+,Gold Sepia,3 GB,32 GB,Yes,3.9,38800,38800,HTC One E9+,0,0,21535,Germany
SAMSUNG,Galaxy M30S ,Blue,4 GB,128 GB,Yes,4.3,13990,16590,SAMSUNG Galaxy M30S ,2600,15.67209162,50398,USA
Xiaomi,MI 11X 5G ,COSMIC BLACK,6 GB,128 GB,Yes,4.1,24492,27995,Xiaomi MI 11X 5G ,3503,12.51294874,11017,France
OPPO,A3s,Red,3 GB,32 GB,Yes,4.3,12000,12000,OPPO A3s,0,0,99790,Germany
HTC,Wildfire X ,Blue,4 GB,128 GB,Yes,3.9,16999,16999,HTC Wildfire X ,0,0,65592,France
SAMSUNG,Galaxy S10 ,Prism White,8 GB,512 GB,Yes,4.6,92000,92000,SAMSUNG Galaxy S10 ,0,0,99813,France
Infinix,Note 11,Glacier Green,6 GB,128 GB,Yes,4.5,14999,16999,Infinix Note 11,2000,11.76539796,33248,Brazil
SAMSUNG,Galaxy M31 ,Space Black,6 GB,128 GB,Yes,4.3,17888,17888,SAMSUNG Galaxy M31 ,0,0,34301,USA
SAMSUNG,Galaxy A7 2016 Edition ,White,3 GB,16 GB,Yes,4.1,20700,20700,SAMSUNG Galaxy A7 2016 Edition ,0,0,84066,South Korea
SAMSUNG,Galaxy J2 Core ,Gold,1 GB,8 GB,Yes,4.2,6200,6200,SAMSUNG Galaxy J2 Core ,0,0,92799,Australia
OPPO,A83,Champagne,4 GB,64 GB,Yes,4.3,16990,16990,OPPO A83,0,0,19269,South Korea
Xiaomi,11i Hypercharge 5G,Stealth Black,6 GB,128 GB,Yes,4.2,26999,31999,Xiaomi 11i Hypercharge 5G,5000,15.6254883,96808,Brazil
ASUS,Zenfone C ,White,1 GB,8 GB,Yes,3.8,6299,6299,ASUS Zenfone C ,0,0,22186,France
SAMSUNG,Galaxy F12 ,Sky Blue,4 GB,128 GB,Yes,4.2,12499,13999,SAMSUNG Galaxy F12 ,1500,10.71505108,73705,Japan
SAMSUNG,Galaxy F23 5G,Forest Green,4 GB,128 GB,Yes,4,15999,22999,SAMSUNG Galaxy F23 5G,7000,30.43610592,96780,Australia
Xiaomi,Redmi Note 5 ,Gold,4 GB,64 GB,Yes,4.4,11499,11499,Xiaomi Redmi Note 5 ,0,0,49100,Australia
OPPO,A5s,Blue,3 GB,32 GB,Yes,4.4,13750,13750,OPPO A5s,0,0,18572,USA
SAMSUNG,Galaxy S6 Edge ,Black Sapphire,3 GB,32 GB,Yes,4,37299,37299,SAMSUNG Galaxy S6 Edge ,0,0,48045,UK
OPPO,F15,Blazing Blue,4 GB,128 GB,Yes,4.4,15990,20990,OPPO F15,5000,23.82086708,61215,India
realme,5 Pro ,Chroma White,8 GB,128 GB,Yes,4.5,16999,16999,realme 5 Pro ,0,0,71229,India
Apple,iPhone 12 ,Red,4GB,128 GB,Yes,4.6,68999,70900,Apple iPhone 12 ,1901,2.681241185,58985,India
Apple,iPhone 12 Pro Max ,Gold,,512 GB,Yes,4.6,149900,149900,Apple iPhone 12 Pro Max ,0,0,50775,UK
OPPO,Reno2 F,Lake Green,6 GB,256 GB,Yes,4.4,19990,19990,OPPO Reno2 F,0,0,12569,USA
realme,X50 Pro 5G ,Rust Red,12 GB,256 GB,Yes,4.3,47999,47999,realme X50 Pro 5G ,0,0,72593,UK
OPPO,F19 Pro,Crystal Silver,8 GB,256 GB,Yes,4.3,23490,25990,OPPO F19 Pro,2500,9.619084263,77564,India
OPPO,F7,Silver,4 GB,64 GB,Yes,4.4,22990,22990,OPPO F7,0,0,12696,Brazil
GIONEE,F8 Neo ,Black,2 GB,32 GB,Yes,3.9,6499,6499,GIONEE F8 Neo ,0,0,58191,Germany
LG,Stylus 2 Plus ,Titan,3 GB,16 GB,Yes,4.1,14250,14250,LG Stylus 2 Plus ,0,0,15259,France
Xiaomi,Mi 11X ,Lunar White,8 GB,128 GB,Yes,4.5,26758,26758,Xiaomi Mi 11X ,0,0,97539,UK
Apple,iPhone 11 Pro Max ,Gold,4GB,256 GB,Yes,4.7,131900,131900,Apple iPhone 11 Pro Max ,0,0,49505,USA
Nokia,G20 ,Glacier Blue,4 GB,64 GB,Yes,,13549,13549,Nokia G20 ,0,0,43160,USA
OPPO,Reno3 Pro,Midnight Black,8 GB,256 GB,Yes,4.4,26798,28989,OPPO Reno3 Pro,2191,7.558039256,23987,South Korea
LG,Spirit 4G LTE ,Black Titan,1 GB,8 GB,Yes,3.7,12500,12500,LG Spirit 4G LTE ,0,0,71859,Germany
OPPO,F3 Plus,Gold,4 GB,64 GB,Yes,4.3,12990,12990,OPPO F3 Plus,0,0,22667,Japan
vivo,V20 Pro ,Midnight Jazz,4 GB,128 GB,Yes,4.3,10990,10990,vivo V20 Pro ,0,0,48661,Australia
LG,G7+ ThinQ ,Platinum,6 GB,128 GB,Yes,4.4,55000,55000,LG G7+ ThinQ ,0,0,13562,India
LG,Optimus L70 ,Black,1 GB,4 GB,Yes,4,12791,12791,LG Optimus L70 ,0,0,36855,Japan
OPPO,A37f,Gold,2 GB,16 GB,Yes,4.2,9990,9990,OPPO A37f,0,0,74506,South Korea
SAMSUNG,Galaxy J7 Nxt ,Black,3 GB,32 GB,Yes,4.3,14995,14995,SAMSUNG Galaxy J7 Nxt ,0,0,62252,India
OPPO,A7,Glaring Gold,4 GB,64 GB,Yes,4.4,10990,18990,OPPO A7,8000,42.12743549,32663,Germany
OPPO,A15,Mystery Blue,3 GB,32 GB,Yes,4.3,10990,12990,OPPO A15,2000,15.39645881,18393,South Korea
realme,8 5G ,Supersonic Black,4 GB,128 GB,Yes,4.3,16499,16999,realme 8 5G ,500,2.941349491,40536,India
realme,C35,Glowing Green,4 GB,128 GB,Yes,4.5,12999,14999,realme C35,2000,13.33422228,88604,Germany
GIONEE,A1 Plus ,Gold,4 GB,64 GB,Yes,4.1,10499,10499,GIONEE A1 Plus ,0,0,62257,Canada
Infinix,Note 7,Bolivia Blue,4 GB,64 GB,Yes,4.3,14999,14999,Infinix Note 7,0,0,99136,Japan
Nokia,Lumia 510 ,Black,512 MB,4 GB,Yes,4,10999,10999,Nokia Lumia 510 ,0,0,45223,Japan
SAMSUNG,Galaxy F02s ,Diamond Black,3 GB,32 GB,Yes,4.2,9499,10499,SAMSUNG Galaxy F02s ,1000,9.52471664,87374,Australia
POCO,M3 ,Cool Blue,6 GB,64 GB,Yes,4.3,11999,12999,POCO M3 ,1000,7.692899454,89576,Germany
IQOO,3,Quantum Silver,8 GB,256 GB,Yes,4.4,37990,40990,IQOO 3,3000,7.318858258,94652,UK
SAMSUNG,Guru Music 2,Black,,2 MB,Yes,4.3,1625,1625,SAMSUNG Guru Music 2,0,0,73336,Canada
SAMSUNG,Galaxy A5 ,Pearl White,2 GB,16 GB,Yes,4.1,17990,17990,SAMSUNG Galaxy A5 ,0,0,20966,Brazil
Motorola,M,Gold,4 GB,64 GB,Yes,3.9,12999,12999,Motorola M,0,0,34539,India
LG,Q6+ ,Black,4 GB,64 GB,Yes,3.9,19990,19990,LG Q6+ ,0,0,80593,Canada
GIONEE,P5L ,Black,1 GB,16 GB,Yes,3.7,3990,3990,GIONEE P5L ,0,0,18111,Germany
SAMSUNG,Galaxy J5 Prime ,Gold,3 GB,32 GB,Yes,4.3,13900,13900,SAMSUNG Galaxy J5 Prime ,0,0,89310,France
Apple,iPhone 6s ,Silver,2 GB,32 GB,Yes,4.5,25299,29900,Apple iPhone 6s ,4601,15.38795987,37267,India
SAMSUNG,Tizen Z3 ,Black,1 GB,8 GB,Yes,3.3,4999,4999,SAMSUNG Tizen Z3 ,0,0,62993,USA
SAMSUNG,Galaxy A50 ,Black,6 GB,64 GB,Yes,4.4,24000,24000,SAMSUNG Galaxy A50 ,0,0,92949,Japan
LG,Candy K9 ,Moroccan Blue,2 GB,16 GB,Yes,4.1,5899,7833,LG Candy K9 ,1934,24.69041236,16911,Germany
ASUS,Zenfone Max Pro M1 ,Blue,4 GB,64 GB,Yes,4.3,15599,15599,ASUS Zenfone Max Pro M1 ,0,0,10207,USA
realme,C21Y ,Cross Black,3 GB,,Yes,,8999,9999,realme C21Y ,1000,10.0010001,97055,Australia
Xiaomi,11i 5G,Stealth Black,6 GB,128 GB,Yes,4.3,24999,29999,Xiaomi 11i 5G,5000,16.66722224,97898,South Korea
realme,8i ,Space Purple,6 GB,128 GB,Yes,,15999,17999,realme 8i ,2000,11.11172843,33420,Brazil
ASUS,Zenfone Go ,Blue,2 GB,32 GB,Yes,3.8,7499,7499,ASUS Zenfone Go ,0,0,60637,Brazil
Apple,iPhone 6s ,Gold,2 GB,128 GB,Yes,4.5,55999,55999,Apple iPhone 6s ,0,0,60016,USA
Nokia,XPlus ,Bright Green,768 MB,4 GB,Yes,3.8,7990,7990,Nokia XPlus ,0,0,64269,Japan
SAMSUNG,Galaxy A21s ,Black,4 GB,64 GB,Yes,4.2,14999,17999,SAMSUNG Galaxy A21s ,3000,16.66759264,97940,Australia
Apple,iPhone 13 ,Starlight,4GB,512 GB,Yes,,109900,109900,Apple iPhone 13 ,0,0,28142,France
ASUS,ZenFone Max M2 ,Black,4 GB,64 GB,Yes,4.3,14999,14999,ASUS ZenFone Max M2 ,0,0,90357,Japan
LG,L60 Dual ,White,512 MB,4 GB,Yes,3.7,8800,8800,LG L60 Dual ,0,0,81911,Canada
ASUS,ZenFone Max Pro M2 ,Blue,3 GB,32 GB,Yes,4.3,15999,15999,ASUS ZenFone Max Pro M2 ,0,0,66045,Brazil
OPPO,F11,Jewelry White,6 GB,128 GB,Yes,4.4,17990,23990,OPPO F11,6000,25.01042101,77215,Canada
SAMSUNG,Galaxy A12 ,White,6 GB,128 GB,Yes,3.9,16499,17999,SAMSUNG Galaxy A12 ,1500,8.333796322,43828,India
OPPO,Reno2 Z,Luminous Black,8 GB,256 GB,Yes,4.5,29489,29489,OPPO Reno2 Z,0,0,65821,UK
Apple,iPhone XR ,Yellow,3 GB,64 GB,Yes,4.6,42999,47900,Apple iPhone XR ,4901,10.23173278,72624,Germany
Apple,iPhone 12 Pro ,Gold,6 GB,256 GB,Yes,4.6,119900,119900,Apple iPhone 12 Pro ,0,0,91735,Australia
SAMSUNG,Galaxy S9 Plus ,Burgundy Red,6 GB,64 GB,Yes,4.5,70000,70000,SAMSUNG Galaxy S9 Plus ,0,0,85451,Japan
OPPO,A5,Diamond Blue,4 GB,32 GB,Yes,4.4,15000,15000,OPPO A5,0,0,32300,Brazil
realme,GT 5G ,Racing Yellow,12 GB,256 GB,Yes,4.3,41999,43999,realme GT 5G ,2000,4.545557854,53586,Canada
vivo,Y20 T,Obsidian Black,6 GB,64 GB,Yes,4.3,15490,19490,vivo Y20 T,4000,20.52334531,74045,South Korea
SAMSUNG,Galaxy A80 ,Angel Gold,8 GB,128 GB,Yes,4.4,28490,33450,SAMSUNG Galaxy A80 ,4960,14.82810164,52558,India
Apple,iPhone 13 Pro Max,Gold,4GB,256 GB,Yes,4.7,139900,139900,Apple iPhone 13 Pro Max,0,0,59081,Germany
SAMSUNG,Galaxy M32 ,Black,6 GB,128 GB,Yes,4.4,16980,18200,SAMSUNG Galaxy M32 ,1220,6.703296703,12694,Germany
SAMSUNG,Galaxy S6 Edge ,White Pearl,3 GB,32 GB,Yes,4,44900,44900,SAMSUNG Galaxy S6 Edge ,0,0,79164,Japan
realme,X ,Garlic,8 GB,128 GB,Yes,4.5,20999,20999,realme X ,0,0,35940,Australia
Apple,iPhone 6s Plus ,Rose Gold,2 GB,128 GB,Yes,4.4,70000,70000,Apple iPhone 6s Plus ,0,0,58926,France
OPPO,F17,Classic Silver,8 GB,128 GB,Yes,4.3,22990,22990,OPPO F17,0,0,52942,South Korea
vivo,V21 5G ,Neon Spark,8 GB,128 GB,Yes,4.3,32990,32990,vivo V21 5G ,0,0,31835,Japan
Motorola,E7 Power ,Coral Red,2 GB,32 GB,Yes,4.1,6999,9999,Motorola E7 Power ,3000,30.0030003,28048,Canada
GIONEE,X1s ,Black,3 GB,16 GB,Yes,4,6475,6475,GIONEE X1s ,0,0,36106,UK
Nokia,C01 Plus ,Blue,2 GB,16 GB,Yes,,6499,6499,Nokia C01 Plus ,0,0,85767,USA
OPPO,A53,Moonlight Black,4 GB,64 GB,Yes,4.5,11990,15990,OPPO A53,4000,25.01563477,25708,France
realme,9i,Prism Blue,6 GB,128 GB,Yes,4.4,15999,17999,realme 9i,2000,11.11172843,31977,Australia
realme,X2 Pro ,Lunar White,12 GB,256 GB,Yes,4.6,35999,35999,realme X2 Pro ,0,0,54263,India
Google Pixel,2 XL ,Just Black,4 GB,128 GB,Yes,4.6,82000,82000,Google Pixel 2 XL ,0,0,33777,France
SAMSUNG,Galaxy S3 Neo ,Black,1.5 GB,16 GB,Yes,4.3,13499,13499,SAMSUNG Galaxy S3 Neo ,0,0,40081,Brazil
LG,W10 ,Smokey Gray,3 GB,32 GB,Yes,3.9,6999,9999,LG W10 ,3000,30.0030003,76843,Australia
SAMSUNG,Galaxy A12 ,White,4 GB,64 GB,Yes,4.2,15999,15999,SAMSUNG Galaxy A12 ,0,0,71374,UK
SAMSUNG,Galaxy A72 ,Awesome White,8 GB,256 GB,Yes,4.3,37999,43999,SAMSUNG Galaxy A72 ,6000,13.63667356,16777,Brazil
SAMSUNG,Galaxy A20 ,Gold,3 GB,32 GB,Yes,4.3,12900,12900,SAMSUNG Galaxy A20 ,0,0,65017,France
OPPO,A54,Crystal Black,4 GB,64 GB,Yes,4.3,14990,14990,OPPO A54,0,0,19475,USA
SAMSUNG,Galaxy A21s ,Black,6 GB,128 GB,Yes,4.2,17499,18999,SAMSUNG Galaxy A21s ,1500,7.895152376,68054,USA
POCO,M2 Pro,Green and Greener,6 GB,128 GB,Yes,4.3,15999,19999,POCO M2 Pro,4000,20.00100005,31960,UK
OPPO,A12,Blue,4 GB,64 GB,Yes,4.4,10490,11990,OPPO A12,1500,12.51042535,15531,Germany
OPPO,A12,Black,4 GB,64 GB,Yes,4.4,10990,10990,OPPO A12,0,0,13749,South Korea
Infinix,Hot 8,Shark Grey,4 GB,64 GB,Yes,4.5,9999,9999,Infinix Hot 8,0,0,23546,India
LG,G6 ,White,4 GB,64 GB,Yes,4.2,24998,49999,LG G6 ,25001,50.00300006,76200,Germany
Apple,iPhone 11 ,White,4GB,256 GB,Yes,4.6,64900,64900,Apple iPhone 11 ,0,0,44767,USA
SAMSUNG,Tizen Z3 ,Silver,1 GB,8 GB,Yes,3.3,4999,8999,SAMSUNG Tizen Z3 ,4000,44.44938326,83531,USA
OPPO,A52,Stream White,6 GB,128 GB,Yes,4.3,16990,19990,OPPO A52,3000,15.00750375,71088,Canada
SAMSUNG,M21 2021 Edition ,Arctic blue,4 GB,64 GB,Yes,4,13224,13899,SAMSUNG M21 2021 Edition ,675,4.856464494,78841,Brazil
Google Pixel,3a XL ,Just Black,4 GB,64 GB,Yes,4.5,44999,44999,Google Pixel 3a XL ,0,0,64385,France
SAMSUNG,Metro 313 Dual Sim,Black,10 MB,2 MB,Yes,4.3,2290,2290,SAMSUNG Metro 313 Dual Sim,0,0,61006,India
OPPO,F3 Plus,Black,6 GB,64 GB,Yes,4.3,22990,22990,OPPO F3 Plus,0,0,56577,UK
realme,1,Diamond Red,3 GB,,Yes,,11900,12990,realme 1,1090,8.391070054,49354,France
ASUS,Zenfone Max Pro M1 ,Blue,6 GB,64 GB,Yes,4.3,17999,17999,ASUS Zenfone Max Pro M1 ,0,0,72004,Canada
Apple,iPhone 7 ,Rose Gold,2 GB,128 GB,Yes,4.5,34900,34900,Apple iPhone 7 ,0,0,93212,USA
SAMSUNG,Galaxy F23 5G,Aqua Blue,4 GB,128 GB,Yes,4,15999,22999,SAMSUNG Galaxy F23 5G,7000,30.43610592,62734,UK
SAMSUNG,Galaxy S20 FE ,Cloud Lavender,8 GB,128 GB,Yes,4,49999,65999,SAMSUNG Galaxy S20 FE ,16000,24.24279156,75319,USA
SAMSUNG,Galaxy S10 Plus ,Prism Blue,8 GB,128 GB,Yes,4.6,59900,59900,SAMSUNG Galaxy S10 Plus ,0,0,99475,India
Lenovo,K9 ,Black,3 GB,32 GB,Yes,4.2,9999,9999,Lenovo K9 ,0,0,33665,Brazil
Xiaomi,Redmi Note 9 Pro ,Glacier White,4 GB,64 GB,Yes,4.3,16488,16999,Xiaomi Redmi Note 9 Pro ,511,3.00605918,77173,France
SAMSUNG,Galaxy M01 ,Black,3 GB,32 GB,Yes,4.2,8780,8780,SAMSUNG Galaxy M01 ,0,0,95617,France
Nokia,5,Silver,3 GB,16 GB,Yes,4.1,7139,7139,Nokia 5,0,0,36737,Germany
Apple,iPhone 11 ,White,4GB,128 GB,Yes,4.6,54900,54900,Apple iPhone 11 ,0,0,10855,UK
Xiaomi,Mi 11 Lite ,Vinyl Black,6 GB,128 GB,Yes,4.3,21999,24999,Xiaomi Mi 11 Lite ,3000,12.00048002,48624,South Korea
Nokia,5310 TA-1212 DS,Black,8 MB,16 MB,Yes,4.2,3740,3740,Nokia 5310 TA-1212 DS,0,0,17393,Canada
Apple,iPhone 13 Pro ,Silver,6 GB,512 GB,Yes,,149900,149900,Apple iPhone 13 Pro ,0,0,65681,South Korea
SAMSUNG,Guru 1200,Black,,2 MB,Yes,4.3,1100,1100,SAMSUNG Guru 1200,0,0,56718,Germany
Infinix,Hot 9,Violet,4 GB,64 GB,Yes,4.4,11999,11999,Infinix Hot 9,0,0,97093,India
SAMSUNG,Galaxy J1 Ace ,Black,512 MB,4 GB,Yes,3.9,4988,4988,SAMSUNG Galaxy J1 Ace ,0,0,60860,Canada
OPPO,F11 Pro,Aurora Green,6 GB,64 GB,Yes,4.5,16890,28990,OPPO F11 Pro,12100,41.73853053,36310,Brazil
Xiaomi,Mi A2 ,Black,4 GB,64 GB,Yes,4.3,11990,12899,Xiaomi Mi A2 ,909,7.047057911,97456,South Korea
OPPO,Neo 7 4G,White,1 GB,16 GB,Yes,3.8,8490,8490,OPPO Neo 7 4G,0,0,73735,Brazil
Apple,iPhone 11 Pro ,Space Grey,4GB,64 GB,Yes,4.6,79999,106600,Apple iPhone 11 Pro ,26601,24.95403377,80468,South Korea
ASUS,Zenfone Selfie ,Gold,2 GB,16 GB,Yes,3.9,15999,15999,ASUS Zenfone Selfie ,0,0,62663,Brazil
OPPO,F15,Lightening Black,8 GB,128 GB,Yes,4.4,18990,22990,OPPO F15,4000,17.39886907,22689,South Korea
vivo,Z1 Pro,Sonic Black,4 GB,64 GB,Yes,4.5,15990,15990,vivo Z1 Pro,0,0,35343,Brazil
Xiaomi,REDMI 9 Power ,Blazing Blue,4 GB,64 GB,Yes,4.4,11499,13999,Xiaomi REDMI 9 Power ,2500,17.85841846,47158,Germany
SAMSUNG,Galaxy A10s ,Black,2 GB,32 GB,Yes,4.4,10000,10000,SAMSUNG Galaxy A10s ,0,0,77864,Australia
GIONEE,P7 Max ,Grey,3 GB,32 GB,Yes,3.9,5950,5950,GIONEE P7 Max ,0,0,62084,Canada
Xiaomi,Redmi Note 5 Pro ,Blue,4 GB,64 GB,Yes,4.4,14999,14999,Xiaomi Redmi Note 5 Pro ,0,0,75734,UK
LG,W30 Plus ,Thunder blue,4 GB,64 GB,Yes,3.8,12950,12950,LG W30 Plus ,0,0,99046,India
Apple,iPhone 11 Pro ,Silver,4GB,64 GB,Yes,4.6,79999,106600,Apple iPhone 11 Pro ,26601,24.95403377,44699,Japan
OPPO,F17 PRO,Gold,8 GB,128 GB,Yes,4.3,21999,21999,OPPO F17 PRO,0,0,90624,USA
Apple,iPhone 13 Mini ,Blue,4 GB,256 GB,Yes,,79900,79900,Apple iPhone 13 Mini ,0,0,32672,UK
realme,X2 ,Pearl White,8 GB,256 GB,Yes,4.5,24999,24999,realme X2 ,0,0,35185,USA
Infinix,Note 10 Pro,Purple,8 GB,256 GB,Yes,4.2,16999,19999,Infinix Note 10 Pro,3000,15.00075004,52108,Canada
realme,Narzo 30A ,Laser Blue,4 GB,,Yes,4.3,10499,10999,realme Narzo 30A ,500,4.545867806,96203,UK
realme,X2 ,Pearl Blue,8 GB,128 GB,Yes,4.5,20999,20999,realme X2 ,0,0,61664,Brazil
realme,GT Neo 2,Neo Blue,12 GB,256 GB,Yes,4.4,35999,38999,realme GT Neo 2,3000,7.692504936,25709,Brazil
Infinix,Hot 10 Play,Obsidian Black,4 GB,64 GB,Yes,4.3,9299,10999,Infinix Hot 10 Play,1700,15.45595054,59812,Japan
Motorola,Z2 Play,Lunar Gray,4 GB,64 GB,Yes,4.4,27999,27999,Motorola Z2 Play,0,0,12812,USA
Xiaomi,Redmi Y3 ,Elegant Blue,3 GB,32 GB,Yes,4.3,9450,9450,Xiaomi Redmi Y3 ,0,0,66251,India
realme,9 Pro 5G,Midnight Black,6 GB,128 GB,Yes,4.4,17999,21999,realme 9 Pro 5G,4000,18.18264467,82083,Canada
vivo,V21 5G ,Dusk Blue,8 GB,256 GB,Yes,4.3,14990,14990,vivo V21 5G ,0,0,44755,Brazil
realme,9 Pro+ 5G,Midnight Black,8 GB,128 GB,Yes,4.4,26999,29999,realme 9 Pro+ 5G,3000,10.00033334,21412,Australia
SAMSUNG,Galaxy A52 ,Awesome Black,6 GB,128 GB,Yes,4.3,27499,30499,SAMSUNG Galaxy A52 ,3000,9.836388078,12912,Germany
ASUS,ZenFone Lite L1 ,Gold,2 GB,16 GB,Yes,4.2,7199,7199,ASUS ZenFone Lite L1 ,0,0,77271,Germany
realme,9 Pro 5G,Aurora Green,8 GB,128 GB,Yes,4.4,20999,23999,realme 9 Pro 5G,3000,12.50052086,93764,South Korea
HTC,Desire 526G Plus,Glacier Blue,1 GB,16 GB,Yes,4,6999,6999,HTC Desire 526G Plus,0,0,18681,India
Apple,iPhone XS Max ,Gold,4 GB,64 GB,Yes,4.6,73999,109900,Apple iPhone XS Max ,35901,32.66696997,94897,Germany
Google Pixel,4a ,Just Black,6 GB,128 GB,Yes,4.5,31999,31999,Google Pixel 4a ,0,0,93880,South Korea
SAMSUNG,On7 Pro ,Gold,2 GB,16 GB,Yes,4.1,5990,9499,SAMSUNG On7 Pro ,3509,36.9407306,81296,USA
realme,Narzo 50A ,Oxygen Green,4 GB,64 GB,Yes,4.3,11499,12999,realme Narzo 50A ,1500,11.53934918,98615,Brazil
vivo,Y20G ,Purist Blue,3 GB,16 GB,Yes,4.3,18990,20990,vivo Y20G ,2000,9.528346832,21112,Brazil
realme,8,Cyber Silver,4 GB,,Yes,4.3,15999,16999,realme 8,1000,5.882698982,47505,Australia
GIONEE,P5L ,Blue,1 GB,16 GB,Yes,3.7,4899,8999,GIONEE P5L ,4100,45.56061785,11803,UK
SAMSUNG,Galaxy S4 Zoom ,White,1.5 GB,8 GB,Yes,3.8,19999,19999,SAMSUNG Galaxy S4 Zoom ,0,0,18156,Germany
Motorola,M,Gold,3 GB,32 GB,Yes,3.9,14999,14999,Motorola M,0,0,83657,USA
Apple,iPhone 13 Pro Max ,Silver,6 GB,256 GB,Yes,,139900,139900,Apple iPhone 13 Pro Max ,0,0,49385,France
SAMSUNG,Sm-B110E/D,Black,,2 MB,Yes,4.1,1599,1599,SAMSUNG Sm-B110E/D,0,0,57255,Germany
Infinix,Note 10,Purple,6 GB,128 GB,Yes,4.2,12499,14999,Infinix Note 10,2500,16.66777785,31919,India
OPPO,A53,Fairy White,4 GB,64 GB,Yes,4.5,13499,13499,OPPO A53,0,0,95982,UK
Xiaomi,Redmi 8 ,Sapphire Blue,4 GB,64 GB,Yes,4.3,10999,10999,Xiaomi Redmi 8 ,0,0,70714,Germany
realme,8,Cyber Black,8 GB,128 GB,Yes,4.3,17999,18999,realme 8,1000,5.263434918,40307,USA
vivo,X50  ,Frost Blue,8 GB,256 GB,Yes,5,44990,44990,vivo X50  ,0,0,26647,Germany
LG,G7 ThinQ ,Black,4 GB,64 GB,Yes,4.4,50000,50000,LG G7 ThinQ ,0,0,56844,India
GIONEE,S11 Lite ,Dark Blue,4 GB,32 GB,Yes,4,8750,8750,GIONEE S11 Lite ,0,0,26372,France
Apple,iPhone 7 Plus ,Rose Gold,3 GB,32 GB,Yes,4.5,36999,37900,Apple iPhone 7 Plus ,901,2.377308707,87372,Canada
GIONEE,Pioneer P3S ,Grey,1 GB,16 GB,Yes,3.8,3990,3990,GIONEE Pioneer P3S ,0,0,12050,Japan
LG,G6 ,Black,4 GB,64 GB,Yes,4.2,22990,55000,LG G6 ,32010,58.2,41617,France
realme,X3 SuperZoom ,Glacier Blue,8 GB,128 GB,Yes,4.3,27999,29999,realme X3 SuperZoom ,2000,6.666888896,30933,South Korea
SAMSUNG,Galaxy J2 Ace ,Gold,1.5 GB,8 GB,Yes,4.1,8090,8090,SAMSUNG Galaxy J2 Ace ,0,0,39856,Germany
Xiaomi,11i Hypercharge 5G,Camo Green,8 GB,128 GB,Yes,4.3,28999,33999,Xiaomi 11i Hypercharge 5G,5000,14.70631489,71435,Brazil
Nokia,106,Black,,2 MB,Yes,3.9,1519,1519,Nokia 106,0,0,82695,Australia
OPPO,K1,Astral Blue,4 GB,64 GB,Yes,4.4,14990,18990,OPPO K1,4000,21.06371775,53017,Brazil
realme,8 Pro ,Infinite Black,8 GB,128 GB,Yes,4.4,19999,21999,realme 8 Pro ,2000,9.091322333,17401,France
SAMSUNG,Metro 313,Black,,2 MB,Yes,4.1,2299,2299,SAMSUNG Metro 313,0,0,52643,Brazil
Nokia,7.2,Ice,6 GB,64 GB,Yes,4.1,20999,20999,Nokia 7.2,0,0,25152,USA
SAMSUNG,Galaxy S5 ,Electric Blue,2 GB,16 GB,Yes,3.9,21999,21999,SAMSUNG Galaxy S5 ,0,0,61408,Brazil
SAMSUNG,Galaxy A03s ,Blue,4 GB,64 GB,Yes,4.2,12499,14499,SAMSUNG Galaxy A03s ,2000,13.79405476,76691,UK
SAMSUNG,Metro 350,Black,32 MB,2 MB,Yes,4.1,2815,2815,SAMSUNG Metro 350,0,0,14500,Canada
POCO,C3 ,Arctic Blue,3 GB,32 GB,Yes,4.3,7999,9999,POCO C3 ,2000,20.0020002,16296,Germany
Nokia,8,Polished Copper,4 GB,64 GB,Yes,4,39000,39000,Nokia 8,0,0,69041,Brazil
Apple,iPhone XS Max ,Space Grey,4 GB,64 GB,Yes,4.6,73999,109900,Apple iPhone XS Max ,35901,32.66696997,22184,India
Apple,iPhone 6s,Silver,2 GB,32 GB,Yes,,29900,29900,Apple iPhone 6s,0,0,39300,Canada
realme,5i ,Aqua Blue,4 GB,64 GB,Yes,4.5,10999,10999,realme 5i ,0,0,22875,Canada
realme,8 Pro ,Infinite Blue,6 GB,,Yes,4.3,17999,19999,realme 8 Pro ,2000,10.00050003,42712,Brazil
ASUS,Zenfone Max ,White,2 GB,16 GB,Yes,4.1,7499,7499,ASUS Zenfone Max ,0,0,15540,Canada
realme,2,Diamond Red,3 GB,32 GB,Yes,4.5,9990,9990,realme 2,0,0,63352,Australia
Xiaomi,Redmi 9A ,Midnight Black,3 GB,32 GB,Yes,4.4,8389,8389,Xiaomi Redmi 9A ,0,0,71268,Brazil
HTC,526G Plus,Fervor Red,1 GB,16 GB,Yes,4,12400,12400,HTC 526G Plus,0,0,58355,USA
Infinix,Hot 10,Ocean Wave,4 GB,64 GB,Yes,4.4,11999,11999,Infinix Hot 10,0,0,12558,France
realme,5 Pro ,Crystal Green,8 GB,128 GB,Yes,4.5,16999,17999,realme 5 Pro ,1000,5.555864215,48361,UK
vivo,V11 Pro,Dazzling Gold,6 GB,64 GB,Yes,4.5,25990,25990,vivo V11 Pro,0,0,92019,Japan
SAMSUNG,Galaxy J1 ,Gold,1 GB,8 GB,Yes,4,7550,7550,SAMSUNG Galaxy J1 ,0,0,12201,South Korea
Google Pixel,3 XL ,Just Black,4 GB,128 GB,Yes,4.6,92000,92000,Google Pixel 3 XL ,0,0,78498,Canada
OPPO,F11 Pro,Aurora Green,6 GB,128 GB,Yes,4.5,17990,29990,OPPO F11 Pro,12000,40.01333778,56976,USA
SAMSUNG,Galaxy A12 ,Blue,6 GB,128 GB,Yes,3.9,16499,17999,SAMSUNG Galaxy A12 ,1500,8.333796322,31358,Germany
OPPO,F11,Marble Green,6 GB,128 GB,Yes,4.4,17990,23990,OPPO F11,6000,25.01042101,87506,Germany
SAMSUNG,Galaxy F62 ,Laser Blue,8 GB,128 GB,Yes,4.3,25999,31999,SAMSUNG Galaxy F62 ,6000,18.75058596,12870,South Korea
ASUS,Zenfone Max Pro M1 ,Blue,3 GB,32 GB,Yes,4.3,13199,13199,ASUS Zenfone Max Pro M1 ,0,0,71136,UK
Apple,iPhone 7 ,Gold,2 GB,32 GB,Yes,4.5,24999,31500,Apple iPhone 7 ,6501,20.63809524,60109,Canada
vivo,Y1s ,Olive Black,6 GB,64 GB,Yes,4.4,28499,34990,vivo Y1s ,6491,18.55101458,48468,Australia
Lenovo,K8 ,Venom Black,3 GB,32 GB,Yes,4.1,7490,11499,Lenovo K8 ,4009,34.86390121,33329,South Korea
Apple,iPhone 13 mini,Green,4GB,512 GB,Yes,4.6,94900,99900,Apple iPhone 13 mini,5000,5.005005005,96832,UK
SAMSUNG,Galaxy A52s 5G ,Awesome White,8 GB,128 GB,Yes,4.5,37499,40999,SAMSUNG Galaxy A52s 5G ,3500,8.53679358,13988,Canada
Xiaomi,Redmi 6A ,Rose Gold,2 GB,32 GB,Yes,4.3,7699,7699,Xiaomi Redmi 6A ,0,0,68872,USA
Xiaomi,Redmi Note 7 Pro ,Neptune Blue,6 GB,64 GB,Yes,4.3,16999,16999,Xiaomi Redmi Note 7 Pro ,0,0,32400,France
vivo,Y90,Black,2 GB,16 GB,Yes,4.4,7990,7990,vivo Y90,0,0,56215,Australia
OPPO,Reno6 5G,Aurora,8 GB,128 GB,Yes,4.3,29990,35990,OPPO Reno6 5G,6000,16.67129758,96417,Japan
realme,Narzo 20 ,Glory Silver,4 GB,64 GB,Yes,4.3,10499,12999,realme Narzo 20 ,2500,19.23224863,80272,Germany
Nokia,107 Dual SIM,Black,4 MB,Expandable Upto 16 GB,Yes,4.2,1900,1900,Nokia 107 Dual SIM,0,0,54065,India
Xiaomi,Redmi Note 6 Pro ,Red,4 GB,64 GB,Yes,4.4,12499,12499,Xiaomi Redmi Note 6 Pro ,0,0,80092,USA
realme,X2 ,Pearl Blue,4 GB,64 GB,Yes,4.5,17999,17999,realme X2 ,0,0,50819,Germany
Apple,iPhone 6s ,Space Grey,2 GB,64 GB,Yes,4.5,49999,49999,Apple iPhone 6s ,0,0,55526,Brazil
Apple,iPhone 11 ,Red,4GB,128 GB,Yes,4.6,54900,54900,Apple iPhone 11 ,0,0,29831,India
Nokia,5.4,Polar Night,4 GB,64 GB,Yes,3.9,12999,16799,Nokia 5.4,3800,22.62039407,27430,Germany
realme,X3 SuperZoom ,Arctic White,8 GB,128 GB,Yes,4.3,27999,29999,realme X3 SuperZoom ,2000,6.666888896,16894,UK
Motorola,C,Pearl White,1 GB,16 GB,Yes,3.9,5499,5499,Motorola C,0,0,89910,Australia
realme,C25 ,Watery Grey,4 GB,64 GB,Yes,4.4,9999,10999,realme C25 ,1000,9.091735612,57334,Germany
realme,6,Comet White,6 GB,,Yes,4.4,14999,17999,realme 6,3000,16.66759264,13437,Japan
Apple,iPhone XR ,Black,3 GB,256 GB,Yes,4.6,91900,91900,Apple iPhone XR ,0,0,84291,France
OPPO,F19,Midnight Blue,6 GB,128 GB,Yes,4.2,19990,20990,OPPO F19,1000,4.764173416,86214,UK
ASUS,ROG ,Black,8 GB,128 GB,Yes,4.3,26499,83999,ASUS ROG ,57500,68.45319587,15896,USA
SAMSUNG,Galaxy J6 ,Gold,3 GB,32 GB,Yes,4.4,12990,12990,SAMSUNG Galaxy J6 ,0,0,29739,USA
Lenovo,A7 ,Blue,4 GB,64 GB,Yes,3.9,7990,9999,Lenovo A7 ,2009,20.0920092,40747,USA
OPPO,A54,Starry Blue,6 GB,128 GB,Yes,4.3,16990,17990,OPPO A54,1000,5.558643691,59378,USA
vivo,Y53s ,Deep Sea Blue,6 GB,64 GB,Yes,4.5,16989,16989,vivo Y53s ,0,0,58405,France
Lenovo,A328 ,Black,1 GB,4 GB,Yes,3.8,7499,7499,Lenovo A328 ,0,0,64046,Germany
Apple,iPhone 11 Pro Max ,Space Grey,4GB,256 GB,Yes,4.7,131900,131900,Apple iPhone 11 Pro Max ,0,0,49791,Canada
GIONEE,F11 ,Black,3 GB,32 GB,Yes,4,6899,6950,GIONEE F11 ,51,0.73381295,15601,Germany
Nokia,6,Tempered Blue,3 GB,32 GB,Yes,3.9,13990,13990,Nokia 6,0,0,50765,Brazil
vivo,Y1S ,Aurora Blue,4 GB,32 GB,Yes,4.4,22654,22654,vivo Y1S ,0,0,84544,Australia
Infinix,Note 11 ,Celestial Snow,6 GB,128 GB,Yes,4.5,14499,16999,Infinix Note 11 ,2500,14.70674746,55715,India
realme,C20 ,Cool Grey,2 GB,32 GB,Yes,4.4,7499,7999,realme C20 ,500,6.250781348,66836,Canada
Apple,iPhone 6s ,Rose Gold,2 GB,16 GB,Yes,4.5,31999,31999,Apple iPhone 6s ,0,0,83745,Canada
Xiaomi,Redmi 9 ,Sky Blue,4 GB,64 GB,Yes,4.4,10121,10121,Xiaomi Redmi 9 ,0,0,66492,Germany
OPPO,A31,Fantasy White,6 GB,128 GB,Yes,4.3,13899,13899,OPPO A31,0,0,28590,Canada
Xiaomi,Redmi 9A ,Midnight Black,2 GB,32 GB,Yes,4.5,7589,7589,Xiaomi Redmi 9A ,0,0,53485,South Korea
LG,Q6 ,Platinum,3 GB,32 GB,Yes,4,16990,16990,LG Q6 ,0,0,92990,South Korea
Apple,iPhone 13 Pro Max ,Gold,6 GB,1 TB,Yes,,179900,179900,Apple iPhone 13 Pro Max ,0,0,46213,Brazil
SAMSUNG,Galaxy A30s ,Prism Crush White,4 GB,128 GB,Yes,4.3,19900,19900,SAMSUNG Galaxy A30s ,0,0,53526,India
HTC,U11,Solar Red,6 GB,128 GB,Yes,4.6,53990,53990,HTC U11,0,0,57203,Japan
Infinix,Smart 5,Aegean Blue,2 GB,32 GB,Yes,4.3,7499,8999,Infinix Smart 5,1500,16.66851872,42636,France
Motorola,G30 ,Dark Pearl,4 GB,64 GB,Yes,4.1,10999,14999,Motorola G30 ,4000,26.66844456,73209,Germany
POCO,M2  ,Brick Red,6 GB,128 GB,Yes,4.4,11499,14999,POCO M2  ,3500,23.33488899,43829,France
SAMSUNG,Galaxy J2 Core ,Blue,1 GB,16 GB,Yes,4.2,6999,6999,SAMSUNG Galaxy J2 Core ,0,0,28712,Japan
SAMSUNG,Galaxy S20+ ,Cosmic Black,8 GB,128 GB,Yes,4.4,54999,83000,SAMSUNG Galaxy S20+ ,28001,33.73614458,13421,Germany
Apple,iPhone 13 Mini ,Midnight,4 GB,256 GB,Yes,,79900,79900,Apple iPhone 13 Mini ,0,0,10302,Germany
SAMSUNG,Galaxy M42 ,Prism Dot Black,8 GB,128 GB,Yes,4.3,29998,29998,SAMSUNG Galaxy M42 ,0,0,55237,India
HTC,620G,Santorini White,1 GB,8 GB,Yes,3.9,7999,7999,HTC 620G,0,0,76236,France
GIONEE,M7 Power ,Blue,4 GB,64 GB,Yes,4.1,9250,9250,GIONEE M7 Power ,0,0,64241,South Korea
OPPO,K1,Astral Blue,6 GB,64 GB,Yes,4.3,13990,20990,OPPO K1,7000,33.34921391,75727,USA
Motorola,G40 Fusion ,Frosted Champagne,6 GB,128 GB,Yes,4.3,16499,19999,Motorola G40 Fusion ,3500,17.50087504,20493,France
Motorola,Edge 20 Fusion ,Cyber Teal,6 GB,128 GB,Yes,3.9,21499,24999,Motorola Edge 20 Fusion ,3500,14.00056002,16103,Australia
Nokia,C01 Plus ,Blue,2 GB,16 GB,Yes,,6499,6499,Nokia C01 Plus ,0,0,60337,Australia
Apple,iPhone 12 Pro Max ,Gold,,128 GB,Yes,4.6,119900,119900,Apple iPhone 12 Pro Max ,0,0,95315,Germany
Apple,iPhone 12 Pro Max ,Graphite,,512 GB,Yes,4.6,149900,149900,Apple iPhone 12 Pro Max ,0,0,36642,USA
Motorola,C Plus,Starry Black,2 GB,16 GB,Yes,4.2,6999,6999,Motorola C Plus,0,0,44585,UK
ASUS,Zenfone Max ,Black,2 GB,16 GB,Yes,4.1,6990,6990,ASUS Zenfone Max ,0,0,42746,Japan
OPPO,K1,Piano Black,6 GB,64 GB,Yes,4.3,13990,20990,OPPO K1,7000,33.34921391,33094,Brazil
OPPO,A16k,Black,3 GB,32 GB,Yes,4.1,10490,10490,OPPO A16k,0,0,76106,USA
Apple,iPhone 13 Mini ,Midnight,4 GB,128 GB,Yes,,69900,69900,Apple iPhone 13 Mini ,0,0,61886,Brazil
SAMSUNG,Galaxy A50s ,Prism Crush Violet,6 GB,128 GB,Yes,4.3,21099,26900,SAMSUNG Galaxy A50s ,5801,21.56505576,46632,France
Xiaomi,Redmi 6 Pro ,Lake Blue,4 GB,64 GB,Yes,4.4,11999,11999,Xiaomi Redmi 6 Pro ,0,0,82992,France
Nokia,Asha 206,Black,32 MB,64 MB,Yes,3.8,2790,2790,Nokia Asha 206,0,0,14015,Brazil
Apple,iPhone 12 Pro ,Pacific Blue,6 GB,256 GB,Yes,4.6,119900,119900,Apple iPhone 12 Pro ,0,0,21094,Japan
SAMSUNG,Galaxy F62 ,Laser Blue,6 GB,128 GB,Yes,4.2,23999,29999,SAMSUNG Galaxy F62 ,6000,20.00066669,28071,USA
Lenovo,A7000 ,White,2 GB,8 GB,Yes,4,8999,8999,Lenovo A7000 ,0,0,45778,UK
Xiaomi,REDMI Note 10S ,Cosmic Purple,6 GB,128 GB,Yes,4.4,17765,17765,Xiaomi REDMI Note 10S ,0,0,66959,Germany
Apple,iPhone 7 Plus ,Gold,3 GB,32 GB,Yes,4.5,36999,37900,Apple iPhone 7 Plus ,901,2.377308707,92075,India
SAMSUNG,Galaxy S6 ,Gold Platinum,3 GB,32 GB,Yes,4,33900,33900,SAMSUNG Galaxy S6 ,0,0,20730,France
realme,5 Pro ,Chroma White,6 GB,64 GB,Yes,4.5,14999,15999,realme 5 Pro ,1000,6.250390649,55018,Australia
SAMSUNG,Galaxy J4 Plus ,Gold,2 GB,32 GB,Yes,4.3,9499,9499,SAMSUNG Galaxy J4 Plus ,0,0,76321,Japan
Xiaomi,11 Lite NE,Tuscany Coral,8 GB,128 GB,Yes,4.4,23999,23999,Xiaomi 11 Lite NE,0,0,37752,India
SAMSUNG,Galaxy Z Flip3 5G ,Phantom Black,8 GB,128 GB,Yes,4.3,84999,95999,SAMSUNG Galaxy Z Flip3 5G ,11000,11.45845269,88070,UK
Infinix,Hot S3,Blush Gold,3 GB,32 GB,Yes,4.2,9999,9999,Infinix Hot S3,0,0,64749,Canada
POCO,C3 ,Matte Black,3 GB,32 GB,Yes,4.3,7999,9999,POCO C3 ,2000,20.0020002,15802,Germany
Apple,iPhone 8 ,Gold,2 GB,64 GB,Yes,4.5,38999,39900,Apple iPhone 8 ,901,2.258145363,29191,France
ASUS,Zenfone Go ,Gold,1 GB,8 GB,Yes,3.8,5699,5699,ASUS Zenfone Go ,0,0,59690,Germany
OPPO,A3s,Purple,3 GB,32 GB,Yes,4.3,12990,12990,OPPO A3s,0,0,60994,India
SAMSUNG,Galaxy A30s ,Prism Crush White,4 GB,64 GB,Yes,4.3,15899,18900,SAMSUNG Galaxy A30s ,3001,15.87830688,39593,Germany
SAMSUNG,Guru Music 2 SM-B310E,Black,,Expandable Upto 16 GB,Yes,4.2,1890,1890,SAMSUNG Guru Music 2 SM-B310E,0,0,20648,Canada
Apple,iPhone 12 ,Red,4GB,256 GB,Yes,4.6,78999,94900,Apple iPhone 12 ,15901,16.75553214,18717,India
realme,Narzo 30 ,Racing Silver,4 GB,64 GB,Yes,4.3,13499,14999,realme Narzo 30 ,1500,10.00066671,98892,France
realme,C15 ,Power Silver,4 GB,,Yes,4.4,10999,12999,realme C15 ,2000,15.38579891,97546,USA
Nokia,3310 DS 2020,Black,16 MB,Expandable Upto 32 GB,Yes,3.8,3886,3886,Nokia 3310 DS 2020,0,0,99913,Australia
Nokia,125 TA-1253 DS,Black,4 MB,4 MB,Yes,3.9,2142,2192,Nokia 125 TA-1253 DS,50,2.281021898,80317,India
SAMSUNG,Galaxy A52 ,Awesome White,6 GB,128 GB,Yes,4.3,27499,30499,SAMSUNG Galaxy A52 ,3000,9.836388078,12369,South Korea
ASUS,ZenFone Max M2 ,Blue,3 GB,32 GB,Yes,4.3,12999,12999,ASUS ZenFone Max M2 ,0,0,87576,Canada
GIONEE,A1 ,Gold,4 GB,64 GB,Yes,4,7675,8999,GIONEE A1 ,1324,14.71274586,16656,India
OPPO,K3,Jade Black,8 GB,128 GB,Yes,4.2,30994,30994,OPPO K3,0,0,80032,India
POCO,C31,Royal Blue,4 GB,64 GB,Yes,4.4,8999,11999,POCO C31,3000,25.00208351,86430,South Korea
Nokia,225,Black,,Expandable Upto 32 GB,Yes,3.6,3499,3499,Nokia 225,0,0,97923,France
SAMSUNG,Galaxy A32 ,Awesome Violet,6 GB,128 GB,Yes,4.1,21999,24999,SAMSUNG Galaxy A32 ,3000,12.00048002,65767,India
vivo,Y21T,Midnight Blue,4 GB,128 GB,Yes,4.1,16490,19990,vivo Y21T,3500,17.50875438,23404,Australia
realme,6 Pro ,Lightning Red,6 GB,128 GB,Yes,4.4,18999,18999,realme 6 Pro ,0,0,42098,Germany
Infinix,S5 Pro,Violet,4 GB,64 GB,Yes,4.4,12999,12999,Infinix S5 Pro,0,0,88658,France
ASUS,Zenfone Selfie ,White,3 GB,16 GB,Yes,4,13999,13999,ASUS Zenfone Selfie ,0,0,20967,Australia
OPPO,A9,Fluorite Purple,4 GB,128 GB,Yes,4.4,12990,16990,OPPO A9,4000,23.54326074,62922,France
realme,Narzo 30 Pro 5G ,Blade Silver,6 GB,64 GB,Yes,4.3,16999,18999,realme Narzo 30 Pro 5G ,2000,10.52686984,59727,Australia
Infinix,S5 ,Violet,4 GB,64 GB,Yes,4.3,10999,10999,Infinix S5 ,0,0,60301,Canada
Motorola,One Action ,Pearl White,4 GB,128 GB,Yes,4.2,10999,16999,Motorola One Action ,6000,35.29619389,32678,Australia
Xiaomi,11 Lite NE,Vinyl Black,6 GB,128 GB,Yes,4.3,25990,25990,Xiaomi 11 Lite NE,0,0,65610,Brazil
ASUS,ROG Phone 5 ,White,8 GB,128 GB,Yes,4.3,49999,55999,ASUS ROG Phone 5 ,6000,10.71447704,66662,Australia
Motorola,One Power ,Black,4 GB,64 GB,Yes,4.3,18999,18999,Motorola One Power ,0,0,41025,USA
realme,1,Diamond Black,6 GB,128 GB,Yes,4.3,10999,14990,realme 1,3991,26.62441628,80314,USA
ASUS,ROG Phone II ,Black,12 GB,512 GB,Yes,4.6,62999,62999,ASUS ROG Phone II ,0,0,63007,Japan
Apple,iPhone 12 Pro ,Graphite,6 GB,256 GB,Yes,4.6,119900,119900,Apple iPhone 12 Pro ,0,0,25339,Brazil
GIONEE,P2S ,Black,512 MB,4 GB,Yes,3.6,2450,2450,GIONEE P2S ,0,0,78028,Brazil
Lenovo,Vibe K5 Note ,Gold,3 GB,32 GB,Yes,4.1,10999,10999,Lenovo Vibe K5 Note ,0,0,90136,Germany
Apple,iPhone XS ,Space Grey,4 GB,512 GB,Yes,4.7,134900,134900,Apple iPhone XS ,0,0,29509,Brazil
Nokia,8.1,Blue,4 GB,64 GB,Yes,4.3,28831,28831,Nokia 8.1,0,0,13052,Germany
OPPO,A52,Stream White,4 GB,128 GB,Yes,4.4,14990,17990,OPPO A52,3000,16.67593107,58748,Japan
SAMSUNG,Galaxy A32 ,Awesome White,6 GB,128 GB,Yes,4.1,21999,24999,SAMSUNG Galaxy A32 ,3000,12.00048002,97143,Japan
Infinix,Hot 10 Play,Morandi Green,4 GB,64 GB,Yes,4.3,9299,10999,Infinix Hot 10 Play,1700,15.45595054,97236,Canada
Xiaomi,Mi 11X ,Lunar White,6 GB,128 GB,Yes,4.3,24338,25989,Xiaomi Mi 11X ,1651,6.352687676,64022,USA
Xiaomi,Mi 11X Pro 5G ,Lunar White,8 GB,256 GB,Yes,4.4,38999,38999,Xiaomi Mi 11X Pro 5G ,0,0,76413,Australia
SAMSUNG,Galaxy A21s ,Blue,4 GB,64 GB,Yes,4.2,14999,17999,SAMSUNG Galaxy A21s ,3000,16.66759264,68336,Australia
Apple,iPhone 8 Plus ,Space Grey,3 GB,64 GB,Yes,4.6,49900,49900,Apple iPhone 8 Plus ,0,0,66180,South Korea
SAMSUNG,Galaxy M20 ,Charcoal Black,4 GB,64 GB,Yes,4.3,11990,12250,SAMSUNG Galaxy M20 ,260,2.12244898,42094,South Korea
realme,9 5G SE,Azure Glow,8 GB,128 GB,Yes,4.5,22999,26999,realme 9 5G SE,4000,14.81536353,79679,UK
SAMSUNG,Galaxy S20 ,Cloud Pink,8 GB,128 GB,Yes,4.3,74000,74000,SAMSUNG Galaxy S20 ,0,0,90739,France
OPPO,A54,Moonlight Gold,6 GB,128 GB,Yes,4.3,16990,17990,OPPO A54,1000,5.558643691,49735,Canada
SAMSUNG,M02s ,Blue,3 GB,32 GB,Yes,4.2,9539,10389,SAMSUNG M02s ,850,8.181730677,82616,UK
realme,C25s ,Watery Blue,4 GB,64 GB,Yes,4.4,10999,10999,realme C25s ,0,0,83524,UK
Nokia,5310ds,Black,8 MB,16 MB,Yes,4.1,3429,3445,Nokia 5310ds,16,0.464441219,27020,India
Apple,iPhone XS Max ,Silver,4 GB,256 GB,Yes,4.6,78999,124900,Apple iPhone XS Max ,45901,36.75020016,93614,India
OPPO,A71k,Gold,3 GB,16 GB,Yes,4.4,10990,10990,OPPO A71k,0,0,96673,UK
SAMSUNG,Galaxy S Duos 2 ,Pure White,512 MB,4 GB,Yes,4,5999,5999,SAMSUNG Galaxy S Duos 2 ,0,0,83848,Brazil
LG,W10 Alpha ,Black,3 GB,32 GB,Yes,3.7,7299,7299,LG W10 Alpha ,0,0,92751,France
LG,Optimus L5 II ,Black,512 MB,4 GB,Yes,4.5,10199,10199,LG Optimus L5 II ,0,0,89635,Canada
Apple,iPhone 11 Pro ,Space Grey,4GB,256 GB,Yes,4.6,79999,106600,Apple iPhone 11 Pro ,26601,24.95403377,38252,UK
ASUS,ZenFone Max Pro M2 ,Titanium,4 GB,64 GB,Yes,4.3,17999,17999,ASUS ZenFone Max Pro M2 ,0,0,35946,Australia
Nokia,6.1,Gold,3 GB,32 GB,Yes,4.2,17979,17979,Nokia 6.1,0,0,42218,France
realme,3i ,Diamond Blue,4 GB,64 GB,Yes,4.4,10499,10999,realme 3i ,500,4.545867806,18309,India
GIONEE,M7 Power ,Blue,4 GB,64 GB,Yes,4.1,7999,7999,GIONEE M7 Power ,0,0,15950,Australia
Apple,iPhone 6s ,Space Grey,2 GB,32 GB,Yes,4.5,25299,29900,Apple iPhone 6s ,4601,15.38795987,61991,India
Apple,iPhone 11 ,Black,4GB,128 GB,Yes,4.6,54900,54900,Apple iPhone 11 ,0,0,11151,India
Apple,iPhone XR ,Blue,3 GB,64 GB,Yes,4.6,42999,47900,Apple iPhone XR ,4901,10.23173278,99481,France
Nokia,7.1,Steel,4 GB,64 GB,Yes,4.1,12998,12998,Nokia 7.1,0,0,84741,India
ASUS,Zenfone Selfie ,White,2 GB,16 GB,Yes,3.9,15999,15999,ASUS Zenfone Selfie ,0,0,76618,Japan
POCO,F1,Steel Blue,8 GB,256 GB,Yes,4.5,30999,30999,POCO F1,0,0,26897,USA
realme,C11 2021 ,Cool Blue,4 GB,64 GB,Yes,4.2,8799,9999,realme C11 2021 ,1200,12.00120012,56176,Japan
Infinix,Smart 4,Violet,2 GB,32 GB,Yes,4.4,8999,8999,Infinix Smart 4,0,0,17806,USA
Apple,iPhone 12 Pro ,Gold,6 GB,512 GB,Yes,4.6,139900,139900,Apple iPhone 12 Pro ,0,0,15238,South Korea
OPPO,F5,Red,6 GB,64 GB,Yes,4.4,24990,24990,OPPO F5,0,0,30057,South Korea
realme,Narzo 30 ,Racing Blue,4 GB,64 GB,Yes,4.3,13499,14999,realme Narzo 30 ,1500,10.00066671,55544,India
OPPO,Reno6 Pro 5G,Stellar Black,12 GB,256 GB,Yes,4.4,39990,46990,OPPO Reno6 Pro 5G,7000,14.89678655,66557,Canada
Apple,iPhone 12 Pro ,Graphite,6 GB,128 GB,Yes,4.6,109900,109900,Apple iPhone 12 Pro ,0,0,13344,Canada
SAMSUNG,Galaxy S21 ,Phantom White,8 GB,256 GB,Yes,4.3,73999,87999,SAMSUNG Galaxy S21 ,14000,15.9092717,23501,USA
Xiaomi,Redmi 8A Dual ,Sea Blue,3 GB,64 GB,Yes,4.4,9499,9499,Xiaomi Redmi 8A Dual ,0,0,63223,Australia
SAMSUNG,Galaxy S4 Mini ,White Frost,1.5 GB,8 GB,Yes,3.8,20400,20400,SAMSUNG Galaxy S4 Mini ,0,0,39376,France
Infinix,Hot 4 Pro,Magic Gold,3 GB,16 GB,Yes,4,7499,7499,Infinix Hot 4 Pro,0,0,19663,India
Apple,iPhone 6s Plus ,Rose Gold,2 GB,16 GB,Yes,4.4,49999,49999,Apple iPhone 6s Plus ,0,0,26965,France
SAMSUNG,Galaxy A6 ,Blue,4 GB,64 GB,Yes,4.3,16990,16990,SAMSUNG Galaxy A6 ,0,0,69639,Japan
SAMSUNG,Galaxy A22 ,Black,6 GB,128 GB,Yes,4.3,17578,19499,SAMSUNG Galaxy A22 ,1921,9.851787271,83667,Canada
SAMSUNG,Galaxy Note 5 ,Silver Titanium,4 GB,32 GB,Yes,3.9,38900,38900,SAMSUNG Galaxy Note 5 ,0,0,95068,Brazil
SAMSUNG,Galaxy A50 ,White,6 GB,64 GB,Yes,4.4,24000,24000,SAMSUNG Galaxy A50 ,0,0,77216,Japan
Nokia,5.1,Black,3 GB,32 GB,Yes,4,7899,7899,Nokia 5.1,0,0,79043,Japan
SAMSUNG,Galaxy M31 ,Space Black,6 GB,64 GB,Yes,4.3,16299,16299,SAMSUNG Galaxy M31 ,0,0,23285,USA
SAMSUNG,Galaxy S Duos 3 ,Ceramic White,512 MB,4 GB,Yes,4,6048,6048,SAMSUNG Galaxy S Duos 3 ,0,0,82790,Germany
Xiaomi,Redmi 9 ,Carbon Black,4 GB,64 GB,Yes,4.2,10070,10129,Xiaomi Redmi 9 ,59,0.582485931,94665,Japan
SAMSUNG,Galaxy S10 Lite ,Prism Blue,8 GB,128 GB,Yes,4.5,40999,43999,SAMSUNG Galaxy S10 Lite ,3000,6.81833678,71390,India
Infinix,Hot 7 Pro,Mocha Brown,6 GB,64 GB,Yes,4.2,10999,10999,Infinix Hot 7 Pro,0,0,19436,UK
POCO,X3 Pro ,Steel Blue,6 GB,128 GB,Yes,4.4,18999,23999,POCO X3 Pro ,5000,20.83420143,64341,UK
HTC,U11,Sapphire Blue,6 GB,128 GB,Yes,4.6,53990,53990,HTC U11,0,0,54079,India
POCO,M4 Pro 5G,Yellow,6 GB,128 GB,Yes,4.4,16999,19999,POCO M4 Pro 5G,3000,15.00075004,88833,Germany
Xiaomi,11 Lite NE,Diamond Dazzle,8 GB,128 GB,Yes,4.4,27999,27999,Xiaomi 11 Lite NE,0,0,61294,Germany
Apple,iPhone 13 Mini ,Midnight,6 GB,512 GB,Yes,,99900,99900,Apple iPhone 13 Mini ,0,0,88782,USA
GIONEE,Elife S7 ,Black,2 GB,16 GB,Yes,4.1,15999,15999,GIONEE Elife S7 ,0,0,70404,Canada
SAMSUNG,Galaxy S21 ,Phantom Gray,8 GB,128 GB,Yes,4.3,69999,83999,SAMSUNG Galaxy S21 ,14000,16.66686508,39125,France
LG,G Pro 2 ,Titan,3 GB,16 GB,Yes,4.5,42021,42021,LG G Pro 2 ,0,0,53920,Germany
SAMSUNG,Galaxy M31 ,Space Black,8 GB,128 GB,Yes,4.3,19990,19990,SAMSUNG Galaxy M31 ,0,0,45248,Brazil
Apple,iPhone 12 ,Blue,4GB,64 GB,Yes,4.6,63999,65900,Apple iPhone 12 ,1901,2.884673748,72753,USA
SAMSUNG,Guru FM Plus,Black,,2 MB,Yes,4.2,1435,1435,SAMSUNG Guru FM Plus,0,0,66574,South Korea
GIONEE,L700,Black,8 MB,16 MB,Yes,3.9,1890,1890,GIONEE L700,0,0,69102,Australia
Lenovo,A7000 Turbo ,Black,2 GB,16 GB,Yes,3.8,5999,5999,Lenovo A7000 Turbo ,0,0,36647,South Korea
Lenovo,P2 ,Grey,3 GB,32 GB,Yes,4.3,16999,16999,Lenovo P2 ,0,0,33050,USA
Lenovo,K3 Note ,Yellow,2 GB,16 GB,Yes,4,7999,7999,Lenovo K3 Note ,0,0,89606,Japan
realme,Narzo 20 Pro ,White Knight,8 GB,128 GB,Yes,4.3,16999,18999,realme Narzo 20 Pro ,2000,10.52686984,78386,France
vivo,Y11 ,Agate Red,4 GB,64 GB,Yes,4.4,16990,20990,vivo Y11 ,4000,19.05669366,50159,Australia
SAMSUNG,Galaxy A50s ,Prism Crush Violet,4 GB,128 GB,Yes,4.3,14999,24900,SAMSUNG Galaxy A50s ,9901,39.76305221,75418,South Korea
SAMSUNG,Galaxy J7 Prime 2 ,Black,3 GB,32 GB,Yes,4.3,14990,14990,SAMSUNG Galaxy J7 Prime 2 ,0,0,33290,Australia
OPPO,Reno 10x Zoom,Ocean Green,8 GB,256 GB,Yes,4.4,41990,55990,OPPO Reno 10x Zoom,14000,25.00446508,19824,Brazil
HTC,10,Topaz Gold,4 GB,32 GB,Yes,4.2,56690,56690,HTC 10,0,0,70161,Brazil
Apple,iPhone 6s ,Silver,2 GB,64 GB,Yes,4.5,49999,49999,Apple iPhone 6s ,0,0,51976,Brazil
SAMSUNG,Galaxy A5 ,Black,2 GB,16 GB,Yes,4.1,14490,14490,SAMSUNG Galaxy A5 ,0,0,19541,USA
Apple,iPhone 6s ,Gold,2 GB,32 GB,Yes,4.5,25299,29900,Apple iPhone 6s ,4601,15.38795987,26365,France
Apple,iPhone SE ,Black,2 GB,128 GB,Yes,4.5,44900,44900,Apple iPhone SE ,0,0,14612,USA
Apple,iPhone 12 Pro Max ,Silver,,128 GB,Yes,4.6,119900,119900,Apple iPhone 12 Pro Max ,0,0,37664,UK
Lenovo,A5 ,Gold,2 GB,16 GB,Yes,4.1,6999,6999,Lenovo A5 ,0,0,61992,Japan
Apple,iPhone 13 Pro Max ,Graphite,6 GB,256 GB,Yes,,139900,139900,Apple iPhone 13 Pro Max ,0,0,67680,Japan
Infinix,Hot 6 Pro,City Blue,3 GB,32 GB,Yes,4.3,8999,8999,Infinix Hot 6 Pro,0,0,40978,Brazil
Nokia,6310,Black,16 MB,8 MB,Yes,,4400,4400,Nokia 6310,0,0,59116,UK
GIONEE,P5_W ,Blue,1 GB,16 GB,Yes,3.8,4190,7238,GIONEE P5_W ,3048,42.11108041,98224,Germany
POCO,C3 ,Lime Green,3 GB,32 GB,Yes,4.3,7999,9999,POCO C3 ,2000,20.0020002,70891,Germany
SAMSUNG,Galaxy S10 ,Prism White,8 GB,128 GB,Yes,4.6,39999,71000,SAMSUNG Galaxy S10 ,31001,43.66338028,76388,Brazil
Apple,iPhone 13 Mini ,Red,4 GB,128 GB,Yes,,69900,69900,Apple iPhone 13 Mini ,0,0,28072,South Korea
Nokia,215 4G DS,Black,64 MB,128 MB,Yes,3.6,3220,3220,Nokia 215 4G DS,0,0,69276,USA
realme,8i ,Space Black,4 GB,64 GB,Yes,,13999,15999,realme 8i ,2000,12.5007813,82370,Brazil
SAMSUNG,Galaxy S7 ,Black Onyx,4 GB,32 GB,Yes,4.4,24999,24999,SAMSUNG Galaxy S7 ,0,0,21939,Canada
Nokia,TA-1174 / TA-1299,Black,4 MB,4 MB,Yes,4.2,1149,1149,Nokia TA-1174 / TA-1299,0,0,45196,Australia
POCO,F1,Steel Blue,6 GB,128 GB,Yes,,24999,24999,POCO F1,0,0,14001,Japan
Apple,iPhone XR ,Coral,3 GB,128 GB,Yes,4.6,47999,52900,Apple iPhone XR ,4901,9.264650284,80589,Germany
realme,C12 ,Power Silver,4 GB,64 GB,Yes,4.4,10999,10999,realme C12 ,0,0,48305,India
Nokia,C3 ,Nordic Blue,2 GB,16 GB,Yes,3.7,7290,7290,Nokia C3 ,0,0,79450,Germany
SAMSUNG,Galaxy J5 Prime ,Black,2 GB,16 GB,Yes,4,14500,14500,SAMSUNG Galaxy J5 Prime ,0,0,92987,Japan
Nokia,C20 Plus ,Blue,3 GB,32 GB,Yes,3.8,9999,11099,Nokia C20 Plus ,1100,9.910802775,99644,Australia
Xiaomi,Redmi 8A ,Sunset Red,2 GB,32 GB,Yes,4.2,7999,7999,Xiaomi Redmi 8A ,0,0,30765,Japan
Infinix,Hot 10,Moonlight Jade,6 GB,128 GB,Yes,4.3,13999,13999,Infinix Hot 10,0,0,96028,India
Infinix,Hot 10 Play,Aegean Blue,3 GB,32 GB,Yes,4.3,8299,9999,Infinix Hot 10 Play,1700,17.00170017,48495,Brazil
SAMSUNG,Galaxy M12 ,White,6 GB,128 GB,Yes,4.2,14490,14999,SAMSUNG Galaxy M12 ,509,3.393559571,13374,UK
ASUS,Zenfone Go 5.0 LTE 2nd Gen ,Gold,2 GB,16 GB,Yes,3.6,5840,5840,ASUS Zenfone Go 5.0 LTE 2nd Gen ,0,0,22162,India
POCO,M2 Pro,Two shades of black,4 GB,64 GB,Yes,4.4,13999,17999,POCO M2 Pro,4000,22.22345686,37351,Japan
ASUS,Zenfone Selfie ,Red,3 GB,32 GB,Yes,4,11999,11999,ASUS Zenfone Selfie ,0,0,35352,Japan
vivo,Y75 5G,Glowing Galaxy,8 GB,128 GB,Yes,4.3,22490,22490,vivo Y75 5G,0,0,98669,Canada
Xiaomi,11i 5G,Pacific Pearl,6 GB,128 GB,Yes,4.3,24999,29999,Xiaomi 11i 5G,5000,16.66722224,25306,Canada
Xiaomi,Redmi Y2 ,Rose Gold,3 GB,32 GB,Yes,4.3,9999,9999,Xiaomi Redmi Y2 ,0,0,85354,France
OPPO,A5s,Black,3 GB,32 GB,Yes,4.4,9490,12990,OPPO A5s,3500,26.94380293,86798,Canada
Nokia,7.2,Charcoal,4 GB,64 GB,Yes,4.1,19999,19999,Nokia 7.2,0,0,75954,USA
SAMSUNG,Galaxy S20 FE ,Cloud Mint,8 GB,128 GB,Yes,4,49999,65999,SAMSUNG Galaxy S20 FE ,16000,24.24279156,67459,UK
SAMSUNG,Galaxy Ace NXT ,Black,512 MB,4 GB,Yes,3.8,5795,5795,SAMSUNG Galaxy Ace NXT ,0,0,30359,Australia
GIONEE,S6 ,Silver,3 GB,32 GB,Yes,3.8,7999,7999,GIONEE S6 ,0,0,13268,India
LG,Wing ,Aurora Gray,8 GB,128 GB,Yes,4.2,29999,80000,LG Wing ,50001,62.50125,92746,Japan
Lenovo,Sisley S60 ,Grey,2 GB,8 GB,Yes,3.5,6980,6980,Lenovo Sisley S60 ,0,0,99589,France
ASUS,Zenfone 4 Selfie ,Black,3 GB,32 GB,Yes,4.1,10999,10999,ASUS Zenfone 4 Selfie ,0,0,48514,France
Infinix,Hot 10,Moonlight Jade,4 GB,64 GB,Yes,4.4,11999,11999,Infinix Hot 10,0,0,36093,Australia
realme,9 5G SE,Starry Glow,6 GB,128 GB,Yes,4.5,19999,24999,realme 9 5G SE,5000,20.00080003,21339,UK
Nokia,6.1 Plus ,White,4 GB,64 GB,Yes,4.3,18599,18599,Nokia 6.1 Plus ,0,0,10413,India
SAMSUNG,Galaxy J7 Prime ,Black,3 GB,32 GB,Yes,4.2,15300,15300,SAMSUNG Galaxy J7 Prime ,0,0,17544,Germany
Motorola,G30 ,Pastel Sky,4 GB,64 GB,Yes,4.1,10999,14999,Motorola G30 ,4000,26.66844456,43497,Canada
Nokia,G10 ,Night | Dark Blue,4 GB,64 GB,Yes,,12149,12149,Nokia G10 ,0,0,70693,Brazil
Apple,iPhone XR ,Red,3 GB,64 GB,Yes,4.6,42999,47900,Apple iPhone XR ,4901,10.23173278,99085,France
Xiaomi,Y11T Pro,Celestial Magic,8 GB,256 GB,Yes,4.3,42999,42999,Xiaomi Y11T Pro,0,0,54426,Canada
realme,X ,Super Polar White,8 GB,128 GB,Yes,4.5,21999,21999,realme X ,0,0,48757,Canada
SAMSUNG,Galaxy F02s ,Diamond Black,4 GB,64 GB,Yes,4.2,10499,11499,SAMSUNG Galaxy F02s ,1000,8.696408383,28889,USA
HTC,One M8 ,Silver,2 GB,16 GB,Yes,4.4,59900,59900,HTC One M8 ,0,0,45736,UK
vivo,V21 5G ,Arctic White,8 GB,256 GB,Yes,4.3,14990,14990,vivo V21 5G ,0,0,57296,Brazil
GIONEE,S11 Lite ,Gold,4 GB,32 GB,Yes,4,15490,15490,GIONEE S11 Lite ,0,0,93043,Germany
OPPO,Reno3 Pro,Auroral Blue,8 GB,256 GB,Yes,4.4,27990,35990,OPPO Reno3 Pro,8000,22.22839678,96000,Japan
SAMSUNG,Galaxy A8 Plus ,Gold,6 GB,64 GB,Yes,4.2,29990,29990,SAMSUNG Galaxy A8 Plus ,0,0,27956,USA
SAMSUNG,Guru Music 2,Black,,Expandable Upto 16 GB,Yes,4.3,1625,1625,SAMSUNG Guru Music 2,0,0,47842,Canada
SAMSUNG,Galaxy S7 ,Gold Platinum,4 GB,32 GB,Yes,4.4,22222,52000,SAMSUNG Galaxy S7 ,29778,57.26538462,80641,Canada
realme,X7 5G ,Space Silver,8 GB,128 GB,Yes,4.3,21999,23999,realme X7 5G ,2000,8.33368057,75511,South Korea
Xiaomi,Redmi 9A ,SeaBlue,2 GB,32 GB,Yes,4.5,7619,7619,Xiaomi Redmi 9A ,0,0,44912,Brazil
SAMSUNG,Galaxy A70 ,Blue,6 GB,128 GB,Yes,4.3,30900,30900,SAMSUNG Galaxy A70 ,0,0,69032,Brazil
realme,6 Pro ,Lightning Blue,6 GB,64 GB,Yes,4.4,17999,17999,realme 6 Pro ,0,0,98727,South Korea
Infinix,Note 11S Free Fire Edition,Mithril Grey,8 GB,128 GB,Yes,4.3,15999,18999,Infinix Note 11S Free Fire Edition,3000,15.79030475,17358,Brazil
SAMSUNG,Galaxy J4 ,Black,2 GB,16 GB,Yes,4.3,8990,8990,SAMSUNG Galaxy J4 ,0,0,42480,Canada
GIONEE,X1s ,Gold,3 GB,16 GB,Yes,4,6450,6450,GIONEE X1s ,0,0,71477,France
Motorola,XT502,Black,512 MB,16 GB,Yes,3.8,15990,15990,Motorola XT502,0,0,54812,India
Nokia,5,Tempered Blue,3 GB,16 GB,Yes,4.1,16199,16199,Nokia 5,0,0,46209,Canada
Nokia,6310,Black,8 MB,16 MB,Yes,,4189,4189,Nokia 6310,0,0,30151,USA
HTC,Desire 828,Pearl White,2 GB,16 GB,Yes,3.7,16990,16990,HTC Desire 828,0,0,81181,UK
POCO,X2,Matrix Purple,6 GB,128 GB,Yes,4.5,15999,19999,POCO X2,4000,20.00100005,53287,South Korea
SAMSUNG,Galaxy Note 9 ,Ocean Blue,8 GB,512 GB,Yes,4.6,59999,59999,SAMSUNG Galaxy Note 9 ,0,0,78451,Germany
ASUS,Zenfone Go 5.0 ,Black,2 GB,16 GB,Yes,4,4499,4499,ASUS Zenfone Go 5.0 ,0,0,31353,Japan
SAMSUNG,Galaxy Mega 5.8 ,Black,1.5 GB,8 GB,Yes,3.8,26000,26000,SAMSUNG Galaxy Mega 5.8 ,0,0,65070,Germany
SAMSUNG,Galaxy M42 5G ,Prism Dot Black,6 GB,128 GB,Yes,4.3,21450,21450,SAMSUNG Galaxy M42 5G ,0,0,24398,Canada
Apple,iPhone XR ,Yellow,3 GB,128 GB,Yes,4.6,47999,52900,Apple iPhone XR ,4901,9.264650284,51556,USA
SAMSUNG,Galaxy M10 ,Charcoal Black,2 GB,16 GB,Yes,4.3,8170,8170,SAMSUNG Galaxy M10 ,0,0,56960,Canada
LG,Q6+ ,Platinum,4 GB,64 GB,Yes,3.9,19990,19990,LG Q6+ ,0,0,10729,UK
OPPO,F11 Pro,Thunder Black,6 GB,128 GB,Yes,4.5,17990,29990,OPPO F11 Pro,12000,40.01333778,60518,France
Nokia,105 DS 2020,Black,4 MB,4 MB,Yes,4.2,1399,1599,Nokia 105 DS 2020,200,12.50781739,76235,Japan
Motorola,E7 Plus ,Misty Blue,4 GB,64 GB,Yes,4.2,8999,12999,Motorola E7 Plus ,4000,30.77159782,49955,UK
Lenovo,K6 Note ,Silver,3 GB,32 GB,Yes,4.1,7490,14890,Lenovo K6 Note ,7400,49.69778375,57281,South Korea
OPPO,A52,Twilight Black,6 GB,128 GB,Yes,4.3,17999,17999,OPPO A52,0,0,89460,South Korea
Xiaomi,Redmi 9 ,Sky Blue,4 GB,128 GB,Yes,4.4,11199,11990,Xiaomi Redmi 9 ,791,6.597164304,26780,Canada
realme,1,Silver,4 GB,64 GB,Yes,4.4,11490,12990,realme 1,1500,11.54734411,73933,USA
SAMSUNG,Galaxy Grand I9082 ,Metallic Blue,1 GB,8 GB,Yes,4,8999,8999,SAMSUNG Galaxy Grand I9082 ,0,0,82937,UK
vivo,Y72 5G ,Slate Gray,8 GB,128 GB,Yes,4.4,21990,21990,vivo Y72 5G ,0,0,34467,Australia
Xiaomi,Redmi K20 Pro ,Carbon Black,6 GB,128 GB,Yes,4.5,28999,28999,Xiaomi Redmi K20 Pro ,0,0,46940,USA
ASUS,Zenfone Max ZC550KL ,Black,3 GB,32 GB,Yes,4.1,7990,7990,ASUS Zenfone Max ZC550KL ,0,0,79897,France
Infinix,Smart 8,Aegean Blue,2 GB,32 GB,Yes,4.3,7499,8999,Infinix Smart 8,1500,16.66851872,45271,South Korea
SAMSUNG,Galaxy A12 ,White,6 GB,128 GB,Yes,3.9,15989,16489,SAMSUNG Galaxy A12 ,500,3.03232458,69164,Canada
realme,C25 ,Watery Blue,4 GB,128 GB,Yes,4.4,10999,11999,realme C25 ,1000,8.334027836,92638,Brazil
Apple,iPhone 7 ,Rose Gold,2 GB,32 GB,Yes,4.5,24999,31500,Apple iPhone 7 ,6501,20.63809524,61935,South Korea
Lenovo,A6 Note ,Black,3 GB,32 GB,Yes,4.2,9999,9999,Lenovo A6 Note ,0,0,74896,Japan
vivo,Y83 Pro,Black,4 GB,64 GB,Yes,4.4,15900,15900,vivo Y83 Pro,0,0,42308,India
SAMSUNG,Galaxy A52 ,Awesome Violet,8 GB,128 GB,Yes,4.4,28999,31999,SAMSUNG Galaxy A52 ,3000,9.375292978,64099,Brazil
SAMSUNG,Galaxy F22 ,Denim Black,4 GB,64 GB,Yes,4.3,12999,14999,SAMSUNG Galaxy F22 ,2000,13.33422228,70922,Canada
Apple,iPhone 6 ,Gold,1 GB,64 GB,Yes,4.4,62500,62500,Apple iPhone 6 ,0,0,15487,Australia
LG,Optimus L7 II Dual ,White,768 MB,4 GB,Yes,4,13299,13299,LG Optimus L7 II Dual ,0,0,18336,Brazil
OPPO,F9 Pro,Twilight Blue,6 GB,64 GB,Yes,4.5,21150,21150,OPPO F9 Pro,0,0,96901,Japan
Apple,iPhone 11 Pro ,Space Grey,4GB,512 GB,Yes,4.6,140300,140300,Apple iPhone 11 Pro ,0,0,99113,USA
Lenovo,P2 ,Gold,4 GB,32 GB,Yes,4.3,17999,17999,Lenovo P2 ,0,0,21131,Australia
SAMSUNG,Galaxy A03s ,Blue,3 GB,32 GB,Yes,4,11499,13499,SAMSUNG Galaxy A03s ,2000,14.81591229,97509,South Korea
Motorola,One Macro ,Ultra Violet,4 GB,64 GB,Yes,4.3,9499,11999,Motorola One Macro ,2500,20.83506959,70567,Australia
Google Pixel,Nexus 5X ,Black,2 GB,16 GB,Yes,4.5,12000,29990,Google Pixel Nexus 5X ,17990,59.98666222,76704,UK
SAMSUNG,Galaxy M30s ,Black,6 GB,128 GB,Yes,4.1,16999,16999,SAMSUNG Galaxy M30s ,0,0,37193,Japan
OPPO,A54,Starry Blue,4 GB,128 GB,Yes,4.3,15990,15990,OPPO A54,0,0,11063,Brazil
Xiaomi,Redmi Note 7 ,Onyx Black,3 GB,32 GB,Yes,,11900,12999,Xiaomi Redmi Note 7 ,1099,8.4544965,94077,UK
OPPO,F17 Pro,Matte Black,8 GB,128 GB,Yes,4.3,19990,25990,OPPO F17 Pro,6000,23.08580223,99781,Australia
Xiaomi,Mi A2 ,Red,4 GB,64 GB,Yes,4.4,11948,11948,Xiaomi Mi A2 ,0,0,31546,UK
SAMSUNG,Metro 313,Black,4 MB,2 MB,Yes,4.2,2050,2050,SAMSUNG Metro 313,0,0,31690,Germany
Motorola,G8 Plus,Cosmic Blue,4 GB,64 GB,Yes,4.3,12999,15999,Motorola G8 Plus,3000,18.75117195,21175,Japan
ASUS,Zenfone Go 5.0 ,Black,2 GB,8 GB,Yes,4,4990,4990,ASUS Zenfone Go 5.0 ,0,0,98462,France
Infinix,Hot 10 Play,Purple  ,3 GB,32 GB,Yes,4.3,8299,9999,Infinix Hot 10 Play,1700,17.00170017,19349,USA
ASUS,Zenfone 4 Selfie ,Gold,3 GB,32 GB,Yes,4.1,10999,10999,ASUS Zenfone 4 Selfie ,0,0,33715,Australia
OPPO,F17,Dynamic Orange,6 GB,128 GB,Yes,4.2,16990,20990,OPPO F17,4000,19.05669366,48103,Japan
OPPO,Reno4 Pro Special Edition,Galactic Blue,8 GB,128 GB,Yes,4.4,34990,37990,OPPO Reno4 Pro Special Edition,3000,7.896814951,84461,France
SAMSUNG,Galaxy J7 Duo ,Gold,4 GB,32 GB,Yes,4.3,17889,17889,SAMSUNG Galaxy J7 Duo ,0,0,99931,France
Xiaomi,Redmi Note 6 Pro ,Red,6 GB,64 GB,Yes,4.5,17999,17999,Xiaomi Redmi Note 6 Pro ,0,0,16802,Canada
SAMSUNG,Galaxy A72 ,Awesome Blue,8 GB,256 GB,Yes,4.3,37999,43999,SAMSUNG Galaxy A72 ,6000,13.63667356,82268,UK
LG,W31 ,Midnight Blue,4 GB,64 GB,Yes,4,9999,9999,LG W31 ,0,0,58137,France
Motorola,Razr ,Gold,6 GB,128 GB,Yes,3.8,74999,149999,Motorola Razr ,75000,50.00033334,33626,Germany
SAMSUNG,Galaxy Note 10 ,Aura Glow,8 GB,256 GB,Yes,4.5,73600,75000,SAMSUNG Galaxy Note 10 ,1400,1.866666667,92874,Japan
SAMSUNG,Galaxy S10 Plus ,Ceramic White,12 GB,1 TB,Yes,4.5,117990,117990,SAMSUNG Galaxy S10 Plus ,0,0,82593,India
Infinix,Note 10,Black,6 GB,128 GB,Yes,4.2,12499,14999,Infinix Note 10,2500,16.66777785,87053,India
Nokia,Lumia 625 ,White,512 MB,8 GB,Yes,4.1,17599,17599,Nokia Lumia 625 ,0,0,54262,Australia
realme,8 5G ,Supersonic Blue,4 GB,64 GB,Yes,4.3,15499,15999,realme 8 5G ,500,3.125195325,11543,South Korea
Apple,iPhone 12 Pro ,Silver,6 GB,128 GB,Yes,4.6,109900,109900,Apple iPhone 12 Pro ,0,0,31678,UK
Xiaomi,Redmi 8A Dual ,Sky White,3 GB,64 GB,Yes,4.4,8561,8561,Xiaomi Redmi 8A Dual ,0,0,56733,South Korea
SAMSUNG,Galaxy A9 ,Lemonade Blue,6 GB,128 GB,Yes,4.4,36000,36000,SAMSUNG Galaxy A9 ,0,0,60344,France
Infinix,Smart 5,Morandi Green,2 GB,32 GB,Yes,4.3,7499,8999,Infinix Smart 5,1500,16.66851872,49082,Japan
Xiaomi,Mi 10i ,Atlantic Blue,8 GB,128 GB,Yes,4.3,24890,24988,Xiaomi Mi 10i ,98,0.39218825,72857,Australia
POCO,F1,Steel Blue,6 GB,64 GB,Yes,4.5,21999,21999,POCO F1,0,0,98859,Brazil
GIONEE,P2S ,White,512 MB,4 GB,Yes,3.6,2650,2650,GIONEE P2S ,0,0,29066,France
realme,C35,Glowing Green,4 GB,64 GB,Yes,4.5,11999,13999,realme C35,2000,14.28673477,93461,UK
Apple,iPhone 6 ,Grey,1 GB,128 GB,Yes,4.4,71500,71500,Apple iPhone 6 ,0,0,98093,India
Xiaomi,Redmi 5 ,Gold,3 GB,32 GB,Yes,4.4,9399,9399,Xiaomi Redmi 5 ,0,0,64694,Canada
Infinix,Hot 7,Aqua Blue,4 GB,64 GB,Yes,4.2,9999,9999,Infinix Hot 7,0,0,36963,Japan
Lenovo,K3 Note ,Black,2 GB,16 GB,Yes,4,9900,9900,Lenovo K3 Note ,0,0,38296,USA
Lenovo,B ,White,1 GB,8 GB,Yes,3.8,6799,6799,Lenovo B ,0,0,23808,South Korea
SAMSUNG,Metro 350,Black,32 MB,Expandable Upto 16 GB,Yes,4.1,3013,3013,SAMSUNG Metro 350,0,0,52349,Australia
Apple,iPhone XS Max ,Space Grey,4 GB,512 GB,Yes,4.6,144900,144900,Apple iPhone XS Max ,0,0,36433,South Korea
OPPO,Neo 5,White,1 GB,16 GB,Yes,3.8,4999,7490,OPPO Neo 5,2491,33.2576769,93286,Japan
realme,8,Cyber Black,6 GB,128 GB,Yes,4.3,16999,17999,realme 8,1000,5.555864215,67855,South Korea
Apple,iPhone 11 Pro Max ,Silver,4GB,256 GB,Yes,4.7,131900,131900,Apple iPhone 11 Pro Max ,0,0,50263,Japan
Lenovo,Vibe K5 Note ,Silver,3 GB,32 GB,Yes,4.1,10999,10999,Lenovo Vibe K5 Note ,0,0,47081,South Korea
realme,5 Pro ,Crystal Green,6 GB,64 GB,Yes,4.5,14999,15999,realme 5 Pro ,1000,6.250390649,11325,Germany
Nokia,110 TA-1302 DS,Black,4 MB,4 MB,Yes,4.1,1680,1680,Nokia 110 TA-1302 DS,0,0,45910,Brazil
Infinix,Hot 8,Cosmic Purple,4 GB,64 GB,Yes,4.5,9999,9999,Infinix Hot 8,0,0,99340,France
SAMSUNG,M32 5G ,Sky blue,6 GB,128 GB,Yes,,21499,23999,SAMSUNG M32 5G ,2500,10.41710071,29871,France
HTC,U11,Amazing Silver,6 GB,128 GB,Yes,4.6,53990,53990,HTC U11,0,0,44579,UK
SAMSUNG,Galaxy S5 ,Charcoal Black,2 GB,16 GB,Yes,3.9,21999,21999,SAMSUNG Galaxy S5 ,0,0,82125,USA
Infinix,Hot 11S,Silver Wave,4 GB,128 GB,Yes,4.3,11999,14999,Infinix Hot 11S,3000,20.00133342,36791,USA
SAMSUNG,Galaxy S20 ,Cosmic Gray,8 GB,128 GB,Yes,4.3,52905,52905,SAMSUNG Galaxy S20 ,0,0,35290,UK
Google Pixel,3 XL ,Not Pink,4 GB,128 GB,Yes,4.6,92000,92000,Google Pixel 3 XL ,0,0,65130,Canada
realme,C21 ,Cross Black,3 GB,32 GB,Yes,4.4,8999,9999,realme C21 ,1000,10.0010001,25486,France
realme,C21 ,Cross Blue,3 GB,32 GB,Yes,4.4,8999,9999,realme C21 ,1000,10.0010001,54483,Canada
SAMSUNG,M01 core ,Blue,1 GB,16 GB,Yes,3.9,4999,4999,SAMSUNG M01 core ,0,0,96189,Japan
SAMSUNG,Galaxy A20s ,Blue,4 GB,64 GB,Yes,4.3,13695,14900,SAMSUNG Galaxy A20s ,1205,8.087248322,14749,Japan
Nokia,2.3,Sand,2 GB,32 GB,Yes,4,9999,9999,Nokia 2.3,0,0,96770,India
LG,Q6+ ,Blue,4 GB,64 GB,Yes,3.9,19990,19990,LG Q6+ ,0,0,19436,South Korea
Infinix,Hot 11S,Green Wave,4 GB,64 GB,Yes,4.3,10999,13999,Infinix Hot 11S,3000,21.43010215,13710,USA
SAMSUNG,Galaxy Note10 Lite ,Aura Glow,8 GB,128 GB,Yes,4.3,39999,45000,SAMSUNG Galaxy Note10 Lite ,5001,11.11333333,40356,India
POCO,X3 Pro ,Graphite Black,6 GB,128 GB,Yes,4.4,18999,23999,POCO X3 Pro ,5000,20.83420143,65772,Brazil
SAMSUNG,Galaxy Trend ,Ceramic White,512 MB,4 GB,Yes,3.6,4999,4999,SAMSUNG Galaxy Trend ,0,0,67800,UK
Infinix,Hot 9,Quetzal Cyan,4 GB,64 GB,Yes,4.4,11999,11999,Infinix Hot 9,0,0,23117,UK
GIONEE,S11 Lite ,Black,4 GB,32 GB,Yes,4,8690,8690,GIONEE S11 Lite ,0,0,35471,Japan
Apple,iPhone 13 ,Red,4GB,512 GB,Yes,,109900,109900,Apple iPhone 13 ,0,0,52345,France
Apple,iPhone 7 ,Silver,,256 GB,Yes,4.5,74400,74400,Apple iPhone 7 ,0,0,52919,Canada
Apple,iPhone XS ,Space Grey,4 GB,64 GB,Yes,4.7,62999,89900,Apple iPhone XS ,26901,29.92324805,62225,USA
OPPO,A7,Glaze Blue,3 GB,64 GB,Yes,4.3,10990,16990,OPPO A7,6000,35.31489111,49299,India
Xiaomi,Redmi Note 7 ,Sapphire Blue,3 GB,32 GB,Yes,4.4,11946,11946,Xiaomi Redmi Note 7 ,0,0,90220,Canada
SAMSUNG,M31 Prime ,Ocean Blue,6 GB,64 GB,Yes,4.3,16000,16000,SAMSUNG M31 Prime ,0,0,71630,India
SAMSUNG,Galaxy A8 Plus ,Black,6 GB,64 GB,Yes,4.2,16860,34000,SAMSUNG Galaxy A8 Plus ,17140,50.41176471,76041,South Korea
vivo,Y95,Nebula Purple,4 GB,64 GB,Yes,4.4,20000,20000,vivo Y95,0,0,38017,Brazil
Apple,iPhone 11 Pro Max ,Space Grey,4GB,512 GB,Yes,4.7,150800,150800,Apple iPhone 11 Pro Max ,0,0,33961,Brazil
Xiaomi,Redmi Note 5 Pro ,Gold,6 GB,64 GB,Yes,4.2,16999,16999,Xiaomi Redmi Note 5 Pro ,0,0,43592,Canada
SAMSUNG,Galaxy A5 2016 Edition ,Gold,2 GB,16 GB,Yes,4.1,14490,14490,SAMSUNG Galaxy A5 2016 Edition ,0,0,92849,Canada
Infinix,Note 4,Champagne Gold,3 GB,32 GB,Yes,4.2,8999,8999,Infinix Note 4,0,0,77642,Canada
Motorola,G6,Indigo Black,4 GB,64 GB,Yes,4.2,20000,20000,Motorola G6,0,0,46396,India
OPPO,Reno2,Luminous Black,8 GB,256 GB,Yes,4.4,38990,39990,OPPO Reno2,1000,2.500625156,32701,South Korea
LG,G4 ,Metallic Gray,3 GB,32 GB,Yes,4,25999,25999,LG G4 ,0,0,44621,Germany
Lenovo,A269i ,Black,512 MB,512 MB,Yes,3.7,5499,5499,Lenovo A269i ,0,0,30560,Canada
Lenovo,A6000 Plus ,Red,2 GB,16 GB,Yes,4.1,7499,7499,Lenovo A6000 Plus ,0,0,71643,France
Motorola,One Vision ,Bronze Gradient,4 GB,128 GB,Yes,4.2,14999,22999,Motorola One Vision ,8000,34.78412105,86540,USA
Lenovo,Vibe K5 Plus ,Dark Grey,3 GB,16 GB,Yes,4,7999,7999,Lenovo Vibe K5 Plus ,0,0,31733,USA
Apple,iPhone 6s Plus ,Rose Gold,2 GB,64 GB,Yes,4.4,59999,59999,Apple iPhone 6s Plus ,0,0,40355,India
LG,G4 ,Red,3 GB,32 GB,Yes,4,35990,35990,LG G4 ,0,0,23844,Canada
Nokia,5.3,CYAN,4 GB,64 GB,Yes,3.5,11989,11989,Nokia 5.3,0,0,81727,Japan
Apple,iPhone 12 Pro Max ,Pacific Blue,,128 GB,Yes,4.6,119900,119900,Apple iPhone 12 Pro Max ,0,0,27641,UK
Nokia,X2 Dual SIM ,Bright Green,1 GB,4 GB,Yes,4.2,9999,9999,Nokia X2 Dual SIM ,0,0,62529,Germany
SAMSUNG,Grand Prime 4G ,Gold,1 GB,8 GB,Yes,4,9833,9833,SAMSUNG Grand Prime 4G ,0,0,48414,France
vivo,U11,Electric Blue,3 GB,64 GB,Yes,4.4,11990,11990,vivo U11,0,0,62639,South Korea
vivo,Y12G ,Glacier Blue,4 GB,64 GB,Yes,4.5,15990,15990,vivo Y12G ,0,0,62737,Japan
realme,Narzo 30 5G ,Racing Blue,4 GB,64 GB,Yes,4.4,14999,15999,realme Narzo 30 5G ,1000,6.250390649,78867,Brazil
SAMSUNG,Galaxy A20s ,Blue,3 GB,32 GB,Yes,4.3,11599,12900,SAMSUNG Galaxy A20s ,1301,10.08527132,29088,Japan
OPPO,F5 Youth,Gold,3 GB,32 GB,Yes,4.3,17990,17990,OPPO F5 Youth,0,0,51431,India
Apple,iPhone SE ,Black,2 GB,256 GB,Yes,4.5,54900,54900,Apple iPhone SE ,0,0,34505,Germany
vivo,V23 5G,Sunshine Gold,12 GB,256 GB,Yes,4.4,34990,37990,vivo V23 5G,3000,7.896814951,17115,Australia
realme,Narzo 50A ,Oxygen Blue,4 GB,128 GB,Yes,4.3,12499,13999,realme Narzo 50A ,1500,10.71505108,88860,Australia
OPPO,F11,Marble Green,4 GB,128 GB,Yes,4.4,13990,21990,OPPO F11,8000,36.38017281,20976,Canada
LG,W30 ,Platinum Grey,3 GB,32 GB,Yes,3.9,8199,10999,LG W30 ,2800,25.45685971,21024,Canada
Infinix,Note 11S Free Fire Edition,Symphony Cyan,8 GB,128 GB,Yes,4.3,15999,18999,Infinix Note 11S Free Fire Edition,3000,15.79030475,31448,India
Google Pixel,2,Just Black,4 GB,128 GB,Yes,4.6,70000,70000,Google Pixel 2,0,0,33960,South Korea
SAMSUNG,Galaxy Note 5 ,Silver Titanium,4 GB,64 GB,Yes,3.9,49990,49990,SAMSUNG Galaxy Note 5 ,0,0,76204,Canada
SAMSUNG,M31 Prime ,IceBerg Blue,6 GB,64 GB,Yes,4.3,18699,18699,SAMSUNG M31 Prime ,0,0,39704,UK
HTC,Desire 616,Dark Grey,1 GB,4 GB,Yes,3.8,17200,17200,HTC Desire 616,0,0,19338,Germany
vivo,Y33T,Mirror Black,8 GB,128 GB,Yes,4.9,22990,22990,vivo Y33T,0,0,56428,India
realme,X2 Pro ,Neptune Blue,12 GB,256 GB,Yes,4.6,35999,35999,realme X2 Pro ,0,0,71530,USA
ASUS,Zenfone GO ,Black,2 GB,16 GB,Yes,3.8,8499,8499,ASUS Zenfone GO ,0,0,94666,Brazil
Xiaomi,11 Lite NE,Jazz Blue,8 GB,129 GB,Yes,4.3,25999,25999,Xiaomi 11 Lite NE,0,0,41922,India
Xiaomi,Redmi 8A Dual ,Midnight Grey,3 GB,32 GB,Yes,4.4,8299,8499,Xiaomi Redmi 8A Dual ,200,2.353218026,43308,India
vivo,Y21 ,Midnight Blue,,64 GB,Yes,3.8,69990,74990,vivo Y21 ,5000,6.667555674,37356,Australia
Infinix,Smart 3 Plus,Sapphire Cyan,2 GB,32 GB,Yes,4.2,7999,7999,Infinix Smart 3 Plus,0,0,14836,France
Infinix,S4,Space Grey,4 GB,64 GB,Yes,4.3,10999,10999,Infinix S4,0,0,30160,South Korea
Xiaomi,Mi 11X ,Cosmic Black,8 GB,128 GB,Yes,4.2,26828,26828,Xiaomi Mi 11X ,0,0,57606,France
Infinix,Hot 11,Emerald Green,4 GB,64 GB,Yes,4.4,9999,11999,Infinix Hot 11,2000,16.66805567,48089,UK
OPPO,A12,Black,3 GB,32 GB,Yes,4.4,9490,10990,OPPO A12,1500,13.64877161,88753,USA
Infinix,S4,Space Grey,3 GB,32 GB,Yes,4.2,9999,9999,Infinix S4,0,0,65285,Australia
Apple,iPhone 8 ,Red,2 GB,256 GB,Yes,4.7,81500,81500,Apple iPhone 8 ,0,0,67044,USA
Nokia,6,Matte Black,3 GB,32 GB,Yes,3.9,13999,13999,Nokia 6,0,0,45548,UK
ASUS,ROG Phone 3 ,Black,12 GB,256 GB,Yes,4.4,57999,65999,ASUS ROG Phone 3 ,8000,12.12139578,92845,France
Nokia,RM-1172 / Nokia 230 DS,Black,16 MB,256 MB,Yes,4,4196,4196,Nokia RM-1172 / Nokia 230 DS,0,0,37533,India
SAMSUNG,Galaxy A70s ,Prism Crush White,8 GB,128 GB,Yes,4.3,30500,33100,SAMSUNG Galaxy A70s ,2600,7.854984894,44350,Canada
HTC,Desire 210,White,512 MB,4 GB,Yes,3.6,9990,9990,HTC Desire 210,0,0,55446,Canada
GIONEE,Pioneer P3S ,Gold,1 GB,16 GB,Yes,3.8,4999,4999,GIONEE Pioneer P3S ,0,0,15714,Japan
OPPO,F11,Fluorite Purple,4 GB,128 GB,Yes,4.4,13990,21990,OPPO F11,8000,36.38017281,66179,Brazil
LG,W31 Plus ,Midnight Blue,4 GB,128 GB,Yes,4.1,10999,10999,LG W31 Plus ,0,0,59408,South Korea
OPPO,F1 Plus,Rose Gold,4 GB,64 GB,Yes,4,24900,24900,OPPO F1 Plus,0,0,80341,UK
realme,3,Dynamic Black,3 GB,32 GB,Yes,4.5,8499,10999,realme 3,2500,22.72933903,60991,Brazil
SAMSUNG,Grand Prime ,White,1 GB,8 GB,Yes,4,7992,7992,SAMSUNG Grand Prime ,0,0,85673,South Korea
OPPO,A5 2020,Dazzling White,3 GB,64 GB,Yes,4.4,12990,14990,OPPO A5 2020,2000,13.34222815,75546,Brazil
HTC,Desire 326G DS,Black Onyx,1 GB,8 GB,Yes,3.7,9590,9590,HTC Desire 326G DS,0,0,94792,France
HTC,826,White Birch,2 GB,16 GB,Yes,3.7,27990,27990,HTC 826,0,0,68142,South Korea
SAMSUNG,Galaxy F12 ,Sea Green,4 GB,128 GB,Yes,4.2,12499,13999,SAMSUNG Galaxy F12 ,1500,10.71505108,33794,France
GIONEE,F9 ,Black,3 GB,32 GB,Yes,4.2,7900,7900,GIONEE F9 ,0,0,66571,India
Apple,iPhone 12 ,Green,4GB,256 GB,Yes,4.6,78999,80900,Apple iPhone 12 ,1901,2.349814586,47893,Australia
ASUS,ROG 5s,Phantom Black,8 GB,128 GB,Yes,,49999,55999,ASUS ROG 5s,6000,10.71447704,11016,France
Infinix,Hot 4 Pro,Quartz Black,3 GB,16 GB,Yes,4,7499,7499,Infinix Hot 4 Pro,0,0,71814,Canada
HTC,One M8 ,Amber Gold,2 GB,16 GB,Yes,4.4,59900,59900,HTC One M8 ,0,0,37713,Brazil
SAMSUNG,Galaxy M10S ,Stainless Black,3 GB,32 GB,Yes,4.4,9100,10000,SAMSUNG Galaxy M10S ,900,9,18416,Japan
Lenovo,S560 ,Deep Black,1 GB,8 GB,Yes,4.1,19999,19999,Lenovo S560 ,0,0,72293,Germany
OPPO,A83,Champagne,2 GB,16 GB,Yes,4.2,11000,11000,OPPO A83,0,0,33834,South Korea
Motorola,Razr ,Black,6 GB,128 GB,Yes,3.8,74999,149999,Motorola Razr ,75000,50.00033334,14159,UK
vivo,Y33s ,Mirror Black,3 GB,64 GB,Yes,4.4,39990,46990,vivo Y33s ,7000,14.89678655,72681,Japan
SAMSUNG,Galaxy A12 ,Blue,6 GB,128 GB,Yes,3.9,15271,15271,SAMSUNG Galaxy A12 ,0,0,30310,Canada
SAMSUNG,Galaxy A72 ,Awesome White,8 GB,128 GB,Yes,4.3,34999,41999,SAMSUNG Galaxy A72 ,7000,16.6670635,16971,France
Nokia,2.3,Cyan Green,2 GB,32 GB,Yes,4,9999,9999,Nokia 2.3,0,0,82475,Australia
Infinix,Hot S3X,Tradew Grey,3 GB,32 GB,Yes,4.2,10999,10999,Infinix Hot S3X,0,0,96705,India
Apple,iPhone 12 Mini ,Green,4GB,128 GB,Yes,4.5,61999,64900,Apple iPhone 12 Mini ,2901,4.469953775,56541,Germany
OPPO,Reno 10x Zoom,Jet Black,6 GB,128 GB,Yes,4.5,38990,41990,OPPO Reno 10x Zoom,3000,7.144558228,30385,USA
GIONEE,V4S ,Black,1 GB,8 GB,Yes,3.5,3499,3499,GIONEE V4S ,0,0,28018,Japan
Motorola,Z2 Force,Super Black,6 GB,64 GB,Yes,4.1,14999,44999,Motorola Z2 Force,30000,66.66814818,85881,Australia
SAMSUNG,Galaxy J7 Prime ,Gold,3 GB,32 GB,Yes,4.2,16879,16879,SAMSUNG Galaxy J7 Prime ,0,0,18703,USA
SAMSUNG,Galaxy J2 2018 ,Pink,2 GB,16 GB,Yes,4.3,6799,6799,SAMSUNG Galaxy J2 2018 ,0,0,10385,Germany
SAMSUNG,Galaxy J8 ,Gold,4 GB,64 GB,Yes,4.4,19500,19500,SAMSUNG Galaxy J8 ,0,0,10405,UK
realme,3,Dynamic Black,3 GB,64 GB,Yes,4.5,9499,11999,realme 3,2500,20.83506959,50944,UK
POCO,M2 Pro,Out of Blue,6 GB,64 GB,Yes,4.4,14999,19999,POCO M2 Pro,5000,25.00125006,57927,Brazil
realme,3,Black,4 GB,64 GB,Yes,4.4,10499,12999,realme 3,2500,19.23224863,39190,Germany
SAMSUNG,Galaxy J8 ,Black,4 GB,64 GB,Yes,4.4,19500,19500,SAMSUNG Galaxy J8 ,0,0,22764,Germany
SAMSUNG,Galaxy S9 Plus ,Coral Blue,6 GB,128 GB,Yes,4.5,68900,68900,SAMSUNG Galaxy S9 Plus ,0,0,28385,USA
Apple,iPhone 13 Pro ,Graphite,6 GB,1 TB,Yes,,169900,169900,Apple iPhone 13 Pro ,0,0,70101,Australia
Nokia,2.2,Black,2 GB,16 GB,Yes,4,8599,8599,Nokia 2.2,0,0,19861,South Korea
SAMSUNG,Galaxy S10 Lite ,Prism Blue,8 GB,512 GB,Yes,4.5,45999,51000,SAMSUNG Galaxy S10 Lite ,5001,9.805882353,90643,USA
ASUS,ZenFone 5Z ,Midnight Blue,8 GB,256 GB,Yes,4.5,43999,43999,ASUS ZenFone 5Z ,0,0,60613,India
Lenovo,P770 ,Grey,1 GB,4 GB,Yes,4.3,12899,12899,Lenovo P770 ,0,0,33575,UK
Nokia,5.1 Plus ,Blue,6 GB,64 GB,Yes,3.7,9900,15990,Nokia 5.1 Plus ,6090,38.08630394,33525,UK
Nokia,XR 20,Grey ,6 GB,128 GB,Yes,4.3,46988,46988,Nokia XR 20,0,0,79173,Brazil
SAMSUNG,Galaxy S5 ,Copper Gold,2 GB,16 GB,Yes,3.9,21999,21999,SAMSUNG Galaxy S5 ,0,0,20917,India
Apple,iPhone 11 Pro Max ,Gold,4GB,64 GB,Yes,4.7,117100,117100,Apple iPhone 11 Pro Max ,0,0,14810,UK
SAMSUNG,M02s ,Black,4 GB,64 GB,Yes,4.1,11499,11499,SAMSUNG M02s ,0,0,42202,USA
Motorola,G5s,Lunar Gray,4 GB,32 GB,Yes,4.1,7350,7350,Motorola G5s,0,0,63331,India
Apple,iPhone 13 Mini ,Pink,4 GB,128 GB,Yes,,69900,69900,Apple iPhone 13 Mini ,0,0,23457,USA
OPPO,F7,Black,4 GB,64 GB,Yes,4.4,22990,22990,OPPO F7,0,0,66398,South Korea
OPPO,A53s 5G,Crystal Blue,6 GB,128 GB,Yes,4.3,15990,16990,OPPO A53s 5G,1000,5.885815185,48766,South Korea
POCO,C31,Royal Blue,3 GB,32 GB,Yes,4.4,7999,10999,POCO C31,3000,27.27520684,44817,UK
ASUS,Zenfone C ,Black,1 GB,8 GB,Yes,3.8,6299,6299,ASUS Zenfone C ,0,0,55107,UK
Nokia,5.4,Dusk,4 GB,64 GB,Yes,3.9,12999,16799,Nokia 5.4,3800,22.62039407,63933,Australia
Nokia,3.2,Steel,3 GB,32 GB,Yes,4.1,12399,12399,Nokia 3.2,0,0,27101,South Korea
Nokia,3,Tempered Blue,2 GB,16 GB,Yes,3.9,10899,10899,Nokia 3,0,0,67092,Japan
SAMSUNG,Galaxy S21 Ultra ,Phantom Black,12 GB,256 GB,Yes,4.5,105999,128999,SAMSUNG Galaxy S21 Ultra ,23000,17.82959558,31950,Japan
realme,6 Pro ,Lightning Blue,6 GB,128 GB,Yes,4.4,18999,18999,realme 6 Pro ,0,0,80081,Brazil
realme,9i,Prism Blue,4 GB,64 GB,Yes,4.5,13999,15999,realme 9i,2000,12.5007813,47745,South Korea
SAMSUNG,M52 5G,Sky Blue,8 GB,128 GB,Yes,4.2,20350,22595,SAMSUNG M52 5G,2245,9.93582651,55544,USA
SAMSUNG,Galaxy M02 ,Blue,2 GB,32 GB,Yes,4,8299,8499,SAMSUNG Galaxy M02 ,200,2.353218026,46188,USA
Infinix,Note 11S,Symphony Cyan,6 GB,64 GB,Yes,4.3,13999,16999,Infinix Note 11S,3000,17.64809695,17240,Canada
vivo,Y30 ,Emerald Black,8 GB,128 GB,Yes,4.4,13990,18990,vivo Y30 ,5000,26.32964718,24490,India
Lenovo,A6 Note ,Blue,3 GB,32 GB,Yes,4.2,9999,9999,Lenovo A6 Note ,0,0,68018,France
realme,C25s ,Watery Grey,4 GB,64 GB,Yes,4.4,10999,10999,realme C25s ,0,0,71878,Japan
realme,1,Moonlight Silver,6 GB,128 GB,Yes,4.3,10990,14990,realme 1,4000,26.6844563,53126,UK
realme,Narzo 30A ,Laser Black,4 GB,,Yes,4.3,10499,10999,realme Narzo 30A ,500,4.545867806,59923,Brazil
Nokia,8,Polished Blue,4 GB,64 GB,Yes,4,36999,36999,Nokia 8,0,0,42050,France
SAMSUNG,Galaxy Z Fold3 5G ,Phantom Silver,12 GB,256 GB,Yes,4.4,149999,171999,SAMSUNG Galaxy Z Fold3 5G ,22000,12.79077204,47132,Germany
Infinix,Smart 2,Serene Gold,3 GB,32 GB,Yes,4.1,7946,7999,Infinix Smart 2,53,0.662582823,52945,Brazil
SAMSUNG,Galaxy A8 Star ,Black,6 GB,64 GB,Yes,4.3,16989,37990,SAMSUNG Galaxy A8 Star ,21001,55.28033693,83964,Germany
realme,C25Y ,Metal Grey,4 GB,64 GB,Yes,4.5,10999,12999,realme C25Y ,2000,15.38579891,34286,South Korea
realme,8s 5G ,Universe Purple,6 GB,128 GB,Yes,4.5,17999,20999,realme 8s 5G ,3000,14.28639459,47627,Germany
SAMSUNG,Guru Music 2,Black,,2 MB,Yes,4.3,1625,1625,SAMSUNG Guru Music 2,0,0,52809,Germany
realme,1,Diamond Black,6 GB,,Yes,4.3,10999,14990,realme 1,3991,26.62441628,98465,Australia
Apple,iPhone 13 Pro Max,Alpine Green,4GB,512 GB,Yes,4.7,159900,159900,Apple iPhone 13 Pro Max,0,0,63872,Australia
Xiaomi,11i 5G,Stealth Black,8 GB,128 GB,Yes,4.3,28999,33999,Xiaomi 11i 5G,5000,14.70631489,29199,Australia
SAMSUNG,Metro 313,Black,2 MB,2 MB,Yes,4.1,2200,2200,SAMSUNG Metro 313,0,0,29759,South Korea
SAMSUNG,Galaxy A30s ,Prism Crush Black,4 GB,64 GB,Yes,4.3,18900,18900,SAMSUNG Galaxy A30s ,0,0,25255,France
Apple,iPhone 12 Mini ,Blue,4GB,256 GB,Yes,4.5,71999,84900,Apple iPhone 12 Mini ,12901,15.19552415,54239,Brazil
SAMSUNG,Galaxy M02 ,Grey,3 GB,32 GB,Yes,4,8850,9998,SAMSUNG Galaxy M02 ,1148,11.48229646,11253,Brazil
SAMSUNG,Galaxy S10 Lite ,Prism Black,8 GB,512 GB,Yes,4.5,49999,49999,SAMSUNG Galaxy S10 Lite ,0,0,49765,UK
OPPO,A31,Mystery Black,6 GB,128 GB,Yes,4.3,13799,13799,OPPO A31,0,0,87710,Australia
Apple,iPhone 7 ,Gold,2 GB,32 GB,Yes,4.5,24999,31500,Apple iPhone 7 ,6501,20.63809524,47442,South Korea
OPPO,F7,Black,6 GB,128 GB,Yes,4.5,27990,27990,OPPO F7,0,0,63683,UK
vivo,T1 5G,Rainbow Fantasy,8 GB,128 GB,Yes,,19990,23990,vivo T1 5G,4000,16.67361401,69495,India
LG,G4 Stylus 4G LTE ,Titan,1 GB,16 GB,Yes,3.6,7000,14990,LG G4 Stylus 4G LTE ,7990,53.30220147,91318,UK
SAMSUNG,Galaxy J5 ,White,1.5 GB,8 GB,Yes,4.3,11390,11390,SAMSUNG Galaxy J5 ,0,0,75216,France
SAMSUNG,Galaxy S3 Neo ,Marble White,1.5 GB,16 GB,Yes,4.3,13499,13500,SAMSUNG Galaxy S3 Neo ,1,0.007407407,88588,Japan
SAMSUNG,Galaxy A31 ,Prism Crush Blue,6 GB,128 GB,Yes,4.3,16999,23999,SAMSUNG Galaxy A31 ,7000,29.167882,16950,Germany
SAMSUNG,Galaxy A3 ,Midnight Black,1 GB,16 GB,Yes,4,9999,9999,SAMSUNG Galaxy A3 ,0,0,65394,Australia
Google Pixel,3,Not Pink,4 GB,64 GB,Yes,4.5,71000,71000,Google Pixel 3,0,0,83554,Japan
Infinix,Smart HD 2021,Quartz Green,2 GB,32 GB,Yes,4.3,7990,7990,Infinix Smart HD 2021,0,0,16942,UK
Motorola,C Plus,Fine Gold,2 GB,16 GB,Yes,4.2,6999,6999,Motorola C Plus,0,0,35935,South Korea
SAMSUNG,Galaxy J6 ,Blue,4 GB,64 GB,Yes,4.5,9490,17108,SAMSUNG Galaxy J6 ,7618,44.52887538,33387,Germany
vivo,U10,Thunder Black,3 GB,32 GB,Yes,4.4,10990,10990,vivo U10,0,0,71887,Brazil
Nokia,225,Black,8 MB,Expandable Upto 32 GB,Yes,4,3499,3499,Nokia 225,0,0,85746,USA
Nokia,Asha 206,Black,32 MB,64 MB,Yes,3.8,4300,4300,Nokia Asha 206,0,0,93252,Germany
Xiaomi,Mi 11X ,Cosmic Black,6 GB,128 GB,Yes,4.4,24283,28700,Xiaomi Mi 11X ,4417,15.3902439,63414,France
Xiaomi,Mi 11X ,Celestial Silver,6 GB,128 GB,Yes,4.2,24744,25990,Xiaomi Mi 11X ,1246,4.794151597,66801,France
SAMSUNG,Guru FM Plus,Black,128 MB,2 MB,Yes,4.2,1450,1450,SAMSUNG Guru FM Plus,0,0,52319,UK
vivo,Y20G ,Purist Blue,2 GB,32 GB,Yes,4.2,49990,54990,vivo Y20G ,5000,9.092562284,80174,India
vivo,Y71i,Gold,2 GB,16 GB,Yes,4.3,8990,8990,vivo Y71i,0,0,80391,France
POCO,M3 ,Power Black,4 GB,64 GB,Yes,4.3,10999,11999,POCO M3 ,1000,8.334027836,62330,France
ASUS,Zenfone Selfie ,Red,2 GB,16 GB,Yes,3.9,15999,15999,ASUS Zenfone Selfie ,0,0,53089,South Korea
ASUS,6Z ,Black,8 GB,256 GB,Yes,4.3,43999,43999,ASUS 6Z ,0,0,49812,UK
Motorola,G8 Power Lite ,Royal Blue,4 GB,64 GB,Yes,4.3,9999,9999,Motorola G8 Power Lite ,0,0,65480,Germany
Apple,iPhone 13 Pro Max,Sierra Blue,4GB,1 TB,Yes,4.7,179900,179900,Apple iPhone 13 Pro Max,0,0,95393,India
SAMSUNG,Galaxy On7 ,Gold,1.5 GB,8 GB,Yes,4.2,8490,8490,SAMSUNG Galaxy On7 ,0,0,97370,Japan
SAMSUNG,Galaxy On Nxt ,Black,3 GB,16 GB,Yes,4.3,11200,11200,SAMSUNG Galaxy On Nxt ,0,0,29964,USA
LG,G4 ,Genuine Leather Brown,3 GB,32 GB,Yes,4,30600,30600,LG G4 ,0,0,65124,Australia
Nokia,3.2,Black,2 GB,16 GB,Yes,3.8,9999,9999,Nokia 3.2,0,0,83478,Brazil
Lenovo,K6 Note ,Gold,3 GB,32 GB,Yes,4.1,6250,6250,Lenovo K6 Note ,0,0,24389,France
Motorola,E7 Power ,Tahiti Blue,4 GB,64 GB,Yes,4.1,8799,11999,Motorola E7 Power ,3200,26.66888907,15570,UK
GIONEE,P5 Mini ,Red,1 GB,8 GB,Yes,3.8,3990,3990,GIONEE P5 Mini ,0,0,79837,Australia
Nokia,3.4,Fjord,4 GB,64 GB,Yes,3.9,11999,13999,Nokia 3.4,2000,14.28673477,46587,Brazil
Xiaomi,Redmi Note 7 Pro ,Space Black,4 GB,64 GB,Yes,4.5,13499,14500,Xiaomi Redmi Note 7 Pro ,1001,6.903448276,22016,Brazil
SAMSUNG,Galaxy Note 8 ,Maple Gold,6 GB,64 GB,Yes,4.6,35990,74000,SAMSUNG Galaxy Note 8 ,38010,51.36486486,55003,Japan
POCO,M3 Pro 5G ,Yellow,6 GB,128 GB,Yes,4.2,16499,17999,POCO M3 Pro 5G ,1500,8.333796322,16255,Japan
OPPO,F19 Pro+ 5G,Space Silver,8 GB,128 GB,Yes,4.3,25990,29990,OPPO F19 Pro+ 5G,4000,13.33777926,27145,Japan
GIONEE,Pioneer P4S ,Black,1 GB,8 GB,Yes,3.5,3999,3999,GIONEE Pioneer P4S ,0,0,34215,Canada
Apple,iPhone 13 Pro Max,Graphite,4GB,1 TB,Yes,4.7,179900,179900,Apple iPhone 13 Pro Max,0,0,90720,Canada
Apple,iPhone 7 Plus ,Black,3 GB,128 GB,Yes,4.5,42900,42900,Apple iPhone 7 Plus ,0,0,81775,Brazil
SAMSUNG,Galaxy A12 ,Black,6 GB,128 GB,Yes,3.9,15843,17480,SAMSUNG Galaxy A12 ,1637,9.364988558,16091,Japan
vivo,Y72 5G ,Prism Magic,4 GB,64 GB,Yes,4.4,19990,24990,vivo Y72 5G ,5000,20.0080032,21638,South Korea
Motorola,E7 Plus ,Twilight Orange,4 GB,64 GB,Yes,4.2,8999,12999,Motorola E7 Plus ,4000,30.77159782,32416,France
realme,Narzo 50A ,Oxygen Green,4 GB,128 GB,Yes,4.3,12499,13999,realme Narzo 50A ,1500,10.71505108,34072,Australia
Apple,iPhone 13 Pro ,Silver,6 GB,256 GB,Yes,,129900,129900,Apple iPhone 13 Pro ,0,0,68244,Australia
realme,8,Cyber Silver,6 GB,128 GB,Yes,4.3,16999,17999,realme 8,1000,5.555864215,51241,Canada
HTC,One E9+,Gold and Silver,3 GB,32 GB,Yes,4.1,53900,53900,HTC One E9+,0,0,93808,Brazil
HTC,Desire 816G,Blue,1 GB,16 GB,Yes,4,21999,21999,HTC Desire 816G,0,0,43435,UK
SAMSUNG,Galaxy S10 Lite ,Prism Black,8 GB,128 GB,Yes,4.5,40999,43999,SAMSUNG Galaxy S10 Lite ,3000,6.81833678,79725,Germany
SAMSUNG,Galaxy On8 ,Blue,4 GB,64 GB,Yes,4.4,19990,19990,SAMSUNG Galaxy On8 ,0,0,85698,Germany
Apple,iPhone 6s Plus ,Rose Gold,2 GB,32 GB,Yes,4.4,34900,34900,Apple iPhone 6s Plus ,0,0,38733,Canada
GIONEE,Marathon M5 Plus ,Polar Gold,3 GB,64 GB,Yes,4.1,8499,28099,GIONEE Marathon M5 Plus ,19600,69.75337201,21315,UK
Xiaomi,Mi A2 ,Gold,4 GB,64 GB,Yes,4.4,12499,12499,Xiaomi Mi A2 ,0,0,33955,Canada
Apple,iPhone 7 ,Red,2 GB,128 GB,Yes,4.5,34900,34900,Apple iPhone 7 ,0,0,67109,Germany
SAMSUNG,Galaxy F02s ,Diamond Blue,4 GB,64 GB,Yes,4.2,10499,11499,SAMSUNG Galaxy F02s ,1000,8.696408383,97045,UK
Xiaomi,Redmi Note 9 Pro ,Champagne Gold,6 GB,128 GB,Yes,4.3,18499,18999,Xiaomi Redmi Note 9 Pro ,500,2.631717459,97506,Japan
Apple,iPhone 13 Pro Max,Gold,4GB,1 TB,Yes,4.7,179900,179900,Apple iPhone 13 Pro Max,0,0,46669,Brazil
SAMSUNG,Z1 ,White,768 MB,4 GB,Yes,3.5,3990,3990,SAMSUNG Z1 ,0,0,33062,Australia
Apple,iPhone 13 Pro ,Silver,6 GB,1 TB,Yes,,169900,169900,Apple iPhone 13 Pro ,0,0,89253,South Korea
Xiaomi,Mi A2 ,Gold,6 GB,128 GB,Yes,4.3,14398,14398,Xiaomi Mi A2 ,0,0,49750,India
SAMSUNG,Galaxy A7 2016 Edition ,Gold,3 GB,16 GB,Yes,4.1,17490,17490,SAMSUNG Galaxy A7 2016 Edition ,0,0,26908,Brazil
Xiaomi,Redmi 7A ,Matte Gold,2 GB,16 GB,Yes,4.5,6499,6499,Xiaomi Redmi 7A ,0,0,28778,Japan
ASUS,Zenfone Go 4.5 LTE ,Silver Blue,1 GB,8 GB,Yes,3.6,4890,4890,ASUS Zenfone Go 4.5 LTE ,0,0,61746,Germany
SAMSUNG,Galaxy S6 ,Black Sapphire,3 GB,32 GB,Yes,4,33900,33900,SAMSUNG Galaxy S6 ,0,0,91819,Japan
OPPO,Reno 10x Zoom,Ocean Green,6 GB,128 GB,Yes,4.5,38990,41990,OPPO Reno 10x Zoom,3000,7.144558228,33625,Canada
Xiaomi,Redmi 7 ,Eclipse Black,2 GB,32 GB,Yes,4.3,9490,9490,Xiaomi Redmi 7 ,0,0,33322,UK
Nokia,Asha 502 ,Yellow,64 MB,Expandable Upto 32 GB,Yes,3.6,3799,3799,Nokia Asha 502 ,0,0,20489,Australia
OPPO,A83,Red,4 GB,64 GB,Yes,4.3,13990,13990,OPPO A83,0,0,32575,France
SAMSUNG,Galaxy A50 ,Black,4 GB,64 GB,Yes,4.3,21000,21000,SAMSUNG Galaxy A50 ,0,0,15241,Canada
GIONEE,Max ,Red,2 GB,32 GB,Yes,4.1,6299,7990,GIONEE Max ,1691,21.16395494,53222,Brazil
SAMSUNG,Galaxy S6 Edge+ ,Silver Titanium,4 GB,32 GB,Yes,4.2,34999,34999,SAMSUNG Galaxy S6 Edge+ ,0,0,20479,Canada
OPPO,A5s,Blue,4 GB,64 GB,Yes,4.4,10990,15990,OPPO A5s,5000,31.26954346,65646,Brazil
LG,W30 Pro ,Midnight Blue,4 GB,64 GB,Yes,3.8,13775,14500,LG W30 Pro ,725,5,29263,France
Motorola,Razr 5G ,Polished Graphite,8 GB,256 GB,Yes,4,89999,149999,Motorola Razr 5G ,60000,40.00026667,62797,USA
IQOO,3,Tornado Black,8 GB,256 GB,Yes,4.4,37990,40990,IQOO 3,3000,7.318858258,14433,Australia
SAMSUNG,M52 5G,Icy Blue,6 GB,128 GB,Yes,4.3,25489,28449,SAMSUNG M52 5G,2960,10.40458364,74292,South Korea
SAMSUNG,Galaxy A8 Star ,White,6 GB,64 GB,Yes,4.3,18990,18990,SAMSUNG Galaxy A8 Star ,0,0,89105,South Korea
SAMSUNG,Galaxy Note 20 Ultra 5G ,Mystic Black,12 GB,256 GB,Yes,4.5,91999,116000,SAMSUNG Galaxy Note 20 Ultra 5G ,24001,20.69051724,69400,India
realme,Narzo 50i ,Mint Green,4 GB,64 GB,Yes,4.3,8999,9999,realme Narzo 50i ,1000,10.0010001,89715,Japan
GIONEE,F205 Pro ,Champagne,2 GB,16 GB,Yes,4.1,6990,6990,GIONEE F205 Pro ,0,0,60429,USA
Apple,iPhone 6s Plus ,Gold,2 GB,64 GB,Yes,4.4,59999,59999,Apple iPhone 6s Plus ,0,0,97732,South Korea
SAMSUNG,Galaxy S9 ,Midnight Black,4 GB,128 GB,Yes,4.4,61900,61900,SAMSUNG Galaxy S9 ,0,0,10303,Canada
SAMSUNG,Galaxy Note 20 ,Mystic Bronze,8 GB,256 GB,Yes,4.3,77999,86000,SAMSUNG Galaxy Note 20 ,8001,9.303488372,92559,Japan
GIONEE,S6 ,Gold,3 GB,32 GB,Yes,3.8,7999,20924,GIONEE S6 ,12925,61.77117186,10056,USA
Xiaomi,REDMI Note 10S ,Deep Sea Blue,6 GB,128 GB,Yes,4.3,17995,18950,Xiaomi REDMI Note 10S ,955,5.039577836,18718,UK
vivo,Y20G ,Obsidian Black,6 GB,128 GB,Yes,4.3,13400,13400,vivo Y20G ,0,0,38700,UK
SAMSUNG,Galaxy J6 ,Blue,3 GB,32 GB,Yes,4.4,12990,12990,SAMSUNG Galaxy J6 ,0,0,83687,Japan
POCO,F1,Rosso Red,6 GB,128 GB,Yes,4.5,24999,24999,POCO F1,0,0,77662,Brazil
SAMSUNG,Galaxy F23 5G,Forest Green,6 GB,128 GB,Yes,4,16999,23999,SAMSUNG Galaxy F23 5G,7000,29.167882,54248,Brazil
vivo,V20 2021 ,Sunset Melody,12 GB,256 GB,Yes,4.4,15490,19490,vivo V20 2021 ,4000,20.52334531,26749,Canada
GIONEE,M7 Power ,Gold,4 GB,64 GB,Yes,4.1,15399,15399,GIONEE M7 Power ,0,0,14622,USA
Nokia,G20 ,Night,4 GB,64 GB,Yes,,14490,14490,Nokia G20 ,0,0,25035,USA
HTC,U11,Brilliant Black,6 GB,128 GB,Yes,4.6,53990,53990,HTC U11,0,0,15127,Japan
ASUS,ZenFone Max Pro M2 ,Titanium,6 GB,64 GB,Yes,4.3,19999,19999,ASUS ZenFone Max Pro M2 ,0,0,15123,Germany
Apple,iPhone X ,Silver,3 GB,256 GB,Yes,4.6,106900,106900,Apple iPhone X ,0,0,28031,UK
SAMSUNG,Galaxy A03s ,Black,3 GB,32 GB,Yes,4,11499,13499,SAMSUNG Galaxy A03s ,2000,14.81591229,92839,USA
OPPO,Reno3 Pro,Sky White,8 GB,256 GB,Yes,4.4,27990,35990,OPPO Reno3 Pro,8000,22.22839678,94718,Japan
Lenovo,Vibe S1 ,Dark Blue,3 GB,32 GB,Yes,,13490,13490,Lenovo Vibe S1 ,0,0,65659,France
Lenovo,K8 Note ,Venom Black,3 GB,32 GB,Yes,4.1,7819,7819,Lenovo K8 Note ,0,0,48639,India
SAMSUNG,Galaxy F41 ,Fusion Blue,6 GB,64 GB,Yes,4.3,15999,19999,SAMSUNG Galaxy F41 ,4000,20.00100005,77068,France
realme,C25 ,Watery Grey,4 GB,128 GB,Yes,4.4,10999,11999,realme C25 ,1000,8.334027836,98870,Australia
Xiaomi,Redmi 9A ,Sea Blue,3 GB,32 GB,Yes,4.1,8498,8525,Xiaomi Redmi 9A ,27,0.316715543,44675,Canada
Nokia,6.1,Gold,4 GB,32 GB,Yes,4,9500,9500,Nokia 6.1,0,0,45855,USA
OPPO,Reno 10x Zoom,Jet Black,8 GB,256 GB,Yes,4.4,41990,55990,OPPO Reno 10x Zoom,14000,25.00446508,56272,Australia
Infinix,Hot 10S,Morandi Green,6 GB,64 GB,Yes,4.3,10999,13999,Infinix Hot 10S,3000,21.43010215,83689,South Korea
SAMSUNG,Galaxy J6 Plus ,Red,4 GB,64 GB,Yes,4.3,13600,13600,SAMSUNG Galaxy J6 Plus ,0,0,48519,Australia
OPPO,F9 Pro,Starry purple,6 GB,128 GB,Yes,4.5,21990,27990,OPPO F9 Pro,6000,21.43622722,20268,Japan
OPPO,A83 2018 Edition,Blue,4 GB,64 GB,Yes,4.3,15000,15000,OPPO A83 2018 Edition,0,0,11063,USA
LG,Velvet ,AURORA SILVER,6 GB,128 GB,Yes,4.2,29999,29999,LG Velvet ,0,0,60449,India
Apple,iPhone 6s ,Rose Gold,2 GB,32 GB,Yes,4.5,25299,29900,Apple iPhone 6s ,4601,15.38795987,16230,Japan
Apple,iPhone 12 ,White,4GB,256 GB,Yes,4.6,78999,80900,Apple iPhone 12 ,1901,2.349814586,66794,Japan
Nokia,6.1,Iron,3 GB,32 GB,Yes,4.2,17979,17979,Nokia 6.1,0,0,57916,Canada
Nokia,5.1 Plus ,White,3 GB,32 GB,Yes,4.3,13199,13199,Nokia 5.1 Plus ,0,0,14633,Canada
Google Pixel,3 XL ,Not Pink,4 GB,64 GB,Yes,4.6,83000,83000,Google Pixel 3 XL ,0,0,13597,UK
SAMSUNG,Galaxy J4 Plus ,Black,2 GB,32 GB,Yes,4.3,9000,9000,SAMSUNG Galaxy J4 Plus ,0,0,16169,UK
SAMSUNG,Galaxy A51 ,Prism Crush Black,6 GB,128 GB,Yes,4.3,20999,25999,SAMSUNG Galaxy A51 ,5000,19.2315089,17562,Brazil
OPPO,F11 Pro,Waterfall Grey,6 GB,128 GB,Yes,4.5,14990,29990,OPPO F11 Pro,15000,50.01667222,83795,Germany
SAMSUNG,Galaxy S21 Plus ,Phantom Black,8 GB,256 GB,Yes,4.4,75999,104999,SAMSUNG Galaxy S21 Plus ,29000,27.61931066,92153,USA
Nokia,6.1,White,4 GB,64 GB,Yes,4,12499,16990,Nokia 6.1,4491,26.433196,36735,USA
SAMSUNG,Galaxy Star Advance ,White,512 MB,4 GB,Yes,3.8,5499,5499,SAMSUNG Galaxy Star Advance ,0,0,16372,Australia
OPPO,F9,Stellar Purple,4 GB,64 GB,Yes,4.5,17890,21990,OPPO F9,4100,18.64483856,36070,USA
GIONEE,F205 ,Black and Gold,2 GB,16 GB,Yes,4,8479,8479,GIONEE F205 ,0,0,89906,USA
GIONEE,P5L ,Yellow,1 GB,16 GB,Yes,3.7,3990,7999,GIONEE P5L ,4009,50.11876485,22911,Germany
POCO,M3 Pro 5G ,Cool Blue,6 GB,128 GB,Yes,4.2,16499,17999,POCO M3 Pro 5G ,1500,8.333796322,83480,South Korea
Lenovo,A6000 Plus ,Black,2 GB,16 GB,Yes,4.1,7499,7499,Lenovo A6000 Plus ,0,0,87736,UK
Nokia,C3 ,Nordic Blue,3 GB,32 GB,Yes,3.8,7499,9999,Nokia C3 ,2500,25.00250025,91265,UK
LG,Q6 ,Gold,3 GB,32 GB,Yes,4,16990,16990,LG Q6 ,0,0,33276,India
Apple,iPhone 12 ,Black,4GB,128 GB,Yes,4.6,68999,70900,Apple iPhone 12 ,1901,2.681241185,82275,USA
Apple,iPhone 13 Pro Max,Silver,4GB,1 TB,Yes,4.7,179900,179900,Apple iPhone 13 Pro Max,0,0,91450,Germany
realme,X2 ,Pearl Blue,8 GB,256 GB,Yes,4.5,24999,24999,realme X2 ,0,0,70005,UK
SAMSUNG,Galaxy Note 5 ,Silver Titanium,4 GB,32 GB,Yes,4.1,46300,46300,SAMSUNG Galaxy Note 5 ,0,0,72982,Germany
realme,Narzo 30A ,Laser Blue,3 GB,32 GB,Yes,4.3,8999,9999,realme Narzo 30A ,1000,10.0010001,94660,France
ASUS,Zenfone Live ,Pink,2 GB,16 GB,Yes,4,7999,7999,ASUS Zenfone Live ,0,0,64554,South Korea
GIONEE,Pioneer P3 ,White,512 MB,4 GB,Yes,3.6,2350,7996,GIONEE Pioneer P3 ,5646,70.61030515,58448,USA
Lenovo,Vibe K5 Plus ,Silver,3 GB,16 GB,Yes,4,8499,8499,Lenovo Vibe K5 Plus ,0,0,44530,India
Nokia,2.2,Steel,3 GB,32 GB,Yes,4,9599,9599,Nokia 2.2,0,0,85704,Australia
Apple,iPhone XS Max ,Space Grey,4 GB,256 GB,Yes,4.6,78999,124900,Apple iPhone XS Max ,45901,36.75020016,86091,UK
Xiaomi,Redmi 6 Pro ,Red,3 GB,32 GB,Yes,4.5,9990,9990,Xiaomi Redmi 6 Pro ,0,0,27261,France
realme,C11 ,Rich Grey,2 GB,32 GB,Yes,4.4,7499,8999,realme C11 ,1500,16.66851872,13813,Germany
Apple,iPhone 12 Pro ,Graphite,6 GB,512 GB,Yes,4.6,139900,139900,Apple iPhone 12 Pro ,0,0,38025,Canada
GIONEE,Max Pro ,Red,3 GB,32 GB,Yes,3.8,7299,9999,GIONEE Max Pro ,2700,27.00270027,68657,Japan
vivo,V9 Youth,Black,4 GB,32 GB,Yes,4.4,19899,19990,vivo V9 Youth,91,0.455227614,37286,USA
SAMSUNG,Galaxy M30 ,Gradation Black,4 GB,64 GB,Yes,4.4,13589,16490,SAMSUNG Galaxy M30 ,2901,17.59248029,11606,USA
realme,3,Radiant Blue,3 GB,64 GB,Yes,4.5,9499,11999,realme 3,2500,20.83506959,81159,France
Xiaomi,Mi 11X Pro 5G ,Cosmic Black,8 GB,128 GB,Yes,4.4,39999,39999,Xiaomi Mi 11X Pro 5G ,0,0,82304,Germany
SAMSUNG,Galaxy A70s ,Prism Crush Black,8 GB,128 GB,Yes,4.3,30500,33100,SAMSUNG Galaxy A70s ,2600,7.854984894,37140,Brazil
Xiaomi,11 Lite NE,Jazz Blue,8 GB,128 GB,Yes,4.3,25684,25684,Xiaomi 11 Lite NE,0,0,87150,USA
Apple,iPhone 7 Plus ,Rose Gold,3 GB,256 GB,Yes,4.5,85400,85400,Apple iPhone 7 Plus ,0,0,66139,Brazil
SAMSUNG,Fold 2 5G ,Black,12 GB,256 GB,Yes,,169999,169999,SAMSUNG Fold 2 5G ,0,0,86126,Canada
Apple,iPhone XS ,Silver,4 GB,64 GB,Yes,4.7,62999,89900,Apple iPhone XS ,26901,29.92324805,23919,France
Infinix,Note 10 Pro,Nordic Secret,8 GB,256 GB,Yes,4.2,16999,19999,Infinix Note 10 Pro,3000,15.00075004,95656,Germany
Nokia,6.2,Black,4 GB,64 GB,Yes,4.2,12849,18999,Nokia 6.2,6150,32.37012474,37447,Germany
HTC,Wildfire X ,Blue,4 GB,128 GB,Yes,3.9,17999,17999,HTC Wildfire X ,0,0,23047,South Korea
GIONEE,F103 ,Pearl White,2 GB,16 GB,Yes,4,4489,9999,GIONEE F103 ,5510,55.10551055,34819,Japan
Apple,iPhone 6s Plus ,Silver,2 GB,32 GB,Yes,4.4,34900,34900,Apple iPhone 6s Plus ,0,0,14325,UK
Motorola,One Action ,Denim Blue,4 GB,128 GB,Yes,4.2,10999,16999,Motorola One Action ,6000,35.29619389,86324,UK
vivo,V7  ,Energetic Blue,4 GB,32 GB,Yes,4.4,15990,15990,vivo V7  ,0,0,19112,Australia
realme,X3 SuperZoom ,Arctic White,8 GB,256 GB,Yes,4.3,29999,31999,realme X3 SuperZoom ,2000,6.250195319,48111,India
LG,K-7 ,Titan,1.5 GB,8 GB,Yes,4.1,6590,6590,LG K-7 ,0,0,26390,France
LG,W11 ,Black,3 GB,32 GB,Yes,4,7690,7799,LG W11 ,109,1.397615079,51428,Canada
SAMSUNG,Galaxy A7 ,Black,6 GB,128 GB,Yes,4.4,24600,24600,SAMSUNG Galaxy A7 ,0,0,89580,Germany
Motorola,G7 Power,Ceramic Black,4 GB,64 GB,Yes,4.3,15999,15999,Motorola G7 Power,0,0,38747,Japan
realme,X2 ,Pearl Green,8 GB,128 GB,Yes,4.5,20999,20999,realme X2 ,0,0,97887,Brazil
SAMSUNG,Galaxy J2 Core ,Blue,1 GB,8 GB,Yes,4.2,6500,6500,SAMSUNG Galaxy J2 Core ,0,0,10118,France
Nokia,6.1,Gold,4 GB,64 GB,Yes,4,18300,18300,Nokia 6.1,0,0,94472,Australia
GIONEE,S6 ,Rose Gold,3 GB,32 GB,Yes,3.8,6600,6600,GIONEE S6 ,0,0,23235,France
POCO,M2  ,Brick Red,6 GB,64 GB,Yes,4.4,10499,12999,POCO M2  ,2500,19.23224863,63442,Australia
HTC,Desire 816  ,White  ,1.5 GB,8 GB,Yes,4.1,27390,27390,HTC Desire 816  ,0,0,10847,Germany
Nokia,6310,Black,8 MB,16 MB,Yes,,4189,4189,Nokia 6310,0,0,20955,India
Nokia,105,Black,32 MB,2 MB,Yes,4.1,1344,1344,Nokia 105,0,0,89240,Australia
Xiaomi,Mi 10T ,Cosmic Black,6 GB,128 GB,Yes,4.2,32999,39999,Xiaomi Mi 10T ,7000,17.50043751,56515,Germany
realme,X3 SuperZoom ,Arctic White,12 GB,256 GB,Yes,4.2,32999,34999,realme X3 SuperZoom ,2000,5.714448984,98237,Germany
Nokia,7 Plus ,White & Copper,4 GB,64 GB,Yes,4.3,15999,15999,Nokia 7 Plus ,0,0,16470,India
ASUS,Zenfone Selfie ,Grey,3 GB,32 GB,Yes,4,17999,17999,ASUS Zenfone Selfie ,0,0,40106,UK
realme,5 Pro ,Sparkling Blue,8 GB,128 GB,Yes,4.5,16999,17999,realme 5 Pro ,1000,5.555864215,52102,France
Apple,iPhone 6 ,Space Grey,1 GB,64 GB,Yes,4.4,44999,44999,Apple iPhone 6 ,0,0,74324,USA
Xiaomi,Mi 10i ,Midnight Black,6 GB,128 GB,Yes,4.3,22950,24198,Xiaomi Mi 10i ,1248,5.157451029,68068,USA
realme,C35,Glowing Black,4 GB,128 GB,Yes,4.5,12999,14999,realme C35,2000,13.33422228,59377,Brazil
SAMSUNG,Galaxy A8 ,White,2 GB,32 GB,Yes,4.2,33500,33500,SAMSUNG Galaxy A8 ,0,0,55588,Brazil
Xiaomi,Mi 10 ,Coral Green,8 GB,256 GB,Yes,4.2,54999,59999,Xiaomi Mi 10 ,5000,8.333472225,46977,USA
GIONEE,Marathon M5 lite CDMA ,Gold,3 GB,32 GB,Yes,3.9,13649,13649,GIONEE Marathon M5 lite CDMA ,0,0,77585,Canada
HTC,Desire 630,Sprinkle White,2 GB,16 GB,Yes,3.8,12570,12570,HTC Desire 630,0,0,88478,USA
realme,C12 ,Power Silver,3 GB,32 GB,Yes,4.4,8999,10999,realme C12 ,2000,18.18347122,52534,Brazil
Infinix,Smart 3 Plus,Mocha Brown,2 GB,32 GB,Yes,4.2,7999,7999,Infinix Smart 3 Plus,0,0,11829,Japan
Nokia,C3 ,Sand,2 GB,16 GB,Yes,3.7,7299,7299,Nokia C3 ,0,0,11918,Brazil
Nokia,6.1,White,4 GB,32 GB,Yes,4,17000,17000,Nokia 6.1,0,0,30619,Canada
Google Pixel,3 XL ,Clearly White,4 GB,128 GB,Yes,4.6,92000,92000,Google Pixel 3 XL ,0,0,42255,France
Apple,iPhone 7 Plus ,Gold,3 GB,32 GB,Yes,4.5,36999,37900,Apple iPhone 7 Plus ,901,2.377308707,57363,USA
Xiaomi,REDMI 9 Power ,Blazing Blue,6 GB,128 GB,Yes,4.2,13499,16999,Xiaomi REDMI 9 Power ,3500,20.58944644,30129,India
SAMSUNG,Galaxy Core ,Chic White,1 GB,8 GB,Yes,4,14700,14700,SAMSUNG Galaxy Core ,0,0,69384,Japan
LG,Stylus 2 ,Brown,2 GB,16 GB,Yes,4.1,9999,9999,LG Stylus 2 ,0,0,75546,Germany
GIONEE,P5L ,Gold,1 GB,16 GB,Yes,3.7,4290,4290,GIONEE P5L ,0,0,92181,Canada
OPPO,A71k,Blue,3 GB,16 GB,Yes,4.4,10990,10990,OPPO A71k,0,0,97959,Brazil
realme,GT 5G ,Dashing Blue,8 GB,128 GB,Yes,4.3,37999,40999,realme GT 5G ,3000,7.31725164,19866,India
Motorola,G5,Lunar Grey,3 GB,16 GB,Yes,4.2,5450,5450,Motorola G5,0,0,12220,Australia
SAMSUNG,Galaxy Star 2 ,White,512 MB,4 GB,Yes,3.9,4890,4890,SAMSUNG Galaxy Star 2 ,0,0,49810,UK
Infinix,Note 5,Milan Black,4 GB,64 GB,Yes,4.2,12999,12999,Infinix Note 5,0,0,15288,USA
Infinix,Smart 5A,Quetzal Cyan,2 GB,32 GB,Yes,4.4,7199,7999,Infinix Smart 5A,800,10.00125016,44388,UK
Apple,iPhone 11 Pro Max ,Gold,4GB,256 GB,Yes,4.7,131900,131900,Apple iPhone 11 Pro Max ,0,0,18513,Canada
SAMSUNG,Galaxy S21 ,Phantom White,8 GB,128 GB,Yes,4.3,69999,83999,SAMSUNG Galaxy S21 ,14000,16.66686508,11343,Australia
Infinix,Note 10,Emerald Green,6 GB,128 GB,Yes,4.2,12499,14999,Infinix Note 10,2500,16.66777785,73077,Australia
OPPO,F19 Pro,Crystal Silver,8 GB,128 GB,Yes,4.3,21990,23990,OPPO F19 Pro,2000,8.336807003,29217,Australia
SAMSUNG,Galaxy Core 2 ,Black,768 MB,4 GB,Yes,3.9,5920,5920,SAMSUNG Galaxy Core 2 ,0,0,89768,Germany
GIONEE,L700,Black,8 MB,16 MB,Yes,3.9,1099,1099,GIONEE L700,0,0,36615,Canada
Infinix,Hot S3,Sandstone Black,4 GB,64 GB,Yes,4.1,11999,11999,Infinix Hot S3,0,0,46259,France
realme,C15 Qualcomm Edition ,Power Silver,4 GB,64 GB,Yes,4.4,12999,12999,realme C15 Qualcomm Edition ,0,0,52079,UK
Motorola,G6 Plus ,Indigo Black,6 GB,64 GB,Yes,4.3,11829,11829,Motorola G6 Plus ,0,0,93525,France
OPPO,A37f,Black,2 GB,16 GB,Yes,4.2,9990,9990,OPPO A37f,0,0,22220,India
Xiaomi,Redmi Note 7 Pro ,Nebula Red,4 GB,64 GB,Yes,4.3,14999,14999,Xiaomi Redmi Note 7 Pro ,0,0,10236,South Korea
SAMSUNG,Galaxy E5 ,White,1.5 GB,16 GB,Yes,4.2,8490,8490,SAMSUNG Galaxy E5 ,0,0,52930,Japan
vivo,V21e ,Dark Pearl,6 GB,64 GB,Yes,4.5,19990,24990,vivo V21e ,5000,20.0080032,77445,Japan
realme,8 5G ,Supersonic Blue,4 GB,128 GB,Yes,4.3,16499,16999,realme 8 5G ,500,2.941349491,18568,France
Xiaomi,Redmi Y2 ,Blue,4 GB,64 GB,Yes,4.3,10999,10999,Xiaomi Redmi Y2 ,0,0,80793,South Korea
Apple,iPhone 12 ,Green,4GB,64 GB,Yes,4.6,63999,65900,Apple iPhone 12 ,1901,2.884673748,75442,South Korea
Infinix,Hot 10S,Purple,6 GB,64 GB,Yes,4.3,10999,13999,Infinix Hot 10S,3000,21.43010215,94556,USA
Infinix,Note 5 Stylus,Bordeaux Red ,4 GB,64 GB,Yes,3.9,16999,16999,Infinix Note 5 Stylus,0,0,83699,India
SAMSUNG,Galaxy Note 3 ,Classic White,3 GB,32 GB,Yes,4.2,50650,50650,SAMSUNG Galaxy Note 3 ,0,0,15416,Canada
realme,C15 Qualcomm Edition ,Power Blue,4 GB,64 GB,Yes,4.4,12999,12999,realme C15 Qualcomm Edition ,0,0,46160,South Korea
Apple,iPhone SE ,Red,2 GB,256 GB,Yes,4.5,54900,54900,Apple iPhone SE ,0,0,53926,Brazil
realme,Narzo 10A ,So Blue,3 GB,32 GB,Yes,4.5,8999,9999,realme Narzo 10A ,1000,10.0010001,15952,Japan
ASUS,Zenfone Go ,Gold,1 GB,8 GB,Yes,3.8,4649,4649,ASUS Zenfone Go ,0,0,97389,Brazil
OPPO,Reno3 Pro,Auroral Blue,8 GB,128 GB,Yes,4.4,24989,24989,OPPO Reno3 Pro,0,0,18008,India
Nokia,7.1,Blue,4 GB,64 GB,Yes,4.1,11199,11199,Nokia 7.1,0,0,51833,South Korea
Nokia,2.1,Blue & Silver,1 GB,8 GB,Yes,4,7712,7712,Nokia 2.1,0,0,68597,UK
realme,X ,Space Blue,4 GB,128 GB,Yes,4.5,17999,17999,realme X ,0,0,40524,Japan
Lenovo,Vibe K5 Plus ,Silver,2 GB,16 GB,Yes,4,8499,8499,Lenovo Vibe K5 Plus ,0,0,98862,USA
Apple,iPhone XS Max ,Gold,4 GB,512 GB,Yes,4.6,144900,144900,Apple iPhone XS Max ,0,0,96741,USA
SAMSUNG,Galaxy J7 Duo ,Blue,4 GB,32 GB,Yes,4.3,17990,17990,SAMSUNG Galaxy J7 Duo ,0,0,25525,Australia
SAMSUNG,Galaxy M20 ,Ocean Blue,3 GB,32 GB,Yes,4.3,10990,11290,SAMSUNG Galaxy M20 ,300,2.657218778,29283,Germany
HTC,Desire 820,Santorini White,2 GB,16 GB,Yes,4,25999,25999,HTC Desire 820,0,0,33931,South Korea
vivo,X60 ,Midnight Black,8 GB,128 GB,Yes,4.3,13990,16990,vivo X60 ,3000,17.65744556,10078,India
Xiaomi,Redmi Note 7S ,Sapphire Blue,4 GB,64 GB,Yes,4.3,13500,13500,Xiaomi Redmi Note 7S ,0,0,30612,Japan
Nokia,3.1,Black,2 GB,16 GB,Yes,3.9,10000,10000,Nokia 3.1,0,0,26985,Germany
realme,C2 ,Diamond Blue,2 GB,16 GB,Yes,4.4,6499,6999,realme C2 ,500,7.143877697,24061,India
Nokia,Asha 503 ,White,512 MB,Expandable Upto 32 GB,Yes,3.8,7399,7399,Nokia Asha 503 ,0,0,92986,France
Apple,iPhone XR ,Blue,3 GB,64 GB,Yes,4.6,42999,47900,Apple iPhone XR ,4901,10.23173278,94057,South Korea
realme,X7 5G ,Space Silver,6 GB,128 GB,Yes,4.3,19999,21999,realme X7 5G ,2000,9.091322333,53304,Canada
Apple,iPhone 13 Pro ,Sierra Blue,6 GB,256 GB,Yes,,129900,129900,Apple iPhone 13 Pro ,0,0,69208,Canada
SAMSUNG,Galaxy A7 2016 Edition ,Gold,3 GB,16 GB,Yes,4.1,17490,17490,SAMSUNG Galaxy A7 2016 Edition ,0,0,85047,South Korea
SAMSUNG,Guru Music 2,Black,,2 MB,Yes,4.3,1450,1450,SAMSUNG Guru Music 2,0,0,39288,Australia
Nokia,3.1,Black,3 GB,32 GB,Yes,4,6990,6990,Nokia 3.1,0,0,49712,Australia
SAMSUNG,Galaxy F42 5G ,Matte Aqua,6 GB,128 GB,Yes,4.1,20999,23999,SAMSUNG Galaxy F42 5G ,3000,12.50052086,21955,Canada
SAMSUNG,Galaxy M10 ,Ocean Blue,2 GB,16 GB,Yes,4.3,8190,8190,SAMSUNG Galaxy M10 ,0,0,83341,UK
LG,Velvet Dual Screen ,Aurora Silver,6 GB,128 GB,Yes,4.4,44990,55000,LG Velvet Dual Screen ,10010,18.2,82102,Japan
Nokia,1,Warm Red,1 GB,8 GB,Yes,3.9,4672,4672,Nokia 1,0,0,81521,Canada
Apple,iPhone 6s Plus ,Space Grey,2 GB,32 GB,Yes,4.4,34900,34900,Apple iPhone 6s Plus ,0,0,97063,UK
SAMSUNG,Galaxy M11 ,Metallic Blue,4 GB,64 GB,Yes,4.3,12499,12800,SAMSUNG Galaxy M11 ,301,2.3515625,28575,Germany
SAMSUNG,M52 5G,Blazing Black,8 GB,128 GB,Yes,4.3,27839,31889,SAMSUNG M52 5G,4050,12.70030418,19185,UK
OPPO,A83,Red,2 GB,16 GB,Yes,4.2,9990,9990,OPPO A83,0,0,29097,Germany
Apple,iPhone 7 ,Black,2 GB,128 GB,Yes,4.5,34900,34900,Apple iPhone 7 ,0,0,77729,India
Xiaomi,11 Lite NE,Jazz Blue,6 GB,128 GB,Yes,4.3,23990,23990,Xiaomi 11 Lite NE,0,0,44017,Brazil
SAMSUNG,Galaxy S21 SE 5G,Graphite,8 GB,128 GB,Yes,4.3,54990,54990,SAMSUNG Galaxy S21 SE 5G,0,0,21247,India
SAMSUNG,Guru GT,Black,153 MB,153 MB,Yes,4.1,1549,1549,SAMSUNG Guru GT,0,0,55559,Canada
ASUS,ZenFone Max M1 ,Black,4 GB,64 GB,Yes,4,9599,9599,ASUS ZenFone Max M1 ,0,0,28382,Germany
realme,C25s ,Watery Grey,4 GB,128 GB,Yes,4.4,11999,11999,realme C25s ,0,0,46456,Canada
realme,2,Diamond Black,3 GB,,Yes,4.5,9990,9990,realme 2,0,0,14019,South Korea
Apple,iPhone 8 Plus ,Silver,3 GB,64 GB,Yes,4.6,49900,49900,Apple iPhone 8 Plus ,0,0,21303,Japan
realme,Narzo 50i ,Carbon Black,2 GB,32 GB,Yes,4.3,7499,7999,realme Narzo 50i ,500,6.250781348,77507,USA
vivo,Y33T,Midday Dream,8 GB,128 GB,Yes,3.9,18990,22990,vivo Y33T,4000,17.39886907,51158,Canada
SAMSUNG,Galaxy M12 ,Black,6 GB,128 GB,Yes,4.2,13984,15499,SAMSUNG Galaxy M12 ,1515,9.774824182,64918,Japan
Apple,iPhone SE ,White,2 GB,128 GB,Yes,4.5,44900,44900,Apple iPhone SE ,0,0,93123,UK
Motorola,E6s,Rich Cranberry,4 GB,64 GB,Yes,4.1,7999,9999,Motorola E6s,2000,20.0020002,34520,India
realme,X7 Max,Milkyway Grey,12 GB,256 GB,Yes,4.3,29999,32999,realme X7 Max,3000,9.091184581,97488,UK
realme,C2 ,Diamond Black,2 GB,32 GB,Yes,4.4,6999,7999,realme C2 ,1000,12.5015627,66820,USA
SAMSUNG,Galaxy A52 ,Awesome Black,6 GB,128 GB,Yes,4.3,27499,30499,SAMSUNG Galaxy A52 ,3000,9.836388078,90911,Germany
ASUS,Zenfone Zoom ,White,4 GB,64 GB,Yes,3.6,37999,37999,ASUS Zenfone Zoom ,0,0,81325,South Korea
Xiaomi,Redmi 8 ,Onyx Black,4 GB,64 GB,Yes,4.3,10999,10999,Xiaomi Redmi 8 ,0,0,15409,Japan
HTC,Desire 326G DS,White Birch,1 GB,8 GB,Yes,3.7,9590,9590,HTC Desire 326G DS,0,0,69380,South Korea
SAMSUNG,Galaxy A22 ,Mint,6 GB,128 GB,Yes,4.3,18499,20499,SAMSUNG Galaxy A22 ,2000,9.756573491,35054,Brazil
SAMSUNG,Galaxy A32 ,Awesome Black,8 GB,128 GB,Yes,4.4,22930,26990,SAMSUNG Galaxy A32 ,4060,15.04260837,19447,Canada
POCO,M2 Pro,Green and Greener,6 GB,64 GB,Yes,4.3,14999,16999,POCO M2 Pro,2000,11.76539796,10923,Germany
SAMSUNG,Galaxy A20s ,Green,3 GB,32 GB,Yes,4.3,11599,12900,SAMSUNG Galaxy A20s ,1301,10.08527132,61357,Brazil
GIONEE,M7 Power ,Black,4 GB,64 GB,Yes,4.1,7899,7899,GIONEE M7 Power ,0,0,20790,France
realme,Narzo 30 ,Racing Blue,6 GB,128 GB,Yes,4.3,15499,16999,realme Narzo 30 ,1500,8.824048473,76657,Canada
SAMSUNG,Galaxy A20 ,Red,3 GB,32 GB,Yes,4.3,12900,12900,SAMSUNG Galaxy A20 ,0,0,54029,UK
OPPO,A54,Crystal Black,6 GB,128 GB,Yes,4.3,16990,17990,OPPO A54,1000,5.558643691,74485,India
GIONEE,Marathon M5 Lite ,Gold,3 GB,32 GB,Yes,3.8,5990,5990,GIONEE Marathon M5 Lite ,0,0,42155,Japan
realme,1,Solar Red,6 GB,128 GB,Yes,4.3,12799,12799,realme 1,0,0,92871,USA
Lenovo,ZUK Z1 ,Space Grey,3 GB,64 GB,Yes,3.4,7499,13499,Lenovo ZUK Z1 ,6000,44.44773687,12337,USA
SAMSUNG,Galaxy J7 - 6 New 2016 Edition) ,Gold,2 GB,16 GB,Yes,4.3,13800,13800,SAMSUNG Galaxy J7 - 6 New 2016 Edition) ,0,0,77780,UK
Motorola,E 2nd Gen 3G ,White,1 GB,8 GB,Yes,4.1,5999,5999,Motorola E 2nd Gen 3G ,0,0,29030,Australia
Apple,iPhone X ,Silver,3 GB,64 GB,Yes,4.6,91900,91900,Apple iPhone X ,0,0,69202,USA
SAMSUNG,Galaxy A12 ,Black,4 GB,64 GB,Yes,4.2,15999,15999,SAMSUNG Galaxy A12 ,0,0,42266,Japan
Lenovo,A5000 ,White,1 GB,8 GB,Yes,4,9999,9999,Lenovo A5000 ,0,0,53873,UK
vivo,Y73 ,Diamond Flare,3 GB,64 GB,Yes,4.4,28990,28990,vivo Y73 ,0,0,56198,Germany
Motorola,C Plus,Pearl White,2 GB,16 GB,Yes,4.2,6900,6900,Motorola C Plus,0,0,65181,USA
Infinix,Hot 10,Obsidian Black,4 GB,64 GB,Yes,4.4,11999,11999,Infinix Hot 10,0,0,33711,South Korea
SAMSUNG,Galaxy J5 ,Black,1.5 GB,8 GB,Yes,4.3,7990,7990,SAMSUNG Galaxy J5 ,0,0,39487,UK
Nokia,8,Steel,4 GB,64 GB,Yes,4,36999,36999,Nokia 8,0,0,81908,Japan
SAMSUNG,Galaxy On8 ,Black,4 GB,64 GB,Yes,4.4,19990,19990,SAMSUNG Galaxy On8 ,0,0,81896,South Korea
Lenovo,K6 Note ,Grey,4 GB,32 GB,Yes,4,9150,9150,Lenovo K6 Note ,0,0,74436,Canada
POCO,X2,Pheonix Red,6 GB,64 GB,Yes,4.5,14999,18999,POCO X2,4000,21.05373967,50632,Canada
SAMSUNG,Galaxy M32 ,Blue,4 GB,64 GB,Yes,4.2,15399,15499,SAMSUNG Galaxy M32 ,100,0.645202916,30104,USA
LG,W30 ,Thunder Blue,3 GB,32 GB,Yes,3.9,8399,8399,LG W30 ,0,0,74773,South Korea
Apple,iPhone 7 Plus ,Red,3 GB,128 GB,Yes,4.5,42900,42900,Apple iPhone 7 Plus ,0,0,24383,India
Apple,iPhone 13 Pro ,Silver,6 GB,128 GB,Yes,,119900,119900,Apple iPhone 13 Pro ,0,0,94292,Canada
Nokia,216 DS 2020,Black,16 MB,16 MB,Yes,4.2,2450,2450,Nokia 216 DS 2020,0,0,13757,India
SAMSUNG,Galaxy M11 ,Metallic Blue,3 GB,32 GB,Yes,4.2,11745,11745,SAMSUNG Galaxy M11 ,0,0,30610,Germany
SAMSUNG,Galaxy A70s ,Prism Crush Black,6 GB,128 GB,Yes,4.3,17999,31000,SAMSUNG Galaxy A70s ,13001,41.93870968,26479,UK
Apple,iPhone 12 Mini ,Green,4GB,256 GB,Yes,4.5,71999,74900,Apple iPhone 12 Mini ,2901,3.873164219,49667,Brazil
LG,G8s ThinQ ,Black,6 GB,128 GB,Yes,,29999,29999,LG G8s ThinQ ,0,0,85684,Japan
Infinix,Hot 10,Ocean Wave,6 GB,128 GB,Yes,4.3,13999,13999,Infinix Hot 10,0,0,81316,UK
realme,1,Black,4 GB,64 GB,Yes,4.4,10990,14990,realme 1,4000,26.6844563,87835,Japan
Apple,iPhone 12 Mini ,Green,4GB,64 GB,Yes,4.5,56999,59900,Apple iPhone 12 Mini ,2901,4.843071786,24154,South Korea
Apple,iPhone 13 Pro Max ,Gold,6 GB,,Yes,,179900,179900,Apple iPhone 13 Pro Max ,0,0,86326,Germany
realme,8 Pro ,Illuminating Yellow,6 GB,128 GB,Yes,4.3,17999,19999,realme 8 Pro ,2000,10.00050003,23000,France
Apple,iPhone 11 Pro ,Gold,4GB,64 GB,Yes,4.6,79999,106600,Apple iPhone 11 Pro ,26601,24.95403377,65319,USA
Apple,iPhone XR ,White,3 GB,128 GB,Yes,4.6,47999,52900,Apple iPhone XR ,4901,9.264650284,10815,Japan
SAMSUNG,Galaxy J2 ,Gold,1 GB,8 GB,Yes,4.1,7400,7400,SAMSUNG Galaxy J2 ,0,0,86078,Japan
vivo,V21 5G ,Sunset Dazzle,8 GB,256 GB,Yes,4.5,15490,19490,vivo V21 5G ,4000,20.52334531,12444,South Korea
vivo,V21 5G ,Dusk Blue,12 GB,256 GB,Yes,4.4,14990,14990,vivo V21 5G ,0,0,85994,India
POCO,M4 Pro 5G,Yellow,8 GB,128 GB,Yes,4.4,18999,21999,POCO M4 Pro 5G,3000,13.6369835,85917,UK
SAMSUNG,Galaxy Star Advance ,Black,512 MB,4 GB,Yes,3.8,3500,3500,SAMSUNG Galaxy Star Advance ,0,0,83320,France
GIONEE,F103 Pro ,White,3 GB,16 GB,Yes,3.9,8999,8999,GIONEE F103 Pro ,0,0,27369,Australia
vivo,S1,Skyline Blue,4 GB,128 GB,Yes,4.4,19990,19990,vivo S1,0,0,25329,USA
OPPO,A5s,Red,3 GB,32 GB,Yes,4.4,12990,12990,OPPO A5s,0,0,66943,Brazil
GIONEE,A1 ,Grey,4 GB,64 GB,Yes,4,21499,21499,GIONEE A1 ,0,0,37307,Australia
OPPO,A55,Starry Black,4 GB,64 GB,Yes,4.3,15490,15490,OPPO A55,0,0,95452,UK
SAMSUNG,Galaxy S20 ,Cloud Blue,8 GB,128 GB,Yes,4.3,49980,49980,SAMSUNG Galaxy S20 ,0,0,49916,USA
realme,6,Comet White,8 GB,128 GB,Yes,4.4,16999,17999,realme 6,1000,5.555864215,47220,Japan
SAMSUNG,Galaxy M30 ,Gradation Blue,6 GB,128 GB,Yes,4.3,15890,15990,SAMSUNG Galaxy M30 ,100,0.625390869,90880,Brazil
SAMSUNG,Galaxy M30 ,Gradation Blue,4 GB,64 GB,Yes,4.4,13995,14455,SAMSUNG Galaxy M30 ,460,3.182289865,74645,India
OPPO,A55,Rainbow Blue,6 GB,128 GB,Yes,3.8,17490,20990,OPPO A55,3500,16.67460696,70280,France
Lenovo,VIBE P1m ,White,2 GB,16 GB,Yes,4.1,6999,6999,Lenovo VIBE P1m ,0,0,63029,India
realme,5 Pro ,Crystal Green,4 GB,64 GB,Yes,4.5,13999,14999,realme 5 Pro ,1000,6.667111141,10127,Germany
ASUS,ROG Phone II ,Black,8 GB,128 GB,Yes,4.6,40999,40999,ASUS ROG Phone II ,0,0,62330,South Korea
vivo,Y71i,Matte Black,2 GB,16 GB,Yes,4.3,8990,8990,vivo Y71i,0,0,37633,USA
Apple,iPhone XS Max ,Silver,4 GB,512 GB,Yes,4.6,144900,144900,Apple iPhone XS Max ,0,0,75311,India
POCO,M4 Pro 5G,Power Black,4 GB,64 GB,Yes,4.5,14999,16999,POCO M4 Pro 5G,2000,11.76539796,65177,Australia
SAMSUNG,Galaxy S21 Plus ,Phantom Silver,8 GB,128 GB,Yes,4.4,71999,100999,SAMSUNG Galaxy S21 Plus ,29000,28.71315558,96067,South Korea
SAMSUNG,Galaxy J7 - 6 New 2016 Edition) ,Black,2 GB,16 GB,Yes,4.3,13800,15014,SAMSUNG Galaxy J7 - 6 New 2016 Edition) ,1214,8.085786599,54328,India
realme,C11 2021 ,Cool Grey,2 GB,32 GB,Yes,4.3,7299,7999,realme C11 2021 ,700,8.751093887,78905,Canada
LG,X Power ,Black,2 GB,16 GB,Yes,4,8499,8499,LG X Power ,0,0,13798,Germany
SAMSUNG,Galaxy M30S ,Quartz Green,4 GB,128 GB,Yes,4.3,15499,15999,SAMSUNG Galaxy M30S ,500,3.125195325,57883,UK
Motorola,Z2 Play,Fine Gold,4 GB,64 GB,Yes,4.4,27999,27999,Motorola Z2 Play,0,0,23719,France
GIONEE,Max Pro ,Blue,3 GB,32 GB,Yes,3.8,7299,9999,GIONEE Max Pro ,2700,27.00270027,44561,Germany
SAMSUNG,Galaxy A70s ,Prism Crush Red,8 GB,128 GB,Yes,4.3,30500,33100,SAMSUNG Galaxy A70s ,2600,7.854984894,86590,South Korea
LG,W30 Plus ,Aurora Green,4 GB,64 GB,Yes,3.8,12790,12790,LG W30 Plus ,0,0,32117,Canada
SAMSUNG,Galaxy A2 Core ,Dark Gray,1 GB,16 GB,Yes,4.2,5900,5900,SAMSUNG Galaxy A2 Core ,0,0,46245,USA
realme,C15 ,Power Blue,4 GB,64 GB,Yes,4.4,10999,12999,realme C15 ,2000,15.38579891,11646,Australia
SAMSUNG,Galaxy A72 ,Awesome Blue,8 GB,128 GB,Yes,4.3,34999,41999,SAMSUNG Galaxy A72 ,7000,16.6670635,57524,France
SAMSUNG,Galaxy M11 ,Violet,3 GB,32 GB,Yes,4.2,11745,11745,SAMSUNG Galaxy M11 ,0,0,29257,France
SAMSUNG,Galaxy J7 ,White,1.5 GB,16 GB,Yes,4.3,11700,11700,SAMSUNG Galaxy J7 ,0,0,63174,Germany
SAMSUNG,Guru FM Plus SM-B110E/D,Black,,2 MB,Yes,4.3,1375,1375,SAMSUNG Guru FM Plus SM-B110E/D,0,0,47431,South Korea
OPPO,Reno3 Pro,Midnight Black,8 GB,128 GB,Yes,4.4,24768,24990,OPPO Reno3 Pro,222,0.888355342,49283,USA
Xiaomi,Redmi Note 11T 5G,Matte Black,6 GB,130 GB,Yes,4.2,19100,19100,Xiaomi Redmi Note 11T 5G,0,0,73375,Japan
Nokia,2.4,Charcoal Grey,3 GB,64 GB,Yes,4,10399,11499,Nokia 2.4,1100,9.566049222,78245,Canada
Nokia,2.3,Charcoal,2 GB,32 GB,Yes,4,9999,9999,Nokia 2.3,0,0,21695,Japan
GIONEE,Pioneer P4 ,White,1 GB,8 GB,Yes,3.8,4850,4850,GIONEE Pioneer P4 ,0,0,66265,Australia
Apple,iPhone XS ,Gold,4 GB,64 GB,Yes,4.7,62999,89900,Apple iPhone XS ,26901,29.92324805,85061,USA
vivo,Y91i ,Fusion Black,8 GB,128 GB,Yes,4.4,14990,14990,vivo Y91i ,0,0,67546,USA
Apple,iPhone 6s Plus ,Rose Gold,2 GB,,Yes,4.4,34900,34900,Apple iPhone 6s Plus ,0,0,49225,Canada
SAMSUNG,Guru FM Plus SM-B110E/D,Black,,2 MB,Yes,4.3,1450,1450,SAMSUNG Guru FM Plus SM-B110E/D,0,0,23225,Brazil
LG,K9 4G LTE ,Black,2 GB,16 GB,Yes,4,7999,7999,LG K9 4G LTE ,0,0,50739,Japan
SAMSUNG,Galaxy A2 Core ,Blue,1 GB,16 GB,Yes,4.2,5900,5900,SAMSUNG Galaxy A2 Core ,0,0,35151,India
Lenovo,A6000 Shot ,White,2 GB,16 GB,Yes,3.7,7990,7990,Lenovo A6000 Shot ,0,0,73732,France
realme,8 Pro ,Illuminating Yellow,8 GB,,Yes,4.4,19999,21999,realme 8 Pro ,2000,9.091322333,59689,Brazil
SAMSUNG,Galaxy J1 Ace ,White,512 MB,4 GB,Yes,3.9,5110,5110,SAMSUNG Galaxy J1 Ace ,0,0,83510,India
Nokia,110 TA-1302 DS,Black,4 MB,4 MB,Yes,4.1,1680,1762,Nokia 110 TA-1302 DS,82,4.653802497,18578,South Korea
Apple,iPhone 11 Pro ,Midnight Green,4GB,64 GB,Yes,4.6,79999,106600,Apple iPhone 11 Pro ,26601,24.95403377,18071,Canada
SAMSUNG,Galaxy Alpha ,Frosted Gold,2 GB,32 GB,Yes,3.6,42000,42000,SAMSUNG Galaxy Alpha ,0,0,18667,South Korea
Nokia,5.1 Plus ,Black,6 GB,64 GB,Yes,3.7,14999,14999,Nokia 5.1 Plus ,0,0,67762,France
Nokia,4.2,Pink Sand,3 GB,32 GB,Yes,4,13699,13699,Nokia 4.2,0,0,46369,UK
Lenovo,K8 Plus ,Venom Black,3 GB,32 GB,Yes,4.2,10999,10999,Lenovo K8 Plus ,0,0,16784,India
Apple,iPhone 13 Pro ,Gold,6 GB,512 GB,Yes,,149900,149900,Apple iPhone 13 Pro ,0,0,51915,Brazil
GIONEE,F103 Pro ,Gold,3 GB,16 GB,Yes,3.9,5290,5290,GIONEE F103 Pro ,0,0,80508,India
Xiaomi,Redmi 9A ,Nature Green,2 GB,32 GB,Yes,4.1,7698,7698,Xiaomi Redmi 9A ,0,0,89027,India
Nokia,112,Black,16 MB,16 MB,Yes,4.1,3100,3100,Nokia 112,0,0,77527,Canada
Apple,iPhone 7 ,Black,2 GB,256 GB,Yes,4.5,74400,74400,Apple iPhone 7 ,0,0,80836,South Korea
OPPO,A31,Lake Green,4 GB,64 GB,Yes,4.3,11960,12990,OPPO A31,1030,7.929176289,55766,Japan
SAMSUNG,Galaxy Note 5 ,Gold Platinum,4 GB,32 GB,Yes,4.1,46300,46300,SAMSUNG Galaxy Note 5 ,0,0,29957,UK
Apple,iPhone XR ,Blue,3 GB,128 GB,Yes,4.6,47999,52900,Apple iPhone XR ,4901,9.264650284,97896,Canada
Apple,iPhone 11 ,Yellow,4GB,128 GB,Yes,4.6,54900,54900,Apple iPhone 11 ,0,0,56241,Australia
SAMSUNG,Galaxy A12 ,Black,4 GB,128 GB,Yes,4.2,14999,14999,SAMSUNG Galaxy A12 ,0,0,47149,Canada
Apple,iPhone 8 Plus ,Gold,3 GB,256 GB,Yes,4.6,84900,84900,Apple iPhone 8 Plus ,0,0,14758,France
Lenovo,Vibe K5 Note ,Gold,4 GB,64 GB,Yes,4.1,13499,13499,Lenovo Vibe K5 Note ,0,0,29098,UK
SAMSUNG,Galaxy A22 ,Mint,6 GB,128 GB,Yes,4.3,18499,20499,SAMSUNG Galaxy A22 ,2000,9.756573491,20396,USA
Lenovo,Z2 Plus ,Black,3 GB,32 GB,Yes,3.9,8250,8250,Lenovo Z2 Plus ,0,0,26242,Australia
SAMSUNG,M01 core ,Blue,2 GB,32 GB,Yes,3.9,5999,5999,SAMSUNG M01 core ,0,0,37697,Germany
SAMSUNG,Galaxy Grand Neo Plus ,Gold,1 GB,8 GB,Yes,4,6999,6999,SAMSUNG Galaxy Grand Neo Plus ,0,0,80481,Canada
Apple,iPhone 7 Plus ,Jet Black,3 GB,32 GB,Yes,4.5,36999,37900,Apple iPhone 7 Plus ,901,2.377308707,56164,India
Nokia,C01 Plus ,Grey,2 GB,16 GB,Yes,,5999,5999,Nokia C01 Plus ,0,0,29817,Japan
LG,Optimus L3 II E425 ,Black,512 MB,4 GB,Yes,3.9,6299,6299,LG Optimus L3 II E425 ,0,0,59841,USA
HTC,Desire 626,Blue Lagoon,2 GB,16 GB,Yes,3.7,13200,13200,HTC Desire 626,0,0,62854,Canada
SAMSUNG,Galaxy A3 ,Pearl White,1 GB,16 GB,Yes,4,10800,10800,SAMSUNG Galaxy A3 ,0,0,34918,Canada
Infinix,S4,Twilight Purple,4 GB,64 GB,Yes,4.3,10999,10999,Infinix S4,0,0,31567,Brazil
Apple,iPhone 11 Pro ,Silver,4GB,256 GB,Yes,4.6,121300,121300,Apple iPhone 11 Pro ,0,0,85453,Brazil
SAMSUNG,Galaxy Grand 2 ,Gold,1.5 GB,8 GB,Yes,4.1,15999,16740,SAMSUNG Galaxy Grand 2 ,741,4.426523297,72824,USA
Google Pixel,Nexus 5X ,Ice,2 GB,32 GB,Yes,4.3,29990,29990,Google Pixel Nexus 5X ,0,0,30807,South Korea
Nokia,130,Black,4 MB,8 MB,Yes,4.2,1625,1625,Nokia 130,0,0,85521,Brazil
Apple,iPhone 11 Pro Max ,Midnight Green,4GB,256 GB,Yes,4.7,131900,131900,Apple iPhone 11 Pro Max ,0,0,11760,India
Xiaomi,Redmi 6A ,Black,2 GB,32 GB,Yes,4.3,7989,7989,Xiaomi Redmi 6A ,0,0,51950,Australia
Xiaomi,Redmi Note 8 ,Neptune Blue,4 GB,64 GB,Yes,4.4,12999,12999,Xiaomi Redmi Note 8 ,0,0,12483,Germany
Apple,iPhone 13 Pro Max ,Silver,6 GB,,Yes,,129900,129900,Apple iPhone 13 Pro Max ,0,0,34443,UK
OPPO,A71 New Edition,Black,3 GB,16 GB,Yes,4.4,9940,9940,OPPO A71 New Edition,0,0,43720,Germany
Apple,iPhone 12 Pro ,Pacific Blue,6 GB,128 GB,Yes,4.6,109900,109900,Apple iPhone 12 Pro ,0,0,68067,Germany
SAMSUNG,Galaxy A8 ,Black,2 GB,32 GB,Yes,4.2,25990,25990,SAMSUNG Galaxy A8 ,0,0,12080,UK
SAMSUNG,Galaxy J4 ,Gold,2 GB,16 GB,Yes,4.3,9500,9500,SAMSUNG Galaxy J4 ,0,0,12718,Brazil
OPPO,A9 2020,Marine Green,4 GB,128 GB,Yes,4.3,14990,18990,OPPO A9 2020,4000,21.06371775,69677,USA
Infinix,Note 5 Stylus,Charcoal Blue,4 GB,64 GB,Yes,3.9,16999,16999,Infinix Note 5 Stylus,0,0,37953,UK
realme,8 Pro ,Illuminating Yellow,8 GB,128 GB,Yes,4.4,19999,21999,realme 8 Pro ,2000,9.091322333,96445,France
Nokia,150/150 DS,Black,4 MB,4 MB,Yes,4.2,2540,2540,Nokia 150/150 DS,0,0,52461,South Korea
OPPO,A16,Crystal Black,4 GB,64 GB,Yes,,13490,13490,OPPO A16,0,0,82848,Australia
SAMSUNG,Galaxy S20 FE ,Cloud Red,8 GB,128 GB,Yes,4,49999,65999,SAMSUNG Galaxy S20 FE ,16000,24.24279156,99107,Japan
SAMSUNG,Galaxy Core 2 ,White,768 MB,4 GB,Yes,3.9,5940,5940,SAMSUNG Galaxy Core 2 ,0,0,28450,Brazil
GIONEE,P5_W ,White,1 GB,16 GB,Yes,3.8,2799,2799,GIONEE P5_W ,0,0,43537,South Korea
SAMSUNG,Galaxy Note 10 ,Aura Black,8 GB,256 GB,Yes,4.5,73600,75000,SAMSUNG Galaxy Note 10 ,1400,1.866666667,74078,UK
LG,K7i ,Brown,2 GB,16 GB,Yes,4,9990,9990,LG K7i ,0,0,48259,France
ASUS,ROG Phone 3 ,Black,12 GB,128 GB,Yes,4.4,49999,57999,ASUS ROG Phone 3 ,8000,13.79334126,58303,Japan
SAMSUNG,Galaxy J2 ,Black,1 GB,8 GB,Yes,4.1,7400,7400,SAMSUNG Galaxy J2 ,0,0,38866,Australia
Apple,iPhone 13 Pro Max ,Sierra Blue,6 GB,1 TB,Yes,,179900,179900,Apple iPhone 13 Pro Max ,0,0,16646,Australia
ASUS,6Z ,Silver,8 GB,256 GB,Yes,4.3,43999,43999,ASUS 6Z ,0,0,48001,Brazil
ASUS,Zenfone Live ,Gold,2 GB,16 GB,Yes,4,7668,7668,ASUS Zenfone Live ,0,0,36738,UK
SAMSUNG,Galaxy A10 ,Red,2 GB,32 GB,Yes,4.3,8700,8700,SAMSUNG Galaxy A10 ,0,0,21486,South Korea
Xiaomi,Redmi 6 ,Black,3 GB,64 GB,Yes,4.2,10450,10450,Xiaomi Redmi 6 ,0,0,48566,USA
Lenovo,A6600 ,White,1 GB,16 GB,Yes,3.8,4499,7499,Lenovo A6600 ,3000,40.00533404,35523,South Korea
Xiaomi,Redmi 6 Pro ,Red,4 GB,64 GB,Yes,4.4,11999,12990,Xiaomi Redmi 6 Pro ,991,7.628945343,75156,South Korea
SAMSUNG,Galaxy Grand 2 ,Black,1.5 GB,8 GB,Yes,4.1,9999,9999,SAMSUNG Galaxy Grand 2 ,0,0,65169,Australia
Google Pixel,Very Silver,Silver,4 GB,32 GB,Yes,4.4,57000,57000,Google Pixel Very Silver,0,0,62488,USA
ASUS,Zenfone Go 5.0 LTE 2nd Gen ,Red,2 GB,16 GB,Yes,3.6,5990,5990,ASUS Zenfone Go 5.0 LTE 2nd Gen ,0,0,22343,USA
Apple,iPhone XR ,Coral,3 GB,256 GB,Yes,4.6,91900,91900,Apple iPhone XR ,0,0,50807,Brazil
realme,Narzo 20 Pro ,White Knight,6 GB,64 GB,Yes,4.3,14999,16999,realme Narzo 20 Pro ,2000,11.76539796,58771,Japan
Apple,iPhone XS Max ,Silver,4 GB,64 GB,Yes,4.6,73999,109900,Apple iPhone XS Max ,35901,32.66696997,88624,Canada
SAMSUNG,Galaxy M02 ,Red,2 GB,32 GB,Yes,4,7900,7900,SAMSUNG Galaxy M02 ,0,0,85630,Germany
SAMSUNG,Sm-B110E/D,Black,,2 MB,Yes,4.1,1497,1497,SAMSUNG Sm-B110E/D,0,0,62604,Germany
vivo,Y83,Gold,4 GB,32 GB,Yes,4.4,15990,15990,vivo Y83,0,0,91975,Australia
Lenovo,K6 POWER ,GREY/BLACK,4 GB,32 GB,Yes,4,7999,7999,Lenovo K6 POWER ,0,0,36400,Canada
SAMSUNG,Galaxy Trend ,Wine Red,512 MB,4 GB,Yes,3.6,6999,8740,SAMSUNG Galaxy Trend ,1741,19.91990847,95383,Japan
Nokia,7.2,Ice,4 GB,64 GB,Yes,4.1,19999,19999,Nokia 7.2,0,0,91245,Canada
OPPO,A71,Black,3 GB,16 GB,Yes,4.2,12500,12500,OPPO A71,0,0,86535,Brazil
Nokia,110,Black,16 MB,10 MB,Yes,3.6,1599,1599,Nokia 110,0,0,65107,South Korea
Apple,iPhone 7 ,Rose Gold,2 GB,256 GB,Yes,4.5,74400,74400,Apple iPhone 7 ,0,0,40679,Australia
LG,L90 Dual ,White,1 GB,8 GB,Yes,4.2,15532,15532,LG L90 Dual ,0,0,86219,USA
SAMSUNG,Galaxy M30 ,Blue,3 GB,32 GB,Yes,4.3,10399,11000,SAMSUNG Galaxy M30 ,601,5.463636364,73231,Australia
Xiaomi,REDMI Note 9 ,Shadow Black,4 GB,64 GB,Yes,,11999,14999,Xiaomi REDMI Note 9 ,3000,20.00133342,84056,Germany
Nokia,2.4,Dusk Purple,3 GB,64 GB,Yes,4,10399,11499,Nokia 2.4,1100,9.566049222,66374,Japan
SAMSUNG,Galaxy A21s ,Blue,6 GB,64 GB,Yes,4.2,14839,16900,SAMSUNG Galaxy A21s ,2061,12.19526627,41481,Canada
Apple,iPhone SE ,Red,2 GB,256 GB,Yes,4.5,54900,54900,Apple iPhone SE ,0,0,95231,Japan
SAMSUNG,Galaxy J6 ,Black,3 GB,32 GB,Yes,4.4,13500,13500,SAMSUNG Galaxy J6 ,0,0,78837,Brazil
OPPO,A52,Twilight Black,4 GB,128 GB,Yes,4.4,14990,17990,OPPO A52,3000,16.67593107,82259,Australia
LG,V20 ,Silver,4 GB,64 GB,Yes,4.2,29199,29199,LG V20 ,0,0,49987,UK
Infinix,Zero 8i,Silver Diamond,8 GB,128 GB,Yes,4.2,18999,18999,Infinix Zero 8i,0,0,34161,Australia
Infinix,Hot 11,Purple,4 GB,64 GB,Yes,4.4,9999,11999,Infinix Hot 11,2000,16.66805567,95596,USA
SAMSUNG,Galaxy A12 ,White,4 GB,64 GB,Yes,4.2,13999,13999,SAMSUNG Galaxy A12 ,0,0,89112,Australia
Motorola,E7 Power ,Tahiti Blue,2 GB,32 GB,Yes,4.1,6999,9999,Motorola E7 Power ,3000,30.0030003,74930,France
SAMSUNG,Galaxy F12 ,Sky Blue,4 GB,64 GB,Yes,4.2,11499,12999,SAMSUNG Galaxy F12 ,1500,11.53934918,83507,Brazil
realme,6i ,Lunar White,4 GB,,Yes,4.4,12999,14999,realme 6i ,2000,13.33422228,44912,India
SAMSUNG,M31 Prime ,Ocean Blue,6 GB,128 GB,Yes,4.3,17194,17194,SAMSUNG M31 Prime ,0,0,97128,Brazil
HTC,820S,Milkyway Grey,2 GB,16 GB,Yes,3.9,25500,25500,HTC 820S,0,0,41822,Canada
POCO,M2  ,Pitch Black,6 GB,128 GB,Yes,4.4,11499,14999,POCO M2  ,3500,23.33488899,85040,India
Lenovo,Vibe Z2 Pro ,Starry Night Black,3 GB,32 GB,Yes,4,29999,29999,Lenovo Vibe Z2 Pro ,0,0,70536,Canada
SAMSUNG,Galaxy Note 5 ,black sapphire,4 GB,32 GB,Yes,4.1,46300,46300,SAMSUNG Galaxy Note 5 ,0,0,94459,Canada
GIONEE,X-1 ,Gold,2 GB,16 GB,Yes,4,5149,5149,GIONEE X-1 ,0,0,22176,USA
SAMSUNG,Galaxy J4 ,Blue,2 GB,16 GB,Yes,4.3,9500,9500,SAMSUNG Galaxy J4 ,0,0,64772,USA
Google Pixel,XL ,Very Silver,4 GB,128 GB,Yes,4.5,76000,76000,Google Pixel XL ,0,0,96926,South Korea
realme,X7 Pro 5G ,Mystic Black,8 GB,128 GB,Yes,4.3,29999,32999,realme X7 Pro 5G ,3000,9.091184581,76359,Germany
Nokia,2,Pewter / White,1 GB,8 GB,Yes,3.8,6295,6295,Nokia 2,0,0,27328,South Korea
LG,W31 ,midnight blue,4 GB,64 GB,Yes,4,9999,9999,LG W31 ,0,0,57058,South Korea
Motorola,Edge 20 Fusion ,Cyber Teal,8 GB,128 GB,Yes,,22999,25999,Motorola Edge 20 Fusion ,3000,11.53890534,16151,Germany
LG,Stylus 2 ,Titan,2 GB,16 GB,Yes,4.1,12999,12999,LG Stylus 2 ,0,0,14426,UK
Apple,iPhone 6 ,Silver,1 GB,64 GB,Yes,4.4,62000,62000,Apple iPhone 6 ,0,0,26033,India
SAMSUNG,Galaxy Note 9 ,Alpine White,6 GB,128 GB,Yes,4.6,73600,73600,SAMSUNG Galaxy Note 9 ,0,0,12199,Japan
Apple,iPhone 6s Plus ,Gold,2 GB,32 GB,Yes,4.4,34900,34900,Apple iPhone 6s Plus ,0,0,70501,South Korea
OPPO,F19 Pro,Fantastic Purple,8 GB,128 GB,Yes,4.3,21990,23990,OPPO F19 Pro,2000,8.336807003,63395,Australia
Motorola,G40 Fusion ,Frosted Champagne,4 GB,64 GB,Yes,4.3,14499,16999,Motorola G40 Fusion ,2500,14.70674746,30080,Australia
GIONEE,G3 ,Black,1 GB,4 GB,Yes,2.8,10990,10990,GIONEE G3 ,0,0,46221,Canada
SAMSUNG,Galaxy A6 ,Gold,4 GB,64 GB,Yes,4.3,13999,14999,SAMSUNG Galaxy A6 ,1000,6.667111141,51875,Germany
SAMSUNG,Galaxy A10s ,Blue,2 GB,32 GB,Yes,4.4,10000,10000,SAMSUNG Galaxy A10s ,0,0,23860,Canada
SAMSUNG,Galaxy S9 Plus ,Lilac Purple,6 GB,128 GB,Yes,4.5,68900,68900,SAMSUNG Galaxy S9 Plus ,0,0,60461,France
Motorola,G8 Plus,Crystal Pink,4 GB,64 GB,Yes,4.3,12999,15999,Motorola G8 Plus,3000,18.75117195,41420,France
OPPO,F1S,Grey,3 GB,32 GB,Yes,4.2,12990,12990,OPPO F1S,0,0,18706,Japan
realme,C21Y ,Cross Blue,4 GB,64 GB,Yes,4.4,9999,10999,realme C21Y ,1000,9.091735612,52881,USA
Apple,iPhone 11 ,Red,4GB,256 GB,Yes,4.6,64900,64900,Apple iPhone 11 ,0,0,33237,USA
Motorola,Edge 20 Fusion ,Electric Graphite,6 GB,128 GB,Yes,3.9,21499,24999,Motorola Edge 20 Fusion ,3500,14.00056002,97956,Germany
Infinix,Hot 11S,Polar Black,4 GB,64 GB,Yes,4.3,10999,13999,Infinix Hot 11S,3000,21.43010215,95515,Germany
Apple,iPhone XR ,Coral,3 GB,64 GB,Yes,4.6,42999,47900,Apple iPhone XR ,4901,10.23173278,25359,South Korea
Nokia,3.1,Black,2 GB,16 GB,Yes,3.9,9999,9999,Nokia 3.1,0,0,86919,France
GIONEE,A1 Lite ,Black,3 GB,32 GB,Yes,3.9,11499,11499,GIONEE A1 Lite ,0,0,24597,South Korea
SAMSUNG,Galaxy J2 2018 ,Black,2 GB,16 GB,Yes,4.3,7999,7999,SAMSUNG Galaxy J2 2018 ,0,0,43573,USA
LG,Q7 ,Lavender Violet,3 GB,32 GB,Yes,3.3,16996,16996,LG Q7 ,0,0,88758,India
Apple,iPhone 7 ,Black,2 GB,128 GB,Yes,4.5,34900,34900,Apple iPhone 7 ,0,0,11280,India
Lenovo,K3 Note ,White,2 GB,16 GB,Yes,4,7000,7000,Lenovo K3 Note ,0,0,73198,Germany
SAMSUNG,Galaxy Note 3 Neo ,Black,2 GB,16 GB,Yes,4.2,19900,19900,SAMSUNG Galaxy Note 3 Neo ,0,0,72517,Canada
SAMSUNG,Galaxy F23 5G,Aqua Blue,6 GB,128 GB,Yes,4,16999,23999,SAMSUNG Galaxy F23 5G,7000,29.167882,17084,USA
SAMSUNG,Galaxy Grand 2 ,White,1.5 GB,8 GB,Yes,4.1,10990,10990,SAMSUNG Galaxy Grand 2 ,0,0,27772,India
realme,X2 Pro ,Concrete,12 GB,256 GB,Yes,4.6,36999,36999,realme X2 Pro ,0,0,39976,USA
OPPO,K1,Piano Black,4 GB,64 GB,Yes,4.4,15000,15000,OPPO K1,0,0,55649,Brazil
SAMSUNG,Galaxy M42 5G ,Prism Dot Gray,6 GB,128 GB,Yes,4.3,17000,21540,SAMSUNG Galaxy M42 5G ,4540,21.07706592,58286,Australia
GIONEE,M7 ,Gold,6 GB,64 GB,Yes,2.7,9290,9290,GIONEE M7 ,0,0,29064,France
Nokia,TA-1010/105,Black,4 MB,4 MB,Yes,4.2,1332,1332,Nokia TA-1010/105,0,0,77643,South Korea
SAMSUNG,Galaxy M21 ,Midnight Blue,6 GB,128 GB,Yes,4.2,15499,15499,SAMSUNG Galaxy M21 ,0,0,96144,USA
realme,Narzo 30A ,Laser Black,3 GB,32 GB,Yes,4.3,8999,9999,realme Narzo 30A ,1000,10.0010001,47600,Australia
Apple,iPhone XS ,Space Grey,4 GB,64 GB,Yes,4.7,62999,89900,Apple iPhone XS ,26901,29.92324805,61921,Brazil
realme,6,Comet White,6 GB,64 GB,Yes,4.4,14999,17999,realme 6,3000,16.66759264,38530,South Korea
OPPO,F3 Plus,Gold,6 GB,64 GB,Yes,4.3,22990,22990,OPPO F3 Plus,0,0,45955,USA
Apple,iPhone 12 Pro Max ,Graphite,,128 GB,Yes,4.6,119900,119900,Apple iPhone 12 Pro Max ,0,0,37857,Germany
SAMSUNG,Metro 313,Black,,Expandable Upto 16 GB,Yes,4.1,1990,1990,SAMSUNG Metro 313,0,0,12574,Australia
Nokia,150 DS 2020,Black,4 MB,4 MB,Yes,4.1,2533,2643,Nokia 150 DS 2020,110,4.161937193,88345,South Korea
vivo,X70 Pro ,Aurora Dawn,8 GB,256 GB,Yes,4.5,49990,54990,vivo X70 Pro ,5000,9.092562284,45368,USA
Motorola,X 2nd Generation ,Black Leather,2 GB,16 GB,Yes,4.2,23999,23999,Motorola X 2nd Generation ,0,0,70775,Australia
SAMSUNG,Galaxy M32 5G ,Slate Black,8 GB,128 GB,Yes,,24999,24999,SAMSUNG Galaxy M32 5G ,0,0,33753,Brazil
Xiaomi,Mi 11 Lite ,Tuscany Coral,6 GB,128 GB,Yes,4.2,21999,24999,Xiaomi Mi 11 Lite ,3000,12.00048002,65030,USA
Apple,iPhone XS ,Silver,4 GB,256 GB,Yes,4.7,76999,103900,Apple iPhone XS ,26901,25.89124158,27686,USA
SAMSUNG,Galaxy E7 ,White,2 GB,16 GB,Yes,4.3,12999,12999,SAMSUNG Galaxy E7 ,0,0,61694,USA
realme,7i ,Fusion Green,4 GB,128 GB,Yes,4.3,14999,14999,realme 7i ,0,0,65962,Japan
Apple,iPhone 6s ,Rose Gold,2 GB,64 GB,Yes,4.5,72000,72000,Apple iPhone 6s ,0,0,86909,Germany
OPPO,F17,Dynamic Orange,8 GB,128 GB,Yes,4.3,22990,22990,OPPO F17,0,0,84533,Brazil
Xiaomi,REDMI Note 10 Pro ,Dark Night,6 GB,128 GB,Yes,4.3,18887,19618,Xiaomi REDMI Note 10 Pro ,731,3.726169844,91995,South Korea
Lenovo,X2-AP ,Gold,2 GB,32 GB,Yes,3.7,17499,17499,Lenovo X2-AP ,0,0,66134,Japan
realme,C2 ,Diamond Blue,3 GB,32 GB,Yes,4.4,7499,8999,realme C2 ,1500,16.66851872,71269,Canada
Apple,iPhone 13 Pro Max ,Silver,6 GB,1 TB,Yes,,179900,179900,Apple iPhone 13 Pro Max ,0,0,48244,Japan
SAMSUNG,Galaxy J5 Prime ,Black,3 GB,32 GB,Yes,4.3,13500,13500,SAMSUNG Galaxy J5 Prime ,0,0,67385,France
Xiaomi,11i Hypercharge 5G,Pacific Pearl,8 GB,128 GB,Yes,4.3,28999,33999,Xiaomi 11i Hypercharge 5G,5000,14.70631489,41654,France
OPPO,A54,Moonlight Gold,4 GB,128 GB,Yes,4.3,15990,15990,OPPO A54,0,0,36658,USA
SAMSUNG,Galaxy A71 ,Prism Crush Silver,8 GB,128 GB,Yes,4.4,27499,34999,SAMSUNG Galaxy A71 ,7500,21.42918369,49953,Japan
OPPO,A7,Glaring Gold,3 GB,64 GB,Yes,4.3,10990,16990,OPPO A7,6000,35.31489111,32181,Canada
GIONEE,P7 Max ,Gold,3 GB,32 GB,Yes,3.9,5999,5999,GIONEE P7 Max ,0,0,88412,Japan
GIONEE,Elife S7 ,White,2 GB,16 GB,Yes,4.1,15999,15999,GIONEE Elife S7 ,0,0,11623,Germany
SAMSUNG,Galaxy A32 ,Awesome Blue,6 GB,128 GB,Yes,4.1,21700,21700,SAMSUNG Galaxy A32 ,0,0,58757,Germany
Apple,iPhone 8 ,Space Grey,2 GB,256 GB,Yes,4.5,77000,77000,Apple iPhone 8 ,0,0,50810,Canada
Motorola,Edge+ ,Smoky Sangria,12 GB,256 GB,Yes,4.1,64999,89999,Motorola Edge+ ,25000,27.77808642,26726,Japan
ASUS,ZenFone Max M1 ,Black,3 GB,32 GB,Yes,4.2,9599,9599,ASUS ZenFone Max M1 ,0,0,71397,Australia
Apple,iPhone 13 Pro Max,Silver,4GB,512 GB,Yes,4.7,159900,159900,Apple iPhone 13 Pro Max,0,0,61227,Germany
realme,3,Black,3 GB,32 GB,Yes,4.5,8499,10999,realme 3,2500,22.72933903,91183,Germany
Nokia,6310,Black,16 MB,8 MB,Yes,,4049,4049,Nokia 6310,0,0,92566,India
POCO,M4 Pro,Power Black,6 GB,64 GB,Yes,4.4,14999,17999,POCO M4 Pro,3000,16.66759264,39403,Japan
Lenovo,K6 Power ,Grey,4 GB,32 GB,Yes,4,8999,8999,Lenovo K6 Power ,0,0,14264,Germany
Google Pixel,Nexus 5X ,Ice,2 GB,16 GB,Yes,4.3,25990,25990,Google Pixel Nexus 5X ,0,0,56829,Brazil
realme,C12 ,Power Blue,3 GB,32 GB,Yes,4.4,8999,10999,realme C12 ,2000,18.18347122,57925,Japan
SAMSUNG,Galaxy Grand Neo Plus ,White,1 GB,8 GB,Yes,4,5999,5999,SAMSUNG Galaxy Grand Neo Plus ,0,0,84183,France
SAMSUNG,Galaxy A71 ,Haze Crush Silver,8 GB,128 GB,Yes,4.4,27499,34999,SAMSUNG Galaxy A71 ,7500,21.42918369,69053,India
LG,V40 ThinQ ,Platinum Grey,6 GB,128 GB,Yes,4.4,60000,60000,LG V40 ThinQ ,0,0,21665,Germany
LG,W30 Pro ,Midnight Purple,4 GB,64 GB,Yes,3.8,14999,14999,LG W30 Pro ,0,0,45738,India
realme,Narzo 20A ,Glory Silver,3 GB,32 GB,Yes,4.3,8499,10999,realme Narzo 20A ,2500,22.72933903,99564,France
LG,Nexus4 E960,White,2 GB,16 GB,Yes,4.5,26299,26299,LG Nexus4 E960,0,0,39374,Canada
POCO,M3 ,Power Black,6 GB,64 GB,Yes,4.3,11999,12999,POCO M3 ,1000,7.692899454,46398,Canada
realme,5i ,Forest Green,4 GB,128 GB,Yes,4.5,11999,11999,realme 5i ,0,0,96146,Japan
SAMSUNG,M02s ,Red,3 GB,32 GB,Yes,4.2,8999,8999,SAMSUNG M02s ,0,0,48710,France
Infinix,Hot 10,Obsidian Black,6 GB,128 GB,Yes,4.3,13999,13999,Infinix Hot 10,0,0,71121,UK
Lenovo,K6 Note ,Silver,4 GB,32 GB,Yes,4,7599,7599,Lenovo K6 Note ,0,0,29251,UK
Nokia,105 DS 2020,Black,4 MB,4 MB,Yes,4.2,1349,1599,Nokia 105 DS 2020,250,15.63477173,31173,Japan
SAMSUNG,Galaxy S10 ,Prism Blue,8 GB,128 GB,Yes,4.6,39999,71000,SAMSUNG Galaxy S10 ,31001,43.66338028,21556,USA
vivo,Y20 ,Obsidian Black,8 GB,256 GB,Yes,4.3,13995,13995,vivo Y20 ,0,0,97411,India
Apple,iPhone 6s ,Gold,2 GB,16 GB,Yes,4.5,41999,41999,Apple iPhone 6s ,0,0,88618,India
Xiaomi,Redmi Note 6 Pro ,Black,6 GB,64 GB,Yes,4.1,14999,14999,Xiaomi Redmi Note 6 Pro ,0,0,63277,Canada
Nokia,150,Black,4 MB,4 MB,Yes,4.2,2000,2000,Nokia 150,0,0,67493,UK
OPPO,A53s 5G,Ink Black,6 GB,128 GB,Yes,4.3,15990,16990,OPPO A53s 5G,1000,5.885815185,63003,South Korea
GIONEE,S11 ,Gold,4 GB,64 GB,Yes,2.8,8389,8389,GIONEE S11 ,0,0,99600,Germany
GIONEE,P5 Mini ,Black,1 GB,8 GB,Yes,3.8,3490,3490,GIONEE P5 Mini ,0,0,82356,Germany
HTC,816G,Blue,1 GB,16 GB,Yes,3.9,21990,21990,HTC 816G,0,0,34763,Germany
realme,C25Y ,Metal Grey,4 GB,128 GB,Yes,,11999,13999,realme C25Y ,2000,14.28673477,21047,Canada
Xiaomi,MI 11X 5G ,LUNAR WHITE,6 GB,128 GB,Yes,4.4,26495,28990,Xiaomi MI 11X 5G ,2495,8.606416006,38770,France
ASUS,ROG Phone 5 ,Black,12 GB,256 GB,Yes,4.5,57999,63999,ASUS ROG Phone 5 ,6000,9.375146487,63303,Australia
Apple,iPhone 13 Pro Max,Sierra Blue,4GB,512 GB,Yes,4.7,159900,159900,Apple iPhone 13 Pro Max,0,0,33151,UK
Motorola,G7,Black,4 GB,64 GB,Yes,4.3,9999,18999,Motorola G7,9000,47.37091426,78248,UK
Apple,iPhone 6s ,Space Grey,2 GB,16 GB,Yes,4.5,62000,62000,Apple iPhone 6s ,0,0,14854,South Korea
Apple,iPhone 13 Pro Max ,Silver,6 GB,128 GB,Yes,,129900,129900,Apple iPhone 13 Pro Max ,0,0,99400,India
Lenovo,K4 Note ,Black/Tuxedo Black,3 GB,16 GB,Yes,3.9,7999,7999,Lenovo K4 Note ,0,0,31793,USA
SAMSUNG,Galaxy A21s ,Silver,6 GB,128 GB,Yes,4.2,17499,18999,SAMSUNG Galaxy A21s ,1500,7.895152376,69130,Japan
ASUS,ROG Phone 5 ,Black,8 GB,128 GB,Yes,4.3,49999,55999,ASUS ROG Phone 5 ,6000,10.71447704,84479,India
SAMSUNG,Galaxy M51 ,Celestial Black,8 GB,128 GB,Yes,4.4,27999,27999,SAMSUNG Galaxy M51 ,0,0,77299,France
Lenovo,K9 Note ,Black,4 GB,64 GB,Yes,4.1,11999,11999,Lenovo K9 Note ,0,0,41988,Japan
Apple,iPhone XS ,Gold,4 GB,64 GB,Yes,4.7,62999,89900,Apple iPhone XS ,26901,29.92324805,25851,UK
SAMSUNG,GT 1200 R/I/M,Black,,2 MB,Yes,4.1,1099,1099,SAMSUNG GT 1200 R/I/M,0,0,22113,France
Apple,iPhone 11 ,Green,4GB,256 GB,Yes,4.6,64900,64900,Apple iPhone 11 ,0,0,34059,Japan
realme,X7 5G ,Nebula,8 GB,128 GB,Yes,4.3,21999,23999,realme X7 5G ,2000,8.33368057,55421,South Korea
OPPO,R17,Neon Purple,8 GB,128 GB,Yes,3.7,38999,38999,OPPO R17,0,0,48891,South Korea
Nokia,6.1 Plus ,Blue,4 GB,64 GB,Yes,4.3,18599,18599,Nokia 6.1 Plus ,0,0,76018,Brazil
OPPO,A16,Black,3 GB,32 GB,Yes,3.7,10490,10490,OPPO A16,0,0,57305,Australia
OPPO,A12,Blue,3 GB,32 GB,Yes,4.4,9490,10990,OPPO A12,1500,13.64877161,42922,South Korea
SAMSUNG,Galaxy M12 ,White,4 GB,64 GB,Yes,4.2,11730,12900,SAMSUNG Galaxy M12 ,1170,9.069767442,11525,UK
LG,W41 Plus ,Magic Blue,4 GB,128 GB,Yes,3.8,9499,18000,LG W41 Plus ,8501,47.22777778,25049,USA
Apple,iPhone 12 ,Purple,4GB,256 GB,Yes,4.6,78999,80900,Apple iPhone 12 ,1901,2.349814586,45112,Germany
ASUS,ZenFone 5Z ,Meteor Silver,8 GB,256 GB,Yes,4.5,43999,43999,ASUS ZenFone 5Z ,0,0,47905,Brazil
Apple,iPhone 6s Plus ,Silver,2 GB,64 GB,Yes,4.4,59999,59999,Apple iPhone 6s Plus ,0,0,64913,Germany
OPPO,K3,Aurora Blue,6 GB,64 GB,Yes,4.3,23990,24667,OPPO K3,677,2.744557506,44009,Australia
SAMSUNG,Galaxy F12 ,Celestial Black,4 GB,128 GB,Yes,4.2,12499,13999,SAMSUNG Galaxy F12 ,1500,10.71505108,10061,Japan
OPPO,A3s,Purple,2 GB,16 GB,Yes,4.4,9500,9500,OPPO A3s,0,0,84667,Canada
OPPO,F15,Blazing Blue,8 GB,128 GB,Yes,4.4,18990,22990,OPPO F15,4000,17.39886907,93560,South Korea
vivo,Y12G ,Phantom Black,12 GB,256 GB,Yes,4.4,15900,15900,vivo Y12G ,0,0,65338,USA
Infinix,S5 Lite,Quetzal Cyan,4 GB,64 GB,Yes,4.3,9999,9999,Infinix S5 Lite,0,0,23351,Australia
Apple,iPhone 13 Mini ,Pink,4 GB,256 GB,Yes,,79900,79900,Apple iPhone 13 Mini ,0,0,34355,Germany
Motorola,X Play,White,2 GB,16 GB,Yes,4.2,17499,17499,Motorola X Play,0,0,55187,Brazil
OPPO,A55,Mint Green,4 GB,64 GB,Yes,4.3,15490,15490,OPPO A55,0,0,38146,South Korea
SAMSUNG,Galaxy A51 ,Haze Crush Silver,8 GB,128 GB,Yes,4.3,22499,29999,SAMSUNG Galaxy A51 ,7500,25.00083336,44021,UK
OPPO,Neo 7 4G,Black,1 GB,16 GB,Yes,3.8,10000,10000,OPPO Neo 7 4G,0,0,96124,South Korea
SAMSUNG,Galaxy A20s ,Green,4 GB,64 GB,Yes,4.3,13695,14900,SAMSUNG Galaxy A20s ,1205,8.087248322,85187,Brazil
Apple,iPhone XR ,Yellow,3 GB,256 GB,Yes,4.6,91900,91900,Apple iPhone XR ,0,0,95470,Brazil
Lenovo,A2010 ,Grey,1 GB,8 GB,Yes,3.9,5499,5499,Lenovo A2010 ,0,0,30582,Canada
POCO,M4 Pro,Cool Blue,6 GB,128 GB,Yes,4.4,16499,19999,POCO M4 Pro,3500,17.50087504,98930,South Korea
vivo,Y75 5G,Starlight Black,8 GB,128 GB,Yes,4.3,21990,21990,vivo Y75 5G,0,0,33052,South Korea
SAMSUNG,Galaxy A6+ ,Black,4 GB,64 GB,Yes,4.4,21990,21990,SAMSUNG Galaxy A6+ ,0,0,61475,Canada
SAMSUNG,Galaxy J1 ,Black,1 GB,8 GB,Yes,4,7550,7550,SAMSUNG Galaxy J1 ,0,0,79627,France
realme,C3 ,Volcano Grey,4 GB,64 GB,Yes,4.4,9999,9999,realme C3 ,0,0,16961,France
SAMSUNG,Galaxy A12 ,Black,6 GB,128 GB,Yes,3.9,14999,14999,SAMSUNG Galaxy A12 ,0,0,45773,Japan
SAMSUNG,Galaxy A22 5G ,Violet,6 GB,128 GB,Yes,4.3,19999,22499,SAMSUNG Galaxy A22 5G ,2500,11.11160496,31521,France
Xiaomi,Y11T Pro,Meteorite Black,,256 GB,Yes,4.3,41996,41996,Xiaomi Y11T Pro,0,0,59482,India
realme,X2 ,Pearl Green,8 GB,,Yes,4.5,20999,20999,realme X2 ,0,0,46409,South Korea
vivo,Y95,Starry Black,4 GB,32 GB,Yes,4.4,17000,17000,vivo Y95,0,0,67135,USA
GIONEE,P5 Mini ,Yellow,1 GB,8 GB,Yes,3.8,3490,5999,GIONEE P5 Mini ,2509,41.82363727,30492,South Korea
SAMSUNG,Galaxy E7 ,Black,2 GB,16 GB,Yes,4.3,16200,16200,SAMSUNG Galaxy E7 ,0,0,11342,India
Motorola,E6s,Polished Graphite,4 GB,64 GB,Yes,4.1,7999,9999,Motorola E6s,2000,20.0020002,54624,India
SAMSUNG,Galaxy J5 - 6 New 2016 Edition) ,Gold,2 GB,16 GB,Yes,4.2,10990,10990,SAMSUNG Galaxy J5 - 6 New 2016 Edition) ,0,0,10339,Germany
OPPO,F7,Red,4 GB,64 GB,Yes,4.4,22990,22990,OPPO F7,0,0,81432,South Korea
realme,X ,Polar White,8 GB,128 GB,Yes,4.5,20999,20999,realme X ,0,0,22255,Australia
SAMSUNG,M01 core ,Red,2 GB,32 GB,Yes,3.9,5990,5990,SAMSUNG M01 core ,0,0,61861,India
GIONEE,S96,Black,64 MB,128 MB,Yes,3.9,3150,3150,GIONEE S96,0,0,21345,USA
Xiaomi,REDMI Note 10 Pro ,Dark Nebula,6 GB,128 GB,Yes,4.4,19799,19799,Xiaomi REDMI Note 10 Pro ,0,0,11751,Canada
vivo,T1 5G,Starlight Black,6 GB,128 GB,Yes,,16990,20990,vivo T1 5G,4000,19.05669366,64757,Japan
SAMSUNG,Galaxy S20 FE ,Cloud White,8 GB,128 GB,Yes,4,49999,65999,SAMSUNG Galaxy S20 FE ,16000,24.24279156,77958,Germany
Motorola,Z Play,Black,3 GB,32 GB,Yes,4.4,24999,24999,Motorola Z Play,0,0,68054,Canada
SAMSUNG,Galaxy F42 5G ,Matte Black,8 GB,128 GB,Yes,4.1,22999,25999,SAMSUNG Galaxy F42 5G ,3000,11.53890534,80856,Germany
vivo,Y69,Gold,3 GB,32 GB,Yes,4.3,11999,11999,vivo Y69,0,0,25897,USA
Apple,iPhone 8 ,Red,2 GB,64 GB,Yes,4.7,38999,39900,Apple iPhone 8 ,901,2.258145363,65762,Brazil
Google Pixel,2,Clearly White,4 GB,128 GB,Yes,4.6,70000,70000,Google Pixel 2,0,0,72553,South Korea
OPPO,A15,Rainbow Silver,3 GB,32 GB,Yes,4.3,11249,11249,OPPO A15,0,0,87455,UK
SAMSUNG,Metro B312E Dual Sim - White,Black,10 MB,2 MB,Yes,4.4,1599,1599,SAMSUNG Metro B312E Dual Sim - White,0,0,37936,Australia
Nokia,6.2,Ice,4 GB,64 GB,Yes,4.2,13790,13790,Nokia 6.2,0,0,47642,Canada
ASUS,ZenFone 5Z ,Meteor Silver,6 GB,128 GB,Yes,4.5,36299,36299,ASUS ZenFone 5Z ,0,0,39712,South Korea
realme,X ,Space Blue,4 GB,,Yes,4.5,17999,17999,realme X ,0,0,80343,Australia
Motorola,G9 Power ,Metallic Sage,4 GB,64 GB,Yes,4.1,11999,15999,Motorola G9 Power ,4000,25.0015626,22183,Brazil
SAMSUNG,Galaxy Note 4 ,Frost White,3 GB,32 GB,Yes,4.1,27990,27990,SAMSUNG Galaxy Note 4 ,0,0,97834,UK
Xiaomi,11i Hypercharge 5G,Purple Mist,6 GB,128 GB,Yes,4.2,26999,31999,Xiaomi 11i Hypercharge 5G,5000,15.6254883,66277,Australia
realme,C20 ,Cool Blue,2 GB,32 GB,Yes,4.4,7499,7999,realme C20 ,500,6.250781348,29542,Australia
SAMSUNG,Galaxy J2 Ace ,Black,1.5 GB,8 GB,Yes,4.1,8090,8090,SAMSUNG Galaxy J2 Ace ,0,0,92311,Canada
OPPO,A55,Starry Black,6 GB,128 GB,Yes,3.8,17490,20990,OPPO A55,3500,16.67460696,54814,France
SAMSUNG,M52 5G,Blazing Black,6 GB,128 GB,Yes,4.3,25990,25990,SAMSUNG M52 5G,0,0,47199,UK
Xiaomi,Redmi Note 11T 5G,Stardust White,8 GB,129 GB,Yes,4.2,22163,22163,Xiaomi Redmi Note 11T 5G,0,0,18821,South Korea
Xiaomi,Redmi Note 7 ,Ruby Red,3 GB,32 GB,Yes,4.2,11900,11900,Xiaomi Redmi Note 7 ,0,0,34071,Brazil
Apple,iPhone XS ,Space Grey,4 GB,256 GB,Yes,4.7,76999,103900,Apple iPhone XS ,26901,25.89124158,79769,UK
SAMSUNG,Galaxy M51 ,Electric Blue,8 GB,128 GB,Yes,4.4,22999,22999,SAMSUNG Galaxy M51 ,0,0,21123,USA
Motorola,G 3rd Generation ,White,1 GB,8 GB,Yes,4.2,11999,11999,Motorola G 3rd Generation ,0,0,90560,France
OPPO,A9 2020,Space Purple,8 GB,128 GB,Yes,4.3,15990,21990,OPPO A9 2020,6000,27.2851296,83544,USA
realme,C2 ,Diamond Ruby,3 GB,32 GB,Yes,4.4,7499,8999,realme C2 ,1500,16.66851872,93442,Brazil
HTC,820 G+,Milkyway Grey,1 GB,16 GB,Yes,3.9,19695,19695,HTC 820 G+,0,0,51787,Canada
realme,Narzo 30 ,Racing Blue,6 GB,64 GB,Yes,4.3,14499,15999,realme Narzo 30 ,1500,9.375585974,16738,Canada
SAMSUNG,Galaxy A22 5G ,Mint,6 GB,128 GB,Yes,4.3,19818,20969,SAMSUNG Galaxy A22 5G ,1151,5.489055272,46063,Brazil
GIONEE,Elife E3 ,Blue,1 GB,16 GB,Yes,4.3,6500,6500,GIONEE Elife E3 ,0,0,64238,Germany
LG,X Screen K500I ,Black,2 GB,16 GB,Yes,4,7990,7990,LG X Screen K500I ,0,0,61572,Brazil
Lenovo,K9 Note ,Gold,4 GB,64 GB,Yes,4.1,11999,11999,Lenovo K9 Note ,0,0,35511,France
vivo,X70 Pro ,Cosmic Black,12 GB,256 GB,Yes,4.5,52990,57990,vivo X70 Pro ,5000,8.622176237,29427,India
Xiaomi,9A Sport,Metallic Blue,3 GB,32 GB,Yes,4.3,8599,8999,Xiaomi 9A Sport,400,4.444938326,47266,Canada
ASUS,ROG Phone 3 ,Black,8 GB,128 GB,Yes,4.4,46999,55999,ASUS ROG Phone 3 ,9000,16.07171557,27851,Japan
OPPO,F11,Fluorite Purple,6 GB,128 GB,Yes,4.4,17990,23990,OPPO F11,6000,25.01042101,76151,France
Nokia,6.1 Plus ,Blue,6 GB,64 GB,Yes,4.1,11990,16999,Nokia 6.1 Plus ,5009,29.4664392,97313,France
realme,2,Diamond Red,3 GB,,Yes,4.5,9990,9990,realme 2,0,0,99614,France
realme,C21 ,Cross Black,4 GB,64 GB,Yes,4.4,9999,10999,realme C21 ,1000,9.091735612,84911,Australia
SAMSUNG,Metro XL,Black,64 MB,128 MB,Yes,4.2,3285,3285,SAMSUNG Metro XL,0,0,62376,France
SAMSUNG,Galaxy Star Pro ,White,512 MB,4 GB,Yes,3.8,4199,4199,SAMSUNG Galaxy Star Pro ,0,0,45436,Canada
ASUS,Zenfone Max ZC550KL ,Blue,3 GB,32 GB,Yes,4.1,14499,14499,ASUS Zenfone Max ZC550KL ,0,0,67133,India
Nokia,5.3,CHARCOAL,6 GB,64 GB,Yes,3.7,12999,12999,Nokia 5.3,0,0,88946,India
OPPO,A15s,Rainbow Silver,4 GB,128 GB,Yes,4.3,13489,13489,OPPO A15s,0,0,92051,France
ASUS,Zenfone Selfie ,Silver,3 GB,16 GB,Yes,4,6749,6749,ASUS Zenfone Selfie ,0,0,12984,USA
Apple,iPhone XS Max ,Gold,4 GB,256 GB,Yes,4.6,78999,124900,Apple iPhone XS Max ,45901,36.75020016,30663,Canada
vivo,T1 5G,Starlight Black,4 GB,128 GB,Yes,,15990,19990,vivo T1 5G,4000,20.010005,33511,Canada
GIONEE,F8 Neo ,Red,2 GB,32 GB,Yes,3.9,5666,5666,GIONEE F8 Neo ,0,0,88188,UK
Xiaomi,Redmi Note 5 Pro ,Gold,4 GB,64 GB,Yes,4.5,14999,14999,Xiaomi Redmi Note 5 Pro ,0,0,50999,South Korea
Apple,iPhone 12 Pro ,Gold,6 GB,128 GB,Yes,4.6,109900,109900,Apple iPhone 12 Pro ,0,0,66847,Germany
Apple,iPhone XR ,Black,3 GB,64 GB,Yes,4.6,42999,47900,Apple iPhone XR ,4901,10.23173278,16641,Germany
SAMSUNG,Galaxy J4 Plus ,Blue,2 GB,32 GB,Yes,4.3,9000,9000,SAMSUNG Galaxy J4 Plus ,0,0,54548,USA
Infinix,Smart 2,Sandstone Black,2 GB,16 GB,Yes,4.1,6999,6999,Infinix Smart 2,0,0,64621,Germany
Motorola,Edge 20 ,Frosted Pearl,8 GB,128 GB,Yes,4.4,29999,34999,Motorola Edge 20 ,5000,14.28612246,25318,UK
Apple,iPhone 13 Pro Max ,Graphite,6 GB,512 GB,Yes,,159900,159900,Apple iPhone 13 Pro Max ,0,0,17565,Brazil
OPPO,Reno3 Pro,Sky White,8 GB,128 GB,Yes,4.4,24719,25489,OPPO Reno3 Pro,770,3.020910981,37346,Germany
vivo,Y12G ,Glacier Blue,6 GB,128 GB,Yes,4.5,15990,15990,vivo Y12G ,0,0,89274,Canada
Motorola,X4,Super Black,3 GB,32 GB,Yes,4.3,21999,21999,Motorola X4,0,0,84860,Brazil
OPPO,A74 5G,Fantastic Purple,6 GB,128 GB,Yes,4.3,18979,18979,OPPO A74 5G,0,0,90766,Germany
Motorola,One Vision ,Bronze Gradient,4 GB,128 GB,Yes,4.2,14999,22999,Motorola One Vision ,8000,34.78412105,84039,Canada
SAMSUNG,Galaxy Note 9 ,Metallic Copper,8 GB,512 GB,Yes,4.6,93000,93000,SAMSUNG Galaxy Note 9 ,0,0,62394,Canada
Apple,iPhone 13 Pro Max ,Sierra Blue,6 GB,512 GB,Yes,,159900,159900,Apple iPhone 13 Pro Max ,0,0,76082,France
Infinix,Smart 2,Bordeaux Red ,3 GB,32 GB,Yes,4.1,7946,7999,Infinix Smart 2,53,0.662582823,39431,India
vivo,Z1x,Phantom Purple,6 GB,64 GB,Yes,5,19990,19990,vivo Z1x,0,0,85533,USA
SAMSUNG,Guru E1207T,Black,,2 MB,Yes,4.1,1560,1560,SAMSUNG Guru E1207T,0,0,37789,UK
Nokia,130,Black,4 MB,8 MB,Yes,4.2,1600,1600,Nokia 130,0,0,58544,Australia
Infinix,Note 5,Milan Black,3 GB,32 GB,Yes,4.2,10999,10999,Infinix Note 5,0,0,23920,South Korea
GIONEE,P5 Mini ,Gold,1 GB,8 GB,Yes,3.8,3599,3599,GIONEE P5 Mini ,0,0,79347,Germany
Nokia,5,Matte Black,2 GB,16 GB,Yes,4,6999,6999,Nokia 5,0,0,49975,Germany
OPPO,A74 5G,Fluid Black,4 GB,128 GB,Yes,,18490,18490,OPPO A74 5G,0,0,26372,Brazil
Infinix,Smart 4,Ocean Wave,2 GB,32 GB,Yes,4.4,8999,8999,Infinix Smart 4,0,0,55085,Brazil
GIONEE,P5L ,Red,1 GB,16 GB,Yes,3.7,9199,9199,GIONEE P5L ,0,0,39630,South Korea
SAMSUNG,M52 5G,Slate Black,8 GB,128 GB,Yes,4.2,22989,22989,SAMSUNG M52 5G,0,0,61185,Germany
SAMSUNG,Galaxy J7 Nxt ,Black,2 GB,16 GB,Yes,4.4,11995,11995,SAMSUNG Galaxy J7 Nxt ,0,0,71917,Japan
Xiaomi,Redmi K20 Pro ,Carbon Black,8 GB,256 GB,Yes,4.4,29999,29999,Xiaomi Redmi K20 Pro ,0,0,83973,UK
SAMSUNG,Galaxy A22 ,Black,6 GB,128 GB,Yes,4.3,17575,19499,SAMSUNG Galaxy A22 ,1924,9.867172676,72188,Germany
Xiaomi,Redmi Y2 ,Blue,3 GB,32 GB,Yes,4.3,9499,9499,Xiaomi Redmi Y2 ,0,0,22985,India
SAMSUNG,Galaxy J7 ,Black,1.5 GB,16 GB,Yes,4.3,11700,11700,SAMSUNG Galaxy J7 ,0,0,43040,South Korea
SAMSUNG,Galaxy M32 5G ,Slate Black,8 GB,128 GB,Yes,,24999,24999,SAMSUNG Galaxy M32 5G ,0,0,95432,Japan
Apple,iPhone 7 Plus ,Rose Gold,3 GB,128 GB,Yes,4.5,42900,42900,Apple iPhone 7 Plus ,0,0,93692,UK
realme,C25Y ,Metal Grey,4 GB,128 GB,Yes,4.5,12049,13999,realme C25Y ,1950,13.9295664,68607,Germany
ASUS,Zenfone 4 Selfie ,Rose Pink,3 GB,32 GB,Yes,4.1,10999,10999,ASUS Zenfone 4 Selfie ,0,0,20617,Australia
SAMSUNG,Galaxy M30 ,Black,3 GB,32 GB,Yes,4.3,10399,11000,SAMSUNG Galaxy M30 ,601,5.463636364,60073,France
OPPO,F15,Unicorn White,4 GB,128 GB,Yes,4.4,15990,20990,OPPO F15,5000,23.82086708,34575,India
vivo,Y21A,Diamond Glow,4 GB,64 GB,Yes,4.1,14449,14449,vivo Y21A,0,0,13431,Australia
Nokia,7.2,Cyan Green,6 GB,64 GB,Yes,4.1,20999,20999,Nokia 7.2,0,0,22677,Brazil
GIONEE,Pioneer P2 ,White,512 MB,4 GB,Yes,3.6,3490,3490,GIONEE Pioneer P2 ,0,0,20817,Brazil
Infinix,Note 5,Berlin Gray,4 GB,64 GB,Yes,4.2,12999,12999,Infinix Note 5,0,0,42734,Germany
Motorola,G40 Fusion ,Dynamic Gray,6 GB,128 GB,Yes,4.3,16499,19999,Motorola G40 Fusion ,3500,17.50087504,95681,Brazil
vivo,Z1 Pro,Mirror Black,4 GB,64 GB,Yes,4.5,15990,15990,vivo Z1 Pro,0,0,12051,India
LG,Spirit ,Black Gold,1 GB,8 GB,Yes,3.8,8000,8000,LG Spirit ,0,0,43934,UK
Nokia,125 DS 2020,Black,4 MB,4 MB,Yes,3.9,2349,2349,Nokia 125 DS 2020,0,0,34952,Canada
Lenovo,A5 ,Black,2 GB,16 GB,Yes,4.1,6999,6999,Lenovo A5 ,0,0,42414,USA
SAMSUNG,Rex 60,Black,30 MB,Expandable Upto 16 GB,Yes,3.3,3400,3400,SAMSUNG Rex 60,0,0,44802,South Korea
realme,X2 Pro ,Lunar White,8 GB,128 GB,Yes,4.5,31999,31999,realme X2 Pro ,0,0,65620,UK
SAMSUNG,On5 Pro ,Black,2 GB,16 GB,Yes,4.2,6990,6990,SAMSUNG On5 Pro ,0,0,42914,Canada
realme,C12 ,Power Blue,4 GB,64 GB,Yes,4.4,10999,10999,realme C12 ,0,0,50601,Japan
HTC,One E9+,Meteor Grey,3 GB,32 GB,Yes,3.9,38800,38800,HTC One E9+,0,0,67776,India
Apple,iPhone SE ,Red,2 GB,64 GB,Yes,4.5,32999,39900,Apple iPhone SE ,6901,17.29573935,45401,Australia
LG,G8X ,Black,6 GB,128 GB,Yes,4.4,27990,70000,LG G8X ,42010,60.01428571,14495,Canada
OPPO,F5 Youth,Black,3 GB,32 GB,Yes,4.3,17990,17990,OPPO F5 Youth,0,0,90689,India
SAMSUNG,Guru FM Plus,Black,,2 MB,Yes,4.2,1100,1100,SAMSUNG Guru FM Plus,0,0,99432,France
Motorola,G10 Power ,Breeze Blue,4 GB,64 GB,Yes,4.1,10499,12999,Motorola G10 Power ,2500,19.23224863,84692,Australia
POCO,M4 Pro,Power Black,6 GB,128 GB,Yes,4.4,16499,19999,POCO M4 Pro,3500,17.50087504,53002,Brazil
SAMSUNG,Galaxy J7 Duo ,Black,4 GB,32 GB,Yes,4.3,17962,17962,SAMSUNG Galaxy J7 Duo ,0,0,77365,Brazil
GIONEE,M7 ,Blue,6 GB,64 GB,Yes,2.7,9964,9974,GIONEE M7 ,10,0.100260678,55029,Australia
SAMSUNG,Galaxy M40 ,Midnight Blue,6 GB,128 GB,Yes,4.1,14300,14300,SAMSUNG Galaxy M40 ,0,0,47574,Japan
Nokia,110 4G,Black,128 MB,48 MB,Yes,,2997,2997,Nokia 110 4G,0,0,10807,Japan
SAMSUNG,Galaxy F62 ,Laser Green,8 GB,128 GB,Yes,4.3,25999,31999,SAMSUNG Galaxy F62 ,6000,18.75058596,66639,Japan
SAMSUNG,Galaxy Star 2 ,Iris Charcoal,512 MB,4 GB,Yes,3.9,4890,4890,SAMSUNG Galaxy Star 2 ,0,0,39758,Canada
OPPO,Ravichandran Ashwin Limited Edition,Black,4 GB,64 GB,Yes,4.4,22990,22990,OPPO Ravichandran Ashwin Limited Edition,0,0,44637,South Korea
POCO,C3 ,Lime Green,4 GB,64 GB,Yes,4.3,8999,10999,POCO C3 ,2000,18.18347122,90098,Canada
SAMSUNG,Grand Prime ,Grey,1 GB,8 GB,Yes,4,10899,10899,SAMSUNG Grand Prime ,0,0,58281,Germany
Apple,iPhone 8 Plus ,Gold,3 GB,256 GB,Yes,4.6,84900,84900,Apple iPhone 8 Plus ,0,0,34263,USA
ASUS,Zenfone Zoom ,Black,4 GB,128 GB,Yes,3.6,37999,37999,ASUS Zenfone Zoom ,0,0,90436,Australia
Nokia,150 DS 2020,Black,4 MB,4 MB,Yes,4.1,2440,2510,Nokia 150 DS 2020,70,2.788844622,72212,UK
OPPO,A16,White,3 GB,32 GB,Yes,3.7,10490,10490,OPPO A16,0,0,64843,USA
Google Pixel,3a ,Just Black,4 GB,64 GB,Yes,4.5,39999,39999,Google Pixel 3a ,0,0,66980,France
Nokia,105,Black,4 MB,4 MB,Yes,4.3,1000,1000,Nokia 105,0,0,91471,Canada
SAMSUNG,Z4 ,Gold,1 GB,8 GB,Yes,3.5,6200,6200,SAMSUNG Z4 ,0,0,48198,Canada
Apple,iPhone 11 Pro ,Gold,4GB,512 GB,Yes,4.6,140300,140300,Apple iPhone 11 Pro ,0,0,51845,India
SAMSUNG,Galaxy M30s ,White,4 GB,64 GB,Yes,4.3,14990,14990,SAMSUNG Galaxy M30s ,0,0,74755,USA
realme,6i ,Eclipse Black,6 GB,,Yes,4.4,13999,15999,realme 6i ,2000,12.5007813,44158,India
Apple,iPhone 6 Plus ,Space Grey,1 GB,64 GB,Yes,4.5,48999,48999,Apple iPhone 6 Plus ,0,0,87130,UK
Nokia,2.1,Black,1 GB,8 GB,Yes,4,6500,6500,Nokia 2.1,0,0,50043,India
realme,9 Pro+ 5G,Midnight Black,6 GB,128 GB,Yes,4.4,24999,27999,realme 9 Pro+ 5G,3000,10.71466838,71666,USA
SAMSUNG,Galaxy M31s ,Mirage Black,6 GB,128 GB,Yes,4.3,19725,19725,SAMSUNG Galaxy M31s ,0,0,92857,Australia
realme,Narzo 50i ,Carbon Black,2 GB,32 GB,Yes,4.4,7499,7999,realme Narzo 50i ,500,6.250781348,37377,France
Apple,iPhone 13 Pro Max,Gold,4GB,128 GB,Yes,4.7,129900,129900,Apple iPhone 13 Pro Max,0,0,65555,Canada
SAMSUNG,Galaxy A6 ,Black,4 GB,64 GB,Yes,4.3,23748,23748,SAMSUNG Galaxy A6 ,0,0,24200,UK
SAMSUNG,Galaxy A32 ,Awesome Blue,8 GB,128 GB,Yes,4.4,22910,23900,SAMSUNG Galaxy A32 ,990,4.142259414,91413,Canada
Apple,iPhone 6s ,Silver,2 GB,32 GB,Yes,4.5,25299,29900,Apple iPhone 6s ,4601,15.38795987,60949,Germany
Nokia,C01 Plus ,Blue,2 GB,16 GB,Yes,,6499,6499,Nokia C01 Plus ,0,0,83782,France
realme,C3 ,Frozen Blue,4 GB,64 GB,Yes,4.4,10999,10999,realme C3 ,0,0,82751,South Korea
Xiaomi,Redmi Note 5 ,Black,4 GB,64 GB,Yes,4.3,10999,11499,Xiaomi Redmi Note 5 ,500,4.348204192,76263,India
GIONEE,F9 Plus ,Black,3 GB,32 GB,Yes,4.1,9490,9490,GIONEE F9 Plus ,0,0,56601,Brazil
ASUS,6Z ,Matte Black,8 GB,256 GB,Yes,4.3,43999,43999,ASUS 6Z ,0,0,86899,USA
SAMSUNG,Galaxy A30s ,Prism Crush Violet,4 GB,128 GB,Yes,4.3,19900,19900,SAMSUNG Galaxy A30s ,0,0,72484,Canada
SAMSUNG,Galaxy A51 ,Prism Crush White,8 GB,128 GB,Yes,4.3,22499,29999,SAMSUNG Galaxy A51 ,7500,25.00083336,28298,India
Lenovo,A850 ,White,1 GB,4 GB,Yes,4.1,15999,15999,Lenovo A850 ,0,0,40449,UK
Motorola,X 2nd Generation ,Black,2 GB,16 GB,Yes,4.2,14500,14500,Motorola X 2nd Generation ,0,0,36173,Canada
vivo,V23 Pro 5G,Stardust Black,12 GB,256 GB,Yes,4.1,43990,45990,vivo V23 Pro 5G,2000,4.348771472,52875,South Korea
vivo,Y1S ,Aurora Blue,8 GB,128 GB,Yes,4.4,13890,13990,vivo Y1S ,100,0.714796283,17658,France
SAMSUNG,Galaxy S6 Edge ,White Pearl,3 GB,32 GB,Yes,4,44900,44900,SAMSUNG Galaxy S6 Edge ,0,0,94387,France
vivo,V23 5G,Stardust Black,8 GB,128 GB,Yes,4.4,29990,34990,vivo V23 5G,5000,14.28979708,35426,Canada
Apple,iPhone 8 ,Red,2 GB,64 GB,Yes,4.7,38999,39900,Apple iPhone 8 ,901,2.258145363,36686,UK
LG,W41 ,MAGIC BLUE,4 GB,64 GB,Yes,4,10499,10499,LG W41 ,0,0,34579,France
realme,Narzo 50A ,Oxygen Blue,4 GB,64 GB,Yes,4.4,11499,12999,realme Narzo 50A ,1500,11.53934918,38832,France
Apple,iPhone XR ,Red,3 GB,128 GB,Yes,4.6,47999,52900,Apple iPhone XR ,4901,9.264650284,17907,South Korea
SAMSUNG,Metro 350,Black,46 MB,64 MB,Yes,3.6,3200,3200,SAMSUNG Metro 350,0,0,71414,USA
SAMSUNG,B351E/Metro 350,Black,32 MB,2 MB,Yes,4.2,2980,2980,SAMSUNG B351E/Metro 350,0,0,64029,UK
Lenovo,Vibe P1 Turbo ,Silver,3 GB,32 GB,Yes,3.7,7650,7650,Lenovo Vibe P1 Turbo ,0,0,17288,UK
SAMSUNG,Galaxy M11 ,Black,3 GB,32 GB,Yes,4.2,11744,11749,SAMSUNG Galaxy M11 ,5,0.042556813,43661,Australia
Motorola,G9 ,Forest Green,4 GB,64 GB,Yes,4.2,10999,14999,Motorola G9 ,4000,26.66844456,85759,Australia
Apple,iPhone 6 ,Gold,1 GB,32 GB,Yes,4.4,30780,30780,Apple iPhone 6 ,0,0,70505,France
ASUS,ROG Phone 5 ,White,12 GB,256 GB,Yes,4.5,57999,63999,ASUS ROG Phone 5 ,6000,9.375146487,69721,Brazil
realme,8 5G ,Supersonic Black,4 GB,64 GB,Yes,4.3,15499,15999,realme 8 5G ,500,3.125195325,44702,Australia
Nokia,7.2,Charcoal,6 GB,64 GB,Yes,4.1,20999,20999,Nokia 7.2,0,0,93301,France
SAMSUNG,Galaxy Note 10 Plus ,Aura Glow,12 GB,512 GB,Yes,4.6,95000,95000,SAMSUNG Galaxy Note 10 Plus ,0,0,27675,Japan
Xiaomi,Redmi Note 7 ,Ruby Red,4 GB,64 GB,Yes,4.1,13399,14399,Xiaomi Redmi Note 7 ,1000,6.944926731,93561,Germany
SAMSUNG,Galaxy A12 ,Black,6 GB,128 GB,Yes,3.9,14999,14999,SAMSUNG Galaxy A12 ,0,0,33875,Germany
OPPO,A37f,Grey,2 GB,16 GB,Yes,4.2,10000,10000,OPPO A37f,0,0,53643,UK
SAMSUNG,Galaxy S7 Edge ,Silver Titanium,4 GB,32 GB,Yes,4.4,41900,41900,SAMSUNG Galaxy S7 Edge ,0,0,75161,Brazil
SAMSUNG,Galaxy S4 ,White Frost,2 GB,16 GB,Yes,3.9,40690,40690,SAMSUNG Galaxy S4 ,0,0,27603,South Korea
ASUS,Zenfone Go 2nd Gen,Yellow,1 GB,8 GB,Yes,3.7,5299,5299,ASUS Zenfone Go 2nd Gen,0,0,98802,USA
SAMSUNG,Galaxy Z Fold3 5G ,Phantom Green,12 GB,256 GB,Yes,4.4,149999,171999,SAMSUNG Galaxy Z Fold3 5G ,22000,12.79077204,35932,Australia
SAMSUNG,Galaxy A52 ,Awesome White,8 GB,128 GB,Yes,4.4,28999,31999,SAMSUNG Galaxy A52 ,3000,9.375292978,39193,Japan
SAMSUNG,Galaxy A10 ,Blue,2 GB,32 GB,Yes,4.3,7990,8700,SAMSUNG Galaxy A10 ,710,8.16091954,56543,France
Apple,iPhone 7 ,Rose Gold,2 GB,32 GB,Yes,4.5,24999,31500,Apple iPhone 7 ,6501,20.63809524,52521,Brazil
realme,Narzo 30 Pro 5G ,Sword Black,6 GB,64 GB,Yes,4.3,16999,18999,realme Narzo 30 Pro 5G ,2000,10.52686984,74773,UK
SAMSUNG,Galaxy J2 Pro ,Gold,2 GB,16 GB,Yes,4.2,8200,8200,SAMSUNG Galaxy J2 Pro ,0,0,68763,Australia
SAMSUNG,Galaxy S9 Plus ,Midnight Black,6 GB,64 GB,Yes,4.5,70000,70000,SAMSUNG Galaxy S9 Plus ,0,0,60107,Brazil
vivo,Y20 T,Purist Blue,6 GB,64 GB,Yes,4.3,15490,15490,vivo Y20 T,0,0,91122,Australia
realme,X3 SuperZoom ,Glacier Blue,12 GB,,Yes,4.2,32999,34999,realme X3 SuperZoom ,2000,5.714448984,35560,USA
LG,G4 ,Genuine Leather Black,3 GB,32 GB,Yes,4,35990,35990,LG G4 ,0,0,43743,USA
OPPO,Reno4 Pro,Starry Night,8 GB,128 GB,Yes,4.4,34990,37990,OPPO Reno4 Pro,3000,7.896814951,79670,South Korea
Xiaomi,Redmi Note 9 Pro ,Champagne Gold,4 GB,64 GB,Yes,4.3,14999,14999,Xiaomi Redmi Note 9 Pro ,0,0,90200,Germany
Xiaomi,Redmi Y2 ,Black,4 GB,64 GB,Yes,4.3,10999,10999,Xiaomi Redmi Y2 ,0,0,31755,India
Apple,iPhone 12 Mini ,Red,4GB,256 GB,Yes,4.5,71999,74900,Apple iPhone 12 Mini ,2901,3.873164219,13973,India
Lenovo,A2010 ,Black,1 GB,8 GB,Yes,3.9,5490,5490,Lenovo A2010 ,0,0,80832,Australia
Apple,iPhone 13 Pro ,Sierra Blue,6 GB,512 GB,Yes,,149900,149900,Apple iPhone 13 Pro ,0,0,51874,South Korea
SAMSUNG,Metro 350,Black,32 MB,Expandable Upto 16 GB,Yes,4.1,2940,2940,SAMSUNG Metro 350,0,0,19904,India
SAMSUNG,Galaxy F02s ,Diamond White,3 GB,32 GB,Yes,4.2,9499,10499,SAMSUNG Galaxy F02s ,1000,9.52471664,13021,UK
Lenovo,A6 Note ,Black,3 GB,32 GB,Yes,4.2,9999,9999,Lenovo A6 Note ,0,0,51756,India
SAMSUNG,Galaxy M01s ,Light Blue,3 GB,32 GB,Yes,4.2,10999,10999,SAMSUNG Galaxy M01s ,0,0,95957,Canada
realme,Narzo 20A ,Glory Silver,4 GB,64 GB,Yes,4.4,9499,11999,realme Narzo 20A ,2500,20.83506959,96989,France
Infinix,Note 10,Purple,4 GB,64 GB,Yes,4.2,10999,13999,Infinix Note 10,3000,21.43010215,55649,South Korea
LG,G3 Beat ,White,1 GB,8 GB,Yes,3.8,15999,15999,LG G3 Beat ,0,0,19517,UK
Infinix,Note 4,Milan Black,3 GB,32 GB,Yes,4.2,8999,8999,Infinix Note 4,0,0,12397,Brazil
vivo,Y20G 2021 ,Obsidian Black,6 GB,128 GB,Yes,4.3,29990,34990,vivo Y20G 2021 ,5000,14.28979708,94083,UK
Xiaomi,Redmi 5 ,Lake Blue,3 GB,32 GB,Yes,4.2,8990,8990,Xiaomi Redmi 5 ,0,0,29130,Germany
Xiaomi,11i 5G,Purple Mist,8 GB,128 GB,Yes,4.3,28999,33999,Xiaomi 11i 5G,5000,14.70631489,11592,Brazil
Apple,iPhone 12 Mini ,White,4GB,64 GB,Yes,4.5,56999,59900,Apple iPhone 12 Mini ,2901,4.843071786,21304,Japan
SAMSUNG,Galaxy S9 ,Lilac Purple,4 GB,128 GB,Yes,4.4,39900,39900,SAMSUNG Galaxy S9 ,0,0,40562,France
Apple,iPhone 13 ,Green,4GB,512 GB,Yes,4.7,104900,109900,Apple iPhone 13 ,5000,4.549590537,81720,France
Infinix,Smart 4 Plus,Midnight Black,3 GB,32 GB,Yes,4.4,9999,9999,Infinix Smart 4 Plus,0,0,96232,France
Infinix,Hot 10S,Black,4 GB,64 GB,Yes,4.3,9999,12999,Infinix Hot 10S,3000,23.07869836,17315,France
Apple,iPhone 6s Plus ,Gold,2 GB,16 GB,Yes,4.4,49999,49999,Apple iPhone 6s Plus ,0,0,29624,Australia
Xiaomi,Redmi Note 5 ,Rose Gold,3 GB,32 GB,Yes,4.4,9998,9998,Xiaomi Redmi Note 5 ,0,0,77676,France
ASUS,Zenfone Selfie ,Gold,3 GB,16 GB,Yes,4,9999,9999,ASUS Zenfone Selfie ,0,0,75083,France
Nokia,110 TA-1302 DS,Black,4 MB,4 MB,Yes,4.1,1695,1695,Nokia 110 TA-1302 DS,0,0,93625,France
Apple,iPhone 8 Plus ,Red,3 GB,256 GB,Yes,4.6,59900,59900,Apple iPhone 8 Plus ,0,0,43131,South Korea
Apple,iPhone 7 Plus ,Black,3 GB,128 GB,Yes,4.5,42900,42900,Apple iPhone 7 Plus ,0,0,61757,Australia
Lenovo,S660 ,Gold,1 GB,8 GB,Yes,4,14999,14999,Lenovo S660 ,0,0,36293,USA
OPPO,A16,Pearl Blue,4 GB,64 GB,Yes,,13850,13850,OPPO A16,0,0,96207,UK
Nokia,130,Black,4 MB,2 MB,Yes,4.2,1600,1600,Nokia 130,0,0,79275,UK
Infinix,Smart 5A,Ocean Wave,2 GB,32 GB,Yes,4.4,7199,7999,Infinix Smart 5A,800,10.00125016,12470,Brazil
Nokia,C01 Plus ,Blue,2 GB,16 GB,Yes,,6499,6499,Nokia C01 Plus ,0,0,63948,South Korea
SAMSUNG,Galaxy On6 ,Black,4 GB,64 GB,Yes,4.3,17600,17600,SAMSUNG Galaxy On6 ,0,0,32535,Canada
SAMSUNG,Galaxy Grand Neo Plus ,Midnight Black,1 GB,8 GB,Yes,4,5999,5999,SAMSUNG Galaxy Grand Neo Plus ,0,0,73621,UK
Apple,iPhone 6 ,Space Grey,1 GB,32 GB,Yes,4.4,30780,30780,Apple iPhone 6 ,0,0,58875,India
Apple,iPhone 11 ,Red,4GB,64 GB,Yes,4.6,49900,49900,Apple iPhone 11 ,0,0,59709,Canada
SAMSUNG,Galaxy Fold 2 ,Mystic Black,12 GB,256 GB,Yes,3,149999,189999,SAMSUNG Galaxy Fold 2 ,40000,21.05274238,84554,France
OPPO,A54,Crystal Black,4 GB,128 GB,Yes,4.3,15990,15990,OPPO A54,0,0,78345,France
SAMSUNG,Galaxy F22 ,Denim Black,6 GB,128 GB,Yes,4.3,14999,16999,SAMSUNG Galaxy F22 ,2000,11.76539796,59139,Australia
SAMSUNG,Galaxy S10 Lite ,Prism White,8 GB,128 GB,Yes,4.5,40999,43999,SAMSUNG Galaxy S10 Lite ,3000,6.81833678,64303,Canada
OPPO,A5 2020,Mirror Black,3 GB,64 GB,Yes,4.4,14990,14990,OPPO A5 2020,0,0,57639,India
Apple,iPhone XS ,Space Grey,4 GB,256 GB,Yes,4.7,76999,103900,Apple iPhone XS ,26901,25.89124158,88250,Australia
realme,6 Pro ,Lightning Orange,6 GB,128 GB,Yes,4.4,18999,18999,realme 6 Pro ,0,0,12720,Brazil
SAMSUNG,Galaxy S20 Ultra ,Cosmic Gray,12 GB,128 GB,Yes,4.2,103000,103000,SAMSUNG Galaxy S20 Ultra ,0,0,32891,Canada
vivo,S1,Diamond Black,6 GB,128 GB,Yes,4.4,22990,22990,vivo S1,0,0,87237,South Korea
SAMSUNG,Galaxy A21s ,Black,6 GB,64 GB,Yes,4.2,15199,15380,SAMSUNG Galaxy A21s ,181,1.176853056,46510,France
SAMSUNG,Galaxy Note10 Lite ,Aura Glow,6 GB,128 GB,Yes,4.3,37999,43000,SAMSUNG Galaxy Note10 Lite ,5001,11.63023256,52535,France
realme,GT Master Edition ,Cosmos Black,6 GB,128 GB,Yes,4.1,25999,26999,realme GT Master Edition ,1000,3.703840883,28788,Germany
realme,GT Neo 2,Neo Black,8 GB,128 GB,Yes,4.4,31999,34999,realme GT Neo 2,3000,8.571673476,58846,Australia
Apple,iPhone 13 Pro Max,Graphite,4GB,256 GB,Yes,4.7,139900,139900,Apple iPhone 13 Pro Max,0,0,67933,USA
Apple,iPhone 12 ,Purple,4GB,64 GB,Yes,4.6,63999,79900,Apple iPhone 12 ,15901,19.90112641,43063,USA
Apple,iPhone 6 ,Gold,1 GB,128 GB,Yes,4.4,49999,49999,Apple iPhone 6 ,0,0,85714,Australia
realme,1,Black,4 GB,,Yes,4.4,10990,14990,realme 1,4000,26.6844563,97264,South Korea
LG,V30+ ,Black,4 GB,128 GB,Yes,4.3,29999,29999,LG V30+ ,0,0,70462,Japan
Xiaomi,Redmi Y2 ,Black,3 GB,32 GB,Yes,4.3,9478,9478,Xiaomi Redmi Y2 ,0,0,85419,Australia
GIONEE,F103 3Gb Version ,Black,3 GB,16 GB,Yes,3.5,7999,7999,GIONEE F103 3Gb Version ,0,0,76673,South Korea
SAMSUNG,Galaxy C7 Pro ,Navy Blue,4 GB,64 GB,Yes,4.4,26600,26600,SAMSUNG Galaxy C7 Pro ,0,0,44833,Brazil
GIONEE,Max ,Black,2 GB,32 GB,Yes,4.1,6299,7990,GIONEE Max ,1691,21.16395494,41967,France
OPPO,A1K,Black,2 GB,32 GB,Yes,4.3,7990,10990,OPPO A1K,3000,27.29754322,82546,India
SAMSUNG,On7 Pro ,Black,2 GB,16 GB,Yes,4.1,6549,9490,SAMSUNG On7 Pro ,2941,30.99051633,22988,Japan
Infinix,Note 11 ,Graphite Black,6 GB,128 GB,Yes,4.5,14499,16999,Infinix Note 11 ,2500,14.70674746,47312,Canada
POCO,M3 ,Cool Blue,4 GB,64 GB,Yes,4.3,10999,11999,POCO M3 ,1000,8.334027836,41576,Japan
OPPO,A15S,Fancy White,4 GB,64 GB,Yes,4.3,12889,12989,OPPO A15S,100,0.769882208,73853,India
GIONEE,S6S ,Mocha Gold,3 GB,32 GB,Yes,4,15999,15999,GIONEE S6S ,0,0,11008,Germany
Xiaomi,Mi A3 ,Not just Blue,4 GB,64 GB,Yes,,12990,14989,Xiaomi Mi A3 ,1999,13.33644673,80982,France
Infinix,Zero 5 Pro,Bronze Gold Black,6 GB,128 GB,Yes,4.3,19999,19999,Infinix Zero 5 Pro,0,0,86243,USA
SAMSUNG,Guru FM Plus SM-B110E/D,Black,,2 MB,Yes,4.3,1448,1661,SAMSUNG Guru FM Plus SM-B110E/D,213,12.82360024,57518,South Korea
SAMSUNG,Galaxy Z Fold3 5G ,Phantom Black,12 GB,512 GB,Yes,4.4,157999,179999,SAMSUNG Galaxy Z Fold3 5G ,22000,12.22229012,39258,Australia
Nokia,6,Silver,3 GB,32 GB,Yes,3.9,7999,7999,Nokia 6,0,0,97273,Australia
Xiaomi,Redmi Note 6 Pro ,Blue,4 GB,64 GB,Yes,4.4,12999,12999,Xiaomi Redmi Note 6 Pro ,0,0,52208,USA
SAMSUNG,Galaxy M02 ,Grey,2 GB,32 GB,Yes,4,8289,8289,SAMSUNG Galaxy M02 ,0,0,23282,Japan
Lenovo,Sisley S60 ,White,2 GB,8 GB,Yes,3.5,13999,13999,Lenovo Sisley S60 ,0,0,71247,France
realme,GT Master Edition ,Voyager Grey,8 GB,256 GB,Yes,4.3,29999,29999,realme GT Master Edition ,0,0,11436,UK
Nokia,8110 4G,Black,512 MB,4 GB,Yes,3.7,6699,6699,Nokia 8110 4G,0,0,36661,South Korea
OPPO,F17,Navy Blue,6 GB,128 GB,Yes,4.2,16990,20990,OPPO F17,4000,19.05669366,15085,Brazil
realme,GT Master Edition ,Daybreak Blue,8 GB,128 GB,Yes,4.4,27999,29999,realme GT Master Edition ,2000,6.666888896,92198,India
Google Pixel,3,Clearly White,4 GB,64 GB,Yes,4.5,71000,71000,Google Pixel 3,0,0,23508,Japan
realme,8i ,Space Purple,4 GB,64 GB,Yes,,13999,15999,realme 8i ,2000,12.5007813,82596,Canada
realme,5i ,Aqua Blue,4 GB,128 GB,Yes,4.5,11999,11999,realme 5i ,0,0,93808,Germany
Motorola,Quench X T3,Black,512 MB,16 GB,Yes,2.4,14939,14939,Motorola Quench X T3,0,0,55540,Australia
OPPO,F7,Red,6 GB,128 GB,Yes,4.5,27990,27990,OPPO F7,0,0,17492,Japan
GIONEE,P7 ,White,2 GB,16 GB,Yes,3.8,4990,4990,GIONEE P7 ,0,0,60193,Germany
SAMSUNG,Galaxy S20 FE ,Cloud Navy,8 GB,128 GB,Yes,4,49999,65999,SAMSUNG Galaxy S20 FE ,16000,24.24279156,90396,India
SAMSUNG,M52 5G,Icy Blue,8 GB,128 GB,Yes,4.3,27239,31489,SAMSUNG M52 5G,4250,13.49677665,73889,Australia
Motorola,G,Black,1 GB,16 GB,Yes,4.4,9999,9999,Motorola G,0,0,83610,Australia
Apple,iPhone 7 Plus ,Jet Black,3 GB,256 GB,Yes,4.5,85400,85400,Apple iPhone 7 Plus ,0,0,19078,UK
Xiaomi,Redmi Note 7 ,Onyx Black,4 GB,64 GB,Yes,4.3,11748,12690,Xiaomi Redmi Note 7 ,942,7.423167849,30954,Japan
Apple,iPhone 11 Pro ,Silver,4GB,256 GB,Yes,4.6,121300,121300,Apple iPhone 11 Pro ,0,0,86920,France
Xiaomi,REDMI 9 Prime ,Sunrise Flare,4 GB,128 GB,Yes,4.3,13999,13999,Xiaomi REDMI 9 Prime ,0,0,77890,USA
SAMSUNG,Galaxy J2 Pro ,Silver,2 GB,16 GB,Yes,4.2,8200,8200,SAMSUNG Galaxy J2 Pro ,0,0,33822,USA
SAMSUNG,Galaxy M31 ,Iceberg blue,6 GB,128 GB,Yes,4.3,17989,17989,SAMSUNG Galaxy M31 ,0,0,47568,Brazil
SAMSUNG,Galaxy Z Fold3 5G ,Phantom Black,12 GB,512 GB,Yes,4.4,157999,179999,SAMSUNG Galaxy Z Fold3 5G ,22000,12.22229012,34861,Canada
SAMSUNG,Galaxy S21 Plus ,Phantom Black,8 GB,128 GB,Yes,4.4,71999,100999,SAMSUNG Galaxy S21 Plus ,29000,28.71315558,31196,Germany
realme,X2 ,Pearl Green,8 GB,256 GB,Yes,4.5,24999,24999,realme X2 ,0,0,87476,Japan
Infinix,Hot 11,Emerald Green,4 GB,64 GB,Yes,4.4,9999,11999,Infinix Hot 11,2000,16.66805567,97267,South Korea
SAMSUNG,Galaxy Grand Neo ,White,1 GB,8 GB,Yes,3.8,13500,13500,SAMSUNG Galaxy Grand Neo ,0,0,31428,Canada
vivo,X60 Pro,Shimmer Blue,12 GB,256 GB,Yes,5,48780,48780,vivo X60 Pro,0,0,37084,UK
Nokia,222,Black,16 MB,Expandable Upto 32 GB,Yes,4.1,2860,2860,Nokia 222,0,0,97047,Australia
SAMSUNG,Galaxy A50s ,Prism Crush Black,6 GB,128 GB,Yes,4.3,21099,26900,SAMSUNG Galaxy A50s ,5801,21.56505576,67373,France
SAMSUNG,Galaxy J2 2018 ,Gold,2 GB,16 GB,Yes,4.3,7500,7500,SAMSUNG Galaxy J2 2018 ,0,0,54065,Japan
Apple,iPhone XR ,White,3 GB,256 GB,Yes,4.6,91900,91900,Apple iPhone XR ,0,0,17814,Canada
Lenovo,Vibe K5 Note ,Grey,3 GB,32 GB,Yes,4.1,10999,10999,Lenovo Vibe K5 Note ,0,0,41599,Canada
Infinix,Hot 4 Pro,Bordeaux Red ,3 GB,16 GB,Yes,4,7499,7499,Infinix Hot 4 Pro,0,0,37083,France
SAMSUNG,Galaxy E7 ,Blue,2 GB,16 GB,Yes,4.3,18340,18340,SAMSUNG Galaxy E7 ,0,0,39242,Brazil
SAMSUNG,Galaxy S21 ,Phantom Gray,8 GB,256 GB,Yes,4.3,73999,87999,SAMSUNG Galaxy S21 ,14000,15.9092717,54570,Germany
Lenovo,A6600 Plus ,White,2 GB,16 GB,Yes,3.9,6266,6266,Lenovo A6600 Plus ,0,0,21746,Germany
Xiaomi,Redmi Note 4 ,Black,4 GB,64 GB,Yes,4.5,9999,9999,Xiaomi Redmi Note 4 ,0,0,36030,Canada
SAMSUNG,Galaxy M21 ,Iceberg Blue,4 GB,64 GB,Yes,4.3,13760,13760,SAMSUNG Galaxy M21 ,0,0,23026,India
Lenovo,K10 Note ,Black,4 GB,64 GB,Yes,4.1,16999,16999,Lenovo K10 Note ,0,0,24289,Canada
Apple,iPhone XR ,Black,3 GB,64 GB,Yes,4.6,42999,47900,Apple iPhone XR ,4901,10.23173278,99187,Canada
Nokia,9,Blue,6 GB,128 GB,Yes,3.8,56299,56299,Nokia 9,0,0,16541,France
OPPO,Reno7 Pro 5G,Startrails Blue,12 GB,256 GB,Yes,4.2,39999,47990,OPPO Reno7 Pro 5G,7991,16.65138571,91959,Australia
SAMSUNG,B351E/Metro 350,Black,32 MB,2 MB,Yes,4.2,2870,2870,SAMSUNG B351E/Metro 350,0,0,78879,France
ASUS,Zenfone Go ,Silver,1 GB,8 GB,Yes,3.8,5299,5299,ASUS Zenfone Go ,0,0,51847,Japan
realme,Narzo 50i ,Mint Green,2 GB,32 GB,Yes,4.4,7499,7999,realme Narzo 50i ,500,6.250781348,85933,Canada
Nokia,C20 Plus ,Blue,2 GB,32 GB,Yes,4.4,8999,10499,Nokia C20 Plus ,1500,14.28707496,27483,Germany
realme,C2 ,Diamond Black,2 GB,16 GB,Yes,4.4,6499,6999,realme C2 ,500,7.143877697,33412,South Korea
ASUS,Zenfone Go 5.0 LTE 2nd Gen ,Black,2 GB,16 GB,Yes,3.6,4999,4999,ASUS Zenfone Go 5.0 LTE 2nd Gen ,0,0,60976,Germany
LG,W30 Pro ,Midnight Purple,4 GB,64 GB,Yes,3.8,13998,13998,LG W30 Pro ,0,0,70546,USA
OPPO,F19s,Glowing Gold,6 GB,128 GB,Yes,,19990,22990,OPPO F19s,3000,13.04915181,88798,Brazil
LG,K8 ,Black & Blue,2 GB,16 GB,Yes,3.8,5699,5699,LG K8 ,0,0,62308,UK
vivo,Y20A 2021 ,Dawn White,3 GB,64 GB,Yes,4.4,29990,32990,vivo Y20A 2021 ,3000,9.093664747,13094,Japan
Apple,iPhone 12 Pro Max ,Silver,,512 GB,Yes,4.6,149900,149900,Apple iPhone 12 Pro Max ,0,0,87259,Japan
Apple,iPhone 11 Pro ,Space Grey,4GB,256 GB,Yes,4.6,99900,121300,Apple iPhone 11 Pro ,21400,17.6422094,32043,Brazil
OPPO,A53,Moonlight Black,6 GB,128 GB,Yes,4.3,13990,17990,OPPO A53,4000,22.23457476,62931,South Korea
realme,X2 ,Pearl White,4 GB,,Yes,4.5,17999,17999,realme X2 ,0,0,54414,UK
Motorola,G6 Play,Indigo Black,3 GB,32 GB,Yes,4.1,12999,12999,Motorola G6 Play,0,0,43757,Australia
LG,Q6 ,Black,3 GB,32 GB,Yes,4,16990,16990,LG Q6 ,0,0,63269,Canada
Xiaomi,Redmi Note 9 Pro ,Aurora Blue,4 GB,64 GB,Yes,4.3,15990,16999,Xiaomi Redmi Note 9 Pro ,1009,5.935643273,49215,UK
realme,9 Pro 5G,Sunrise Blue ,6 GB,128 GB,Yes,4.4,17999,21999,realme 9 Pro 5G,4000,18.18264467,91872,South Korea
Nokia,125 DS,Black,4 MB,4 MB,Yes,3.8,2249,2249,Nokia 125 DS,0,0,38603,India
Google Pixel,3,Clearly White,4 GB,128 GB,Yes,4.5,80000,80000,Google Pixel 3,0,0,63332,USA
LG,Q7+ ,Lavender Violet,4 GB,64 GB,Yes,3.2,21001,21001,LG Q7+ ,0,0,58902,UK
SAMSUNG,Galaxy A30s ,Prism Crush Violet,4 GB,64 GB,Yes,4.3,18900,18900,SAMSUNG Galaxy A30s ,0,0,73417,UK
Apple,iPhone X ,Space Gray,3 GB,256 GB,Yes,4.6,106900,106900,Apple iPhone X ,0,0,42197,USA
Google Pixel,2,Just Black,4 GB,64 GB,Yes,4.6,61000,61000,Google Pixel 2,0,0,15627,Canada
realme,Narzo 20 ,Victory Blue,4 GB,64 GB,Yes,4.3,10499,12999,realme Narzo 20 ,2500,19.23224863,17425,UK
POCO,M4 Pro,Power Black,8 GB,128 GB,Yes,4.4,17999,21999,POCO M4 Pro,4000,18.18264467,22858,USA
HTC,U11+ ,Amazing Silver,6 GB,128 GB,Yes,4.7,56990,56990,HTC U11+ ,0,0,29983,USA
Infinix,Hot 10 Play,Aegean Blue,4 GB,64 GB,Yes,4.3,9299,10999,Infinix Hot 10 Play,1700,15.45595054,86962,USA
ASUS,ZenFone Max Pro M2 ,Blue,6 GB,64 GB,Yes,4.3,19999,19999,ASUS ZenFone Max Pro M2 ,0,0,11981,France
vivo,X70 Pro ,Aurora Dawn,8 GB,128 GB,Yes,4.5,46990,51990,vivo X70 Pro ,5000,9.617234083,58291,South Korea
SAMSUNG,Galaxy J2 Pro ,Black,2 GB,16 GB,Yes,4.2,8200,8200,SAMSUNG Galaxy J2 Pro ,0,0,36432,France
SAMSUNG,Galaxy A10s ,Green,3 GB,32 GB,Yes,4.3,11000,11000,SAMSUNG Galaxy A10s ,0,0,94977,India
SAMSUNG,Galaxy S9 ,Midnight Black,4 GB,64 GB,Yes,4.4,62500,62500,SAMSUNG Galaxy S9 ,0,0,92712,Australia
Xiaomi,Redmi Y2 ,Dark Grey,4 GB,64 GB,Yes,4.3,10888,10888,Xiaomi Redmi Y2 ,0,0,36386,France
Infinix,Note 11S,Mithril Grey,6 GB,64 GB,Yes,4.3,13999,16999,Infinix Note 11S,3000,17.64809695,48159,France
realme,9 5G,Stargaze White,4 GB,64 GB,Yes,4.5,14999,18999,realme 9 5G,4000,21.05373967,33020,South Korea
Apple,iPhone 13 ,Red,4GB,256 GB,Yes,,89900,89900,Apple iPhone 13 ,0,0,28640,Australia
Infinix,Zero 5,Champagne Gold,6 GB,64 GB,Yes,4.3,17999,17999,Infinix Zero 5,0,0,95531,Brazil
IQOO,3,Tornado Black,8 GB,128 GB,Yes,4.4,34990,37990,IQOO 3,3000,7.896814951,31564,USA
ASUS,Zenfone Go 2nd Gen,White,1 GB,8 GB,Yes,3.7,5299,5299,ASUS Zenfone Go 2nd Gen,0,0,49342,Japan
realme,8,Cyber Black,4 GB,128 GB,Yes,4.3,15999,16999,realme 8,1000,5.882698982,15777,Australia
Apple,iPhone 12 Mini ,Black,4GB,256 GB,Yes,4.5,71999,74900,Apple iPhone 12 Mini ,2901,3.873164219,46445,India
realme,X2 ,Pearl White,8 GB,128 GB,Yes,4.5,20999,20999,realme X2 ,0,0,78917,Canada
LG,G7 ThinQ ,Platinum,4 GB,64 GB,Yes,4.4,50000,50000,LG G7 ThinQ ,0,0,18712,India
SAMSUNG,Galaxy A9 ,Lemonade Blue,8 GB,128 GB,Yes,4.3,39000,39000,SAMSUNG Galaxy A9 ,0,0,84319,USA
GIONEE,Elife E7 Mini ,White,1 GB,16 GB,Yes,3.8,9999,9999,GIONEE Elife E7 Mini ,0,0,92971,Australia
Apple,iPhone 11 ,Yellow,4GB,64 GB,Yes,4.6,49900,49900,Apple iPhone 11 ,0,0,95554,India
Apple,iPhone 13 Pro ,Graphite,6 GB,512 GB,Yes,,149900,149900,Apple iPhone 13 Pro ,0,0,40708,India
POCO,C31,Shadow Grey,4 GB,64 GB,Yes,4.4,8999,11999,POCO C31,3000,25.00208351,49111,Brazil
OPPO,A53s 5G,Crystal Blue,8 GB,128 GB,Yes,4.3,17990,18990,OPPO A53s 5G,1000,5.265929437,71789,Brazil
Lenovo,A5000 ,Black,1 GB,8 GB,Yes,4,6499,6499,Lenovo A5000 ,0,0,92880,Australia
realme,5s ,Crystal Blue,4 GB,128 GB,Yes,4.5,11999,12999,realme 5s ,1000,7.692899454,48828,USA
Apple,iPhone 6 ,Silver,1 GB,128 GB,Yes,4.4,71500,71500,Apple iPhone 6 ,0,0,15656,France
POCO,F1,Rosso Red,8 GB,256 GB,Yes,4.5,30999,30999,POCO F1,0,0,54860,Germany
Nokia,225 4G DS 2020,Black,64 MB,128 MB,Yes,3.7,3899,4399,Nokia 225 4G DS 2020,500,11.3662196,63626,UK
SAMSUNG,Galaxy M21 ,Raven Black,6 GB,128 GB,Yes,4.2,15499,15499,SAMSUNG Galaxy M21 ,0,0,62099,Japan
SAMSUNG,Galaxy M21 2021 Edition ,Arctic Blue,4 GB,64 GB,Yes,,13899,13990,SAMSUNG Galaxy M21 2021 Edition ,91,0.650464618,25252,UK
Xiaomi,Redmi Note 9 Pro ,Interstellar Black,4 GB,128 GB,Yes,,17990,17990,Xiaomi Redmi Note 9 Pro ,0,0,10527,South Korea
SAMSUNG,Galaxy A12 ,Black,6 GB,128 GB,Yes,3.9,16499,17999,SAMSUNG Galaxy A12 ,1500,8.333796322,78761,Brazil
Xiaomi,Mi A2 ,Red,6 GB,128 GB,Yes,4.4,14443,14443,Xiaomi Mi A2 ,0,0,57838,Australia
LG,K10 2017 ,Black,2 GB,16 GB,Yes,4.1,9000,9000,LG K10 2017 ,0,0,21537,UK
Nokia,3.2,Black,3 GB,32 GB,Yes,4.1,10499,10999,Nokia 3.2,500,4.545867806,38542,USA
OPPO,A9,Marble Green,4 GB,128 GB,Yes,4.4,12990,16990,OPPO A9,4000,23.54326074,89084,Japan
Nokia,5.1 Plus ,Black,3 GB,32 GB,Yes,4.3,13199,13199,Nokia 5.1 Plus ,0,0,61028,UK
POCO,F3 GT,Predator Black,8 GB,128 GB,Yes,4.3,28999,34999,POCO F3 GT,6000,17.14334695,44532,Japan
Apple,iPhone SE ,White,2 GB,256 GB,Yes,4.5,54900,54900,Apple iPhone SE ,0,0,18713,Canada
SAMSUNG,Galaxy A5-2017 ,Gold Sand,3 GB,32 GB,Yes,4.1,22900,22900,SAMSUNG Galaxy A5-2017 ,0,0,75456,USA
realme,X7 Max,Mercury Silver,8 GB,128 GB,Yes,4.4,26999,29999,realme X7 Max,3000,10.00033334,84745,Germany
Apple,iPhone SE ,Black,2 GB,64 GB,Yes,4.5,32999,39900,Apple iPhone SE ,6901,17.29573935,15110,India
OPPO,Rohit Sharma Limited Edition,Black,4 GB,64 GB,Yes,4.4,22990,22990,OPPO Rohit Sharma Limited Edition,0,0,59269,Japan
realme,X3 SuperZoom ,Glacier Blue,8 GB,256 GB,Yes,4.3,29999,31999,realme X3 SuperZoom ,2000,6.250195319,64616,USA
Infinix,Hot S3,Sandstone Black,3 GB,32 GB,Yes,4.2,9999,9999,Infinix Hot S3,0,0,92504,Japan
Apple,iPhone SE ,White,2 GB,256 GB,Yes,4.5,54900,54900,Apple iPhone SE ,0,0,39760,Japan
Apple,iPhone 12 Mini ,Purple,4GB,256 GB,Yes,4.5,71999,74900,Apple iPhone 12 Mini ,2901,3.873164219,95709,France
vivo,Y1S ,Olive Black,8 GB,128 GB,Yes,4.3,13890,13990,vivo Y1S ,100,0.714796283,70113,France
Lenovo,A1000 ,White,1 GB,8 GB,Yes,3.8,3549,3549,Lenovo A1000 ,0,0,36590,USA
realme,X50 Pro ,Rust Red,8 GB,128 GB,Yes,4.3,41999,41999,realme X50 Pro ,0,0,40016,France
SAMSUNG,Galaxy M02 ,Black,2 GB,32 GB,Yes,4,8229,8229,SAMSUNG Galaxy M02 ,0,0,39010,South Korea
Apple,iPhone 6s Plus ,Silver,2 GB,128 GB,Yes,4.4,70000,70000,Apple iPhone 6s Plus ,0,0,93310,Germany
ASUS,ZenFone Max M2 ,Black,3 GB,32 GB,Yes,4.3,12999,12999,ASUS ZenFone Max M2 ,0,0,72047,Australia
Nokia,5,Matte Black,3 GB,16 GB,Yes,4.1,12499,12499,Nokia 5,0,0,36144,USA
Nokia,C20 Plus ,Grey,3 GB,32 GB,Yes,3.8,9999,11099,Nokia C20 Plus ,1100,9.910802775,16155,USA
LG,L 80 Dual ,White,1 GB,4 GB,Yes,3.7,14162,14162,LG L 80 Dual ,0,0,31805,South Korea
SAMSUNG,On5 Pro ,Gold,2 GB,16 GB,Yes,4.2,6480,7990,SAMSUNG On5 Pro ,1510,18.89862328,51689,Brazil
Lenovo,K8 Plus ,Fine Gold,4 GB,32 GB,Yes,4.1,11999,11999,Lenovo K8 Plus ,0,0,74289,Brazil
realme,Narzo 50A ,Oxygen Green,4 GB,128 GB,Yes,4.4,12499,13999,realme Narzo 50A ,1500,10.71505108,61196,France
SAMSUNG,Galaxy Note 5 ,Black Sapphire,4 GB,32 GB,Yes,3.9,30495,30495,SAMSUNG Galaxy Note 5 ,0,0,30582,Australia
realme,1,Diamond Red,4 GB,64 GB,Yes,4.4,9490,9490,realme 1,0,0,62649,France
GIONEE,A1 Plus ,Black,4 GB,64 GB,Yes,4.1,16499,16499,GIONEE A1 Plus ,0,0,40088,Canada
SAMSUNG,Galaxy S21 ,Phantom Violet,8 GB,128 GB,Yes,4.3,69999,83999,SAMSUNG Galaxy S21 ,14000,16.66686508,59931,Canada
realme,7,Mist White,6 GB,64 GB,Yes,4.3,14999,17999,realme 7,3000,16.66759264,42982,India
Motorola,E7 Power ,Coral Red,4 GB,64 GB,Yes,4.1,8799,11999,Motorola E7 Power ,3200,26.66888907,79299,Canada
OPPO,A83,Champagne,3 GB,32 GB,Yes,4.4,14995,14995,OPPO A83,0,0,56168,Brazil
vivo,Y21A,Midnight Blue,4 GB,64 GB,Yes,4.1,14449,14449,vivo Y21A,0,0,85305,Germany
realme,X3 SuperZoom ,Glacier Blue,12 GB,256 GB,Yes,4.2,32999,34999,realme X3 SuperZoom ,2000,5.714448984,53409,Canada
LG,K10 2017 ,Gold & Black,2 GB,16 GB,Yes,4.1,9990,9990,LG K10 2017 ,0,0,49500,France
ASUS,6Z ,Black,6 GB,64 GB,Yes,4.3,35999,35999,ASUS 6Z ,0,0,62270,Japan
Motorola,G4 Plus,Black,2 GB,16 GB,Yes,4,6999,13499,Motorola G4 Plus,6500,48.15171494,48560,USA
Nokia,8.1,Iron,6 GB,128 GB,Yes,4.3,21999,31999,Nokia 8.1,10000,31.25097659,84320,Germany
SAMSUNG,Galaxy J1 ,Blue,512 MB,4 GB,Yes,4,7454,7454,SAMSUNG Galaxy J1 ,0,0,58788,Germany
vivo,X50  ,Frost Blue,8 GB,128 GB,Yes,4.3,39990,39990,vivo X50  ,0,0,45489,France
realme,Narzo 10 ,That Blue,4 GB,128 GB,Yes,4.5,11999,12999,realme Narzo 10 ,1000,7.692899454,84442,USA
Nokia,3.1 Plus ,White,3 GB,32 GB,Yes,4.2,7399,7399,Nokia 3.1 Plus ,0,0,84664,Brazil
SAMSUNG,Galaxy M21 ,Iceberg Blue,6 GB,128 GB,Yes,4.2,15990,15990,SAMSUNG Galaxy M21 ,0,0,32432,Germany
SAMSUNG,Galaxy S7 Edge ,Black Onyx,4 GB,32 GB,Yes,4.4,41900,41900,SAMSUNG Galaxy S7 Edge ,0,0,71682,India
Infinix,Zero 5,Sandstone Black,6 GB,64 GB,Yes,4.3,17999,17999,Infinix Zero 5,0,0,73484,France
SAMSUNG,Galaxy M31s ,Mirage Blue,6 GB,128 GB,Yes,4.3,19178,19900,SAMSUNG Galaxy M31s ,722,3.628140704,59154,Germany
Infinix,Hot 10 Play,Morandi Green,3 GB,32 GB,Yes,4.3,8299,9999,Infinix Hot 10 Play,1700,17.00170017,16369,Australia
SAMSUNG,Guru FM Plus,Black,,2 MB,Yes,4.2,1445,1445,SAMSUNG Guru FM Plus,0,0,37425,USA
Infinix,Hot 9 Pro,Quetzal Cyan,4 GB,64 GB,Yes,4.4,12999,12999,Infinix Hot 9 Pro,0,0,55005,Canada
Xiaomi,Redmi Note 8 ,Space Black,4 GB,64 GB,Yes,2.3,11999,11999,Xiaomi Redmi Note 8 ,0,0,93870,Germany
Nokia,6310,Black,8 MB,16 MB,Yes,,4189,4189,Nokia 6310,0,0,98653,France
ASUS,6Z ,Black,6 GB,128 GB,Yes,4.3,38999,38999,ASUS 6Z ,0,0,66986,Canada
SAMSUNG,S20 FE 5G ,Cloud Navy,8 GB,128 GB,Yes,,49990,56990,SAMSUNG S20 FE 5G ,7000,12.28285664,60070,India
Apple,iPhone 13 Pro Max ,Sierra Blue,6 GB,128 GB,Yes,,129900,129900,Apple iPhone 13 Pro Max ,0,0,62327,Canada
SAMSUNG,Galaxy S6 ,White Pearl,3 GB,64 GB,Yes,4,55900,55900,SAMSUNG Galaxy S6 ,0,0,91062,Australia
realme,9 Pro+ 5G,Aurora Green,8 GB,128 GB,Yes,4.4,26999,29999,realme 9 Pro+ 5G,3000,10.00033334,33399,Brazil
vivo,Y73 ,Roman Black,,128 GB,Yes,,29990,32990,vivo Y73 ,3000,9.093664747,60862,Germany
SAMSUNG,Galaxy A22 5G ,Mint,8 GB,128 GB,Yes,4.2,23596,23696,SAMSUNG Galaxy A22 5G ,100,0.422012154,85898,UK
vivo,Y94,Nebula Purple,4 GB,32 GB,Yes,4.4,15990,15990,vivo Y94,0,0,91906,UK
Nokia,3.1 Plus ,Blue,3 GB,32 GB,Yes,4.2,8299,8299,Nokia 3.1 Plus ,0,0,78578,Canada
realme,Narzo 30A ,Laser Blue,4 GB,64 GB,Yes,4.3,10499,10999,realme Narzo 30A ,500,4.545867806,75642,South Korea
LG,K10 K420DS ,Black Gold,2 GB,16 GB,Yes,4,6980,6980,LG K10 K420DS ,0,0,19079,USA
OPPO,Find X,Glacier Blue,8 GB,256 GB,Yes,4.6,60990,60990,OPPO Find X,0,0,35004,UK
SAMSUNG,Guru Plus B110,Black,512 MB,512 MB,Yes,4.2,1700,1700,SAMSUNG Guru Plus B110,0,0,72769,South Korea
Apple,iPhone 11 Pro ,Gold,4GB,512 GB,Yes,4.6,140300,140300,Apple iPhone 11 Pro ,0,0,61048,UK
realme,GT Master Edition ,Luna White ,8 GB,128 GB,Yes,4.3,27999,29999,realme GT Master Edition ,2000,6.666888896,81627,South Korea
Infinix,Hot 10S,Heart of Ocean,4 GB,64 GB,Yes,4.3,9999,12999,Infinix Hot 10S,3000,23.07869836,67661,USA
SAMSUNG,M01 core ,Black,2 GB,32 GB,Yes,3.9,5999,5999,SAMSUNG M01 core ,0,0,59787,Japan
vivo,S1,Skyline Blue,6 GB,64 GB,Yes,4.4,20990,20990,vivo S1,0,0,11926,UK
SAMSUNG,Galaxy M10 ,Ocean Blue,3 GB,32 GB,Yes,4.3,8690,9290,SAMSUNG Galaxy M10 ,600,6.458557589,93977,Australia
Xiaomi,REDMI Note 9 ,Arctic White,4 GB,64 GB,Yes,4.3,11999,14999,Xiaomi REDMI Note 9 ,3000,20.00133342,36016,Germany
GIONEE,X-1 ,Black,2 GB,16 GB,Yes,4,4650,4650,GIONEE X-1 ,0,0,43321,South Korea
Nokia,5,Copper,2 GB,16 GB,Yes,4,6999,14190,Nokia 5,7191,50.67653277,74882,Germany
SAMSUNG,Z2 ,Gold,1 GB,8 GB,Yes,3.6,4790,4790,SAMSUNG Z2 ,0,0,36290,France
Google Pixel,Quite Black,Black,4 GB,128 GB,Yes,4.4,66000,66000,Google Pixel Quite Black,0,0,13390,France
Motorola,One Fusion+ ,Twilight Blue,6 GB,128 GB,Yes,4.4,17499,19999,Motorola One Fusion+ ,2500,12.50062503,35684,USA
GIONEE,A1 ,Black,4 GB,64 GB,Yes,4,7899,7899,GIONEE A1 ,0,0,23630,South Korea
OPPO,F3,Rose Gold,4 GB,64 GB,Yes,4.3,18000,18000,OPPO F3,0,0,71551,India
SAMSUNG,M02s ,Black,3 GB,32 GB,Yes,4.2,9639,9639,SAMSUNG M02s ,0,0,34827,France
Lenovo,A536 ,White,1 GB,8 GB,Yes,3.8,9999,9999,Lenovo A536 ,0,0,36631,USA
OPPO,F5,Gold,4 GB,32 GB,Yes,4.4,19990,19990,OPPO F5,0,0,56164,France
OPPO,Reno2 Z,Sky White,8 GB,256 GB,Yes,4.5,29489,32990,OPPO Reno2 Z,3501,10.61230676,76436,France
Motorola,G 3rd Generation ,Black,1 GB,8 GB,Yes,4.2,9999,9999,Motorola G 3rd Generation ,0,0,21654,India
SAMSUNG,Galaxy M01 ,Blue,3 GB,32 GB,Yes,4.2,9990,9990,SAMSUNG Galaxy M01 ,0,0,37962,UK
SAMSUNG,Galaxy S21 SE 5G,Lavender  ,8 GB,128 GB,Yes,4.3,59990,59990,SAMSUNG Galaxy S21 SE 5G,0,0,91942,Canada
Lenovo,S90 Or Sisley S90 ,Grey,2 GB,32 GB,Yes,3.6,12999,12999,Lenovo S90 Or Sisley S90 ,0,0,84138,Japan
SAMSUNG,Galaxy S9 ,Midnight Black,4 GB,256 GB,Yes,4.4,65900,65900,SAMSUNG Galaxy S9 ,0,0,43663,France
SAMSUNG,Galaxy M30S ,Pearl white,4 GB,128 GB,Yes,4.3,16999,16999,SAMSUNG Galaxy M30S ,0,0,66447,France
Xiaomi,Redmi 7 ,Comet Blue,2 GB,32 GB,Yes,4.5,9490,9490,Xiaomi Redmi 7 ,0,0,31289,Australia
SAMSUNG,Grand Prime 4G ,White,1 GB,8 GB,Yes,4,7999,7999,SAMSUNG Grand Prime 4G ,0,0,46878,Japan
Motorola,E5 Plus,Black,3 GB,32 GB,Yes,4.2,11999,11999,Motorola E5 Plus,0,0,25314,India
Infinix,Smart 2,Sandstone Black,3 GB,32 GB,Yes,4.1,7946,7999,Infinix Smart 2,53,0.662582823,90886,Germany
Infinix,Smart HD 2021,Topaz Blue,2 GB,32 GB,Yes,4.3,7990,7990,Infinix Smart HD 2021,0,0,82716,South Korea
SAMSUNG,Galaxy A5-2017 ,Black Sky,3 GB,32 GB,Yes,4.1,22900,22900,SAMSUNG Galaxy A5-2017 ,0,0,20327,France
LG,Q Stylus+ ,Black,4 GB,64 GB,Yes,4,24000,24000,LG Q Stylus+ ,0,0,11561,Canada
realme,U1 ,Ambitious Black,3 GB,32 GB,Yes,4.4,8285,8285,realme U1 ,0,0,89149,South Korea
OPPO,Reno5 Pro 5G,Starry Black,8 GB,128 GB,Yes,4.4,35990,38990,OPPO Reno5 Pro 5G,3000,7.694280585,93187,Japan
SAMSUNG,Galaxy A72 ,Awesome Black,8 GB,128 GB,Yes,4.3,34999,41999,SAMSUNG Galaxy A72 ,7000,16.6670635,36746,South Korea
POCO,F1,Armoured Edition,8 GB,256 GB,Yes,4.5,30999,30999,POCO F1,0,0,41891,UK
HTC,Desire 826 DS,White Birch,2 GB,16 GB,Yes,3.7,18249,18249,HTC Desire 826 DS,0,0,30023,France
Infinix,Zero 5,Bordeaux Red ,6 GB,64 GB,Yes,4.3,17999,17999,Infinix Zero 5,0,0,62580,South Korea
ASUS,Zenfone Selfie ,Aqua Blue,3 GB,32 GB,Yes,4,11999,11999,ASUS Zenfone Selfie ,0,0,80317,Germany
Motorola,G60 ,Dynamic Gray,6 GB,128 GB,Yes,4.2,17999,21999,Motorola G60 ,4000,18.18264467,93848,Germany
SAMSUNG,Galaxy Z Flip3 5G ,Cream,8 GB,128 GB,Yes,4.3,84999,95999,SAMSUNG Galaxy Z Flip3 5G ,11000,11.45845269,38381,France
HTC,10,Carbon Grey,4 GB,32 GB,Yes,4.2,47990,47990,HTC 10,0,0,12357,Brazil
SAMSUNG,Galaxy A12 ,Blue,6 GB,128 GB,Yes,3.9,14999,14999,SAMSUNG Galaxy A12 ,0,0,80327,Germany
realme,9 Pro+ 5G,Aurora Green,6 GB,128 GB,Yes,4.4,24999,27999,realme 9 Pro+ 5G,3000,10.71466838,99900,South Korea
SAMSUNG,Galaxy F41 ,Fusion Black,6 GB,128 GB,Yes,4.3,14499,20999,SAMSUNG Galaxy F41 ,6500,30.95385495,30050,USA
SAMSUNG,M31s ,Mirage Blue,8 GB,128 GB,Yes,4.3,20949,20949,SAMSUNG M31s ,0,0,85718,Germany
Apple,iPhone 11 ,White,4GB,128 GB,Yes,4.6,54900,54900,Apple iPhone 11 ,0,0,26083,Japan
Xiaomi,Redmi 8A Dual ,Sky White,3 GB,64 GB,Yes,4.2,8561,8561,Xiaomi Redmi 8A Dual ,0,0,10662,Brazil
Infinix,S5 Lite,Violet,4 GB,64 GB,Yes,4.3,9999,9999,Infinix S5 Lite,0,0,47413,South Korea
Infinix,Hot 7 Pro,Midnight Black,6 GB,64 GB,Yes,4.2,10999,10999,Infinix Hot 7 Pro,0,0,12921,India
Infinix,Hot S3X,Milan Black,3 GB,32 GB,Yes,4.2,10999,10999,Infinix Hot S3X,0,0,70316,Australia
Motorola,G40 Fusion ,Dynamic Gray,4 GB,64 GB,Yes,4.3,14499,16999,Motorola G40 Fusion ,2500,14.70674746,89562,India
realme,9 5G,Meteor Black,6 GB,128 GB,Yes,4.8,17499,20999,realme 9 5G,3500,16.66746036,18947,UK
ASUS,Zenfone Go ,Silver,1 GB,8 GB,Yes,3.8,5699,5699,ASUS Zenfone Go ,0,0,55501,Australia
realme,3,Diamond Red,4 GB,64 GB,Yes,4.4,9499,12999,realme 3,3500,26.92514809,26310,UK
SAMSUNG,Galaxy S8 Plus ,Midnight Black,6 GB,128 GB,Yes,4.6,48669,48669,SAMSUNG Galaxy S8 Plus ,0,0,65231,Australia
Lenovo,A6000 Plus ,White,2 GB,16 GB,Yes,4.1,7499,7499,Lenovo A6000 Plus ,0,0,40028,Australia
vivo,Z1 Pro,Sonic Blue,6 GB,64 GB,Yes,4.5,17990,17990,vivo Z1 Pro,0,0,82542,USA
OPPO,F3 Deepika Padukone Limited Edition,Rose Gold,4 GB,64 GB,Yes,4.3,17000,17000,OPPO F3 Deepika Padukone Limited Edition,0,0,69322,Canada
Apple,iPhone 11 ,Green,4GB,256 GB,Yes,4.6,64900,64900,Apple iPhone 11 ,0,0,10957,Japan
vivo,X60 ,Shimmer Blue,3 GB,64 GB,Yes,4.4,8205,8205,vivo X60 ,0,0,84132,India
realme,X3 ,Glacier Blue,6 GB,128 GB,Yes,4.4,24999,26999,realme X3 ,2000,7.407681766,57909,Germany
GIONEE,P5L ,White,1 GB,16 GB,Yes,3.7,5199,5199,GIONEE P5L ,0,0,88340,South Korea
Infinix,Smart 5A,Midnight Black,2 GB,32 GB,Yes,4.4,7199,7999,Infinix Smart 5A,800,10.00125016,35964,Brazil
SAMSUNG,Galaxy J1 ,White,1 GB,8 GB,Yes,4,7550,7550,SAMSUNG Galaxy J1 ,0,0,49444,Japan
Xiaomi,Redmi Note 6 Pro ,Rose Gold,4 GB,64 GB,Yes,4.4,12449,15990,Xiaomi Redmi Note 6 Pro ,3541,22.14509068,49064,UK
SAMSUNG,Galaxy F62 ,Laser Grey,6 GB,128 GB,Yes,4.2,23999,29999,SAMSUNG Galaxy F62 ,6000,20.00066669,90819,USA
SAMSUNG,Galaxy Grand Quattro ,Ceramic White,1 GB,8 GB,Yes,4,6999,6999,SAMSUNG Galaxy Grand Quattro ,0,0,14704,UK
Lenovo,A2010 ,White,1 GB,8 GB,Yes,3.9,4990,4990,Lenovo A2010 ,0,0,75129,Canada
realme,9 5G,Meteor Black,4 GB,64 GB,Yes,4.5,14999,18999,realme 9 5G,4000,21.05373967,82100,Brazil
OPPO,A5,Diamond Red,4 GB,64 GB,Yes,4.4,15990,15990,OPPO A5,0,0,35850,USA
SAMSUNG,Galaxy S Duos 3 ,Charcoal Grey,512 MB,4 GB,Yes,4,6499,6499,SAMSUNG Galaxy S Duos 3 ,0,0,41861,UK
SAMSUNG,Galaxy A7 ,Midnight Black,2 GB,16 GB,Yes,4.1,19990,19990,SAMSUNG Galaxy A7 ,0,0,41586,Canada
Xiaomi,Redmi Note 11T 5G,Matte Black,6 GB,64 GB,Yes,4.3,18979,18999,Xiaomi Redmi Note 11T 5G,20,0.105268698,32016,South Korea
Apple,iPhone 13 ,Pink,4GB,512 GB,Yes,,109900,109900,Apple iPhone 13 ,0,0,87540,South Korea
realme,7i ,Fusion Blue,4 GB,128 GB,Yes,4.3,14999,14999,realme 7i ,0,0,53586,UK
GIONEE,M5 Lite 4G ,Blue,3 GB,32 GB,Yes,4.1,7290,7290,GIONEE M5 Lite 4G ,0,0,36959,Japan
SAMSUNG,Galaxy A30 ,Black,4 GB,64 GB,Yes,4.4,17500,17500,SAMSUNG Galaxy A30 ,0,0,36018,Brazil
Apple,iPhone 7 Plus ,Silver,3 GB,256 GB,Yes,4.5,85400,85400,Apple iPhone 7 Plus ,0,0,86708,France
SAMSUNG,Galaxy Note 9 ,Metallic Copper,6 GB,128 GB,Yes,4.6,73600,73600,SAMSUNG Galaxy Note 9 ,0,0,55351,Japan
Motorola,G4,White,2 GB,16 GB,Yes,3.9,6999,6999,Motorola G4,0,0,22202,South Korea
Lenovo,Vibe K5 Plus ,Gold,3 GB,16 GB,Yes,4,7999,7999,Lenovo Vibe K5 Plus ,0,0,39427,Brazil
SAMSUNG,Galaxy A22 5G ,Violet,6 GB,128 GB,Yes,4.3,20696,21995,SAMSUNG Galaxy A22 5G ,1299,5.905887702,27779,Canada
vivo,Y51A ,Crystal Symphony,4 GB,32 GB,Yes,4.4,19490,22990,vivo Y51A ,3500,15.22401044,55242,USA
Xiaomi,Redmi 9 ,Sporty Orange,4 GB,64 GB,Yes,4.4,9828,10760,Xiaomi Redmi 9 ,932,8.661710037,52230,Australia
realme,Narzo 10 ,That White,4 GB,128 GB,Yes,4.5,11999,12999,realme Narzo 10 ,1000,7.692899454,96653,UK
SAMSUNG,Galaxy S7 Edge ,Gold Platinum,4 GB,32 GB,Yes,4.4,41900,41900,SAMSUNG Galaxy S7 Edge ,0,0,58365,India
realme,X7 Max,Mercury Silver,12 GB,256 GB,Yes,4.4,29999,32999,realme X7 Max,3000,9.091184581,94879,Brazil
Nokia,6310,Black,16 MB,8 MB,Yes,,4199,4199,Nokia 6310,0,0,67057,Germany
Apple,iPhone 6 ,Space Grey,1 GB,16 GB,Yes,4.4,52000,52000,Apple iPhone 6 ,0,0,37491,Canada
SAMSUNG,Galaxy J4 ,Blue,3 GB,32 GB,Yes,4.2,13023,13023,SAMSUNG Galaxy J4 ,0,0,29976,France
GIONEE,Pioneer P6 ,Grey,1 GB,8 GB,Yes,3.7,4150,4150,GIONEE Pioneer P6 ,0,0,36724,Australia
ASUS,ZenFone Max M1 ,Gold,3 GB,32 GB,Yes,4.2,9599,9599,ASUS ZenFone Max M1 ,0,0,33280,Germany
Motorola,G4 Plus,White,3 GB,32 GB,Yes,4,6999,6999,Motorola G4 Plus,0,0,88302,France
SAMSUNG,Galaxy S7 Edge ,Pink Gold,4 GB,32 GB,Yes,4.4,36900,36900,SAMSUNG Galaxy S7 Edge ,0,0,21562,India
Motorola,M,Silver,3 GB,32 GB,Yes,3.9,14999,14999,Motorola M,0,0,76062,South Korea
Lenovo,Vibe Shot ,Red,3 GB,32 GB,Yes,3.7,18999,18999,Lenovo Vibe Shot ,0,0,98398,Japan
OPPO,A3s,Red,4 GB,64 GB,Yes,4.3,13990,13990,OPPO A3s,0,0,59154,UK
realme,6 Pro ,Lightning Blue,8 GB,128 GB,Yes,4.4,19999,19999,realme 6 Pro ,0,0,43143,USA
Lenovo,A5 ,Black,3 GB,32 GB,Yes,4.1,7999,7999,Lenovo A5 ,0,0,36917,France
Apple,iPhone XR ,Yellow,3 GB,64 GB,Yes,4.6,42999,47900,Apple iPhone XR ,4901,10.23173278,74325,Australia
Motorola,G6,Indigo Black,3 GB,32 GB,Yes,4.2,13999,13999,Motorola G6,0,0,54966,Brazil
OPPO,Reno6 5G,Stellar Black,8 GB,128 GB,Yes,4.3,29990,35990,OPPO Reno6 5G,6000,16.67129758,14649,South Korea
SAMSUNG,Galaxy M30s ,Blue,6 GB,128 GB,Yes,4.1,15990,15990,SAMSUNG Galaxy M30s ,0,0,45134,Brazil
SAMSUNG,Galaxy A7 2016 Edition ,Black,3 GB,16 GB,Yes,4.1,20700,20700,SAMSUNG Galaxy A7 2016 Edition ,0,0,60678,Australia
SAMSUNG,Galaxy A20s ,Black,4 GB,64 GB,Yes,4.3,14900,14900,SAMSUNG Galaxy A20s ,0,0,80136,Brazil
SAMSUNG,Galaxy A6+ ,Blue,4 GB,64 GB,Yes,4.4,25600,25600,SAMSUNG Galaxy A6+ ,0,0,45047,France
realme,Narzo 50A ,Oxygen Green,4 GB,64 GB,Yes,4.4,11499,12999,realme Narzo 50A ,1500,11.53934918,57065,Canada
Apple,iPhone 13 Pro ,Sierra Blue,6 GB,1 TB,Yes,,169900,169900,Apple iPhone 13 Pro ,0,0,79351,Brazil
Nokia,2.1,Grey / Silver,1 GB,8 GB,Yes,4,7739,7739,Nokia 2.1,0,0,55894,Japan
Apple,iPhone 12 Mini ,White,4GB,128 GB,Yes,4.5,61999,64900,Apple iPhone 12 Mini ,2901,4.469953775,71273,India
SAMSUNG,Galaxy J2-2017 ,Absolute black,1 GB,8 GB,Yes,4.2,6000,6000,SAMSUNG Galaxy J2-2017 ,0,0,77650,USA
Nokia,8 Sirocco ,Black,6 GB,128 GB,Yes,4.3,29990,29990,Nokia 8 Sirocco ,0,0,74675,France
OPPO,F17 Pro,Metallic White,8 GB,128 GB,Yes,4.3,19990,25990,OPPO F17 Pro,6000,23.08580223,23761,Germany
SAMSUNG,Galaxy S9 ,Lilac Purple,4 GB,64 GB,Yes,4.4,62500,62500,SAMSUNG Galaxy S9 ,0,0,31928,Australia
vivo,X60 ,Midnight Black,4 GB,64 GB,Yes,4.4,16490,16490,vivo X60 ,0,0,96476,South Korea
Apple,iPhone 6 ,Silver,1 GB,16 GB,Yes,4.4,36990,36990,Apple iPhone 6 ,0,0,71368,France
OPPO,A16,CRYSTAL BLACK,4 GB,64 GB,Yes,,13990,15990,OPPO A16,2000,12.50781739,22589,Canada
SAMSUNG,Galaxy Note 5 ,Silver,4 GB,32 GB,Yes,3.9,56999,56999,SAMSUNG Galaxy Note 5 ,0,0,62234,South Korea
Lenovo,S850 ,White,1 GB,16 GB,Yes,4,18499,18499,Lenovo S850 ,0,0,54739,Japan
vivo,U12,Electric Blue,4 GB,64 GB,Yes,4.4,13990,13990,vivo U12,0,0,43398,Australia
POCO,F3 GT,Predator Black,8 GB,256 GB,Yes,4.3,30999,36999,POCO F3 GT,6000,16.2166545,92190,South Korea
Lenovo,P780 ,Deep Black,1 GB,4 GB,Yes,4.1,15410,15410,Lenovo P780 ,0,0,86368,Brazil
SAMSUNG,Galaxy A8 ,Gold,2 GB,32 GB,Yes,4.2,25990,25990,SAMSUNG Galaxy A8 ,0,0,81261,France
Motorola,M,Silver,4 GB,64 GB,Yes,3.9,10910,10910,Motorola M,0,0,86620,India
realme,3i ,Diamond Red,4 GB,64 GB,Yes,4.4,10499,10999,realme 3i ,500,4.545867806,29817,Australia
Apple,iPhone 12 ,Blue,4GB,128 GB,Yes,4.6,68999,70900,Apple iPhone 12 ,1901,2.681241185,52241,UK
OPPO,A54,Starry Blue,4 GB,64 GB,Yes,4.3,14990,14990,OPPO A54,0,0,16277,Japan
ASUS,Zenfone Go 4.5 LTE ,Red,1 GB,8 GB,Yes,3.6,4890,4890,ASUS Zenfone Go 4.5 LTE ,0,0,89531,USA
realme,8 Pro ,Infinite Blue,6 GB,128 GB,Yes,4.3,17999,19999,realme 8 Pro ,2000,10.00050003,33500,Australia
Lenovo,K9 ,Blue,3 GB,32 GB,Yes,4.2,9999,9999,Lenovo K9 ,0,0,98577,Canada
ASUS,Zenfone Selfie ,Pink,3 GB,16 GB,Yes,4,12490,12490,ASUS Zenfone Selfie ,0,0,92496,France
Apple,iPhone 7 ,Black,2 GB,32 GB,Yes,4.5,24999,31500,Apple iPhone 7 ,6501,20.63809524,81636,Brazil
Apple,iPhone 11 ,Black,4GB,256 GB,Yes,4.6,64900,64900,Apple iPhone 11 ,0,0,95113,USA
Xiaomi,Redmi Y2 ,Gold,4 GB,64 GB,Yes,4.3,10999,10999,Xiaomi Redmi Y2 ,0,0,45947,USA
vivo,V20 SE ,Gravity Black,3 GB,32 GB,Yes,4.3,17999,17999,vivo V20 SE ,0,0,65205,Japan
Apple,iPhone XR ,Coral,3 GB,128 GB,Yes,4.6,47999,52900,Apple iPhone XR ,4901,9.264650284,61887,South Korea
Apple,iPhone 11 ,Yellow,4GB,256 GB,Yes,4.6,64900,64900,Apple iPhone 11 ,0,0,81653,Canada
OPPO,F1S,Gold,4 GB,64 GB,Yes,4.3,18990,18990,OPPO F1S,0,0,25564,South Korea
realme,7,Mist Blue,6 GB,64 GB,Yes,4.3,14999,17999,realme 7,3000,16.66759264,19848,Brazil
realme,C21 ,Cross Blue,4 GB,64 GB,Yes,4.4,9999,10999,realme C21 ,1000,9.091735612,36156,USA
Xiaomi,Redmi Y1 ,Rose Gold,3 GB,32 GB,Yes,4.3,8990,8990,Xiaomi Redmi Y1 ,0,0,89672,Canada
Apple,iPhone 12 Pro ,Silver,6 GB,256 GB,Yes,4.6,119900,119900,Apple iPhone 12 Pro ,0,0,93311,Canada
Apple,iPhone 12 Mini ,Purple,4GB,128 GB,Yes,4.5,61999,64900,Apple iPhone 12 Mini ,2901,4.469953775,77279,Germany
SAMSUNG,Galaxy S9 Plus ,Coral Blue,6 GB,64 GB,Yes,4.5,70000,70000,SAMSUNG Galaxy S9 Plus ,0,0,28310,France
realme,U1 ,Fiery Gold,4 GB,64 GB,Yes,4.4,11990,15499,realme U1 ,3509,22.64017033,10620,USA
realme,X2 ,Pearl Blue,6 GB,128 GB,Yes,4.5,19999,19999,realme X2 ,0,0,93195,USA
realme,X7 Max,Asteroid Black,12 GB,256 GB,Yes,4.3,29999,32999,realme X7 Max,3000,9.091184581,60109,Canada
SAMSUNG,Guru Music 2,Black,,Expandable Upto 16 GB,Yes,4.3,1882,1882,SAMSUNG Guru Music 2,0,0,44708,South Korea
OPPO,F19 Pro,Fantastic Purple,8 GB,256 GB,Yes,4.3,23490,25990,OPPO F19 Pro,2500,9.619084263,30338,USA
realme,X3 SuperZoom ,Arctic White,8 GB,256 GB,Yes,4.3,29999,31999,realme X3 SuperZoom ,2000,6.250195319,91538,Canada
Apple,iPhone 12 ,Black,4GB,64 GB,Yes,4.6,63999,65900,Apple iPhone 12 ,1901,2.884673748,76505,USA
Lenovo,A6000 Shot ,Black,2 GB,16 GB,Yes,3.7,6200,9991,Lenovo A6000 Shot ,3791,37.94414973,57615,Canada
realme,X ,Space Blue,8 GB,,Yes,4.5,20999,20999,realme X ,0,0,10282,Germany
Apple,iPhone SE ,Red,2 GB,128 GB,Yes,4.5,44900,44900,Apple iPhone SE ,0,0,37421,France
Apple,iPhone 7 ,Jet Black,2 GB,128 GB,Yes,4.5,34900,34900,Apple iPhone 7 ,0,0,90897,Canada
POCO,M2 Pro,Green and Greener,4 GB,64 GB,Yes,4.3,13999,16999,POCO M2 Pro,3000,17.64809695,49031,USA
realme,GT Neo 2,Neo Black,12 GB,256 GB,Yes,4.4,35999,38999,realme GT Neo 2,3000,7.692504936,11059,Brazil
SAMSUNG,Galaxy Note10 Lite ,Aura Black,8 GB,128 GB,Yes,4.3,39999,45000,SAMSUNG Galaxy Note10 Lite ,5001,11.11333333,96214,France
ASUS,ROG 5s,Storm White,8 GB,128 GB,Yes,,49999,55999,ASUS ROG 5s,6000,10.71447704,86261,Germany
Nokia,3310 DS 2020,Black,16 MB,Expandable Upto 32 GB,Yes,3.8,3974,4179,Nokia 3310 DS 2020,205,4.90547978,38405,Canada
Infinix,Smart 4,Quetzal Cyan,2 GB,32 GB,Yes,4.4,8999,8999,Infinix Smart 4,0,0,39857,Brazil
Apple,iPhone 11 ,White,4GB,64 GB,Yes,4.6,54900,54900,Apple iPhone 11 ,0,0,19201,Canada
GIONEE,S Plus ,Dark Blue,3 GB,16 GB,Yes,3.7,8950,8950,GIONEE S Plus ,0,0,74179,South Korea
Xiaomi,Redmi Y3 ,Elegant Blue,4 GB,64 GB,Yes,4.2,12999,12999,Xiaomi Redmi Y3 ,0,0,43998,USA
Apple,iPhone 11 Pro Max ,Midnight Green,4GB,256 GB,Yes,4.7,131900,131900,Apple iPhone 11 Pro Max ,0,0,35612,Australia
Xiaomi,Mi 11 Lite ,Tuscany Coral,8 GB,128 GB,Yes,4.3,23999,25999,Xiaomi Mi 11 Lite ,2000,7.692603562,51236,Japan
Infinix,S5 ,Quetzal Cyan,4 GB,64 GB,Yes,4.3,10999,10999,Infinix S5 ,0,0,45058,India
Lenovo,A6600 ,Black,1 GB,16 GB,Yes,3.8,5499,5499,Lenovo A6600 ,0,0,11240,South Korea
HTC,U Ultra,Sapphire Blue,4 GB,64 GB,Yes,4,62990,62990,HTC U Ultra,0,0,75662,Brazil
Xiaomi,REDMI 9 Prime ,Space Blue,4 GB,64 GB,Yes,4.3,10499,11999,Xiaomi REDMI 9 Prime ,1500,12.50104175,55273,South Korea
Apple,iPhone 12 Mini ,Black,4GB,128 GB,Yes,4.5,61999,64900,Apple iPhone 12 Mini ,2901,4.469953775,99394,UK
vivo,Y31 ,Ocean Blue,8 GB,256 GB,Yes,4.3,13990,13990,vivo Y31 ,0,0,71213,Canada
realme,6 Pro ,Lightning Red,8 GB,128 GB,Yes,4.4,19999,19999,realme 6 Pro ,0,0,25399,Canada
realme,GT Master Edition ,Daybreak Blue,6 GB,128 GB,Yes,4.3,25999,29999,realme GT Master Edition ,4000,13.33377779,66504,India
Nokia,3.1 Plus ,Baltic,3 GB,32 GB,Yes,4.2,10440,10440,Nokia 3.1 Plus ,0,0,16639,India
realme,X2 ,Pearl White,6 GB,128 GB,Yes,4.5,19999,19999,realme X2 ,0,0,16571,UK
SAMSUNG,Galaxy A21s ,Blue,6 GB,128 GB,Yes,4.2,17499,18999,SAMSUNG Galaxy A21s ,1500,7.895152376,78786,USA
SAMSUNG,Galaxy S10 Plus ,Prism White,8 GB,128 GB,Yes,4.6,59900,59900,SAMSUNG Galaxy S10 Plus ,0,0,19111,Japan
Apple,iPhone 13 Pro Max,Alpine Green,4GB,1 TB,Yes,4.7,169900,169900,Apple iPhone 13 Pro Max,0,0,89142,Australia
SAMSUNG,Sm-G361Hhadins ,Charcoal Gray,1 GB,8 GB,Yes,3,8999,8999,SAMSUNG Sm-G361Hhadins ,0,0,22116,Australia
Xiaomi,Redmi Note 11T 5G,Stardust White,6 GB,64 GB,Yes,4.2,18187,18990,Xiaomi Redmi Note 11T 5G,803,4.228541338,49063,Germany
realme,8i ,Space Black,6 GB,128 GB,Yes,,15999,17999,realme 8i ,2000,11.11172843,32912,Germany
OPPO,F17,Classic Silver,6 GB,128 GB,Yes,4.2,20999,20999,OPPO F17,0,0,42557,USA
SAMSUNG,Galaxy F42 5G ,Matte Black,6 GB,128 GB,Yes,4.1,20999,23999,SAMSUNG Galaxy F42 5G ,3000,12.50052086,88132,Germany
Apple,iPhone 13 Pro Max ,Graphite,6 GB,128 GB,Yes,,129900,129900,Apple iPhone 13 Pro Max ,0,0,11970,Germany
Xiaomi,Redmi Note 6 Pro ,Black,4 GB,64 GB,Yes,4.4,12349,12349,Xiaomi Redmi Note 6 Pro ,0,0,53754,UK
Nokia,216 DS,Black,16 MB,2 MB,Yes,4.2,2875,2999,Nokia 216 DS,124,4.134711571,92812,UK
Apple,iPhone 11 Pro Max ,Silver,4GB,512 GB,Yes,4.7,150800,150800,Apple iPhone 11 Pro Max ,0,0,14471,Germany
SAMSUNG,Galaxy A03s ,White,3 GB,32 GB,Yes,4,11499,13499,SAMSUNG Galaxy A03s ,2000,14.81591229,20226,South Korea
Infinix,Hot 11,Silver Wave,4 GB,64 GB,Yes,4.4,9999,11999,Infinix Hot 11,2000,16.66805567,33197,France
Nokia,Asha 502 ,Bright Red,64 MB,Expandable Upto 32 GB,Yes,3.7,3499,3499,Nokia Asha 502 ,0,0,23670,France
OPPO,A33,Mint Cream,3 GB,32 GB,Yes,4.3,10490,12990,OPPO A33,2500,19.24557352,47381,USA
Xiaomi,11i 5G,Purple Mist,6 GB,128 GB,Yes,4.3,24999,29999,Xiaomi 11i 5G,5000,16.66722224,58321,Australia
realme,3,Radiant Blue,3 GB,32 GB,Yes,4.5,8499,10999,realme 3,2500,22.72933903,57415,India
LG,G2 D802 ,Black Gold,2 GB,16 GB,Yes,4.5,31971,31971,LG G2 D802 ,0,0,25578,USA
OPPO,A12,Deep Blue,4 GB,64 GB,Yes,4.4,10490,11990,OPPO A12,1500,12.51042535,98010,Germany
Nokia,C20 Plus ,Grey,2 GB,32 GB,Yes,4.4,8999,10499,Nokia C20 Plus ,1500,14.28707496,65410,UK
GIONEE,P7 ,Grey,2 GB,16 GB,Yes,3.8,4750,4750,GIONEE P7 ,0,0,38626,Canada
realme,5i ,Forest Green,4 GB,64 GB,Yes,4.5,10999,10999,realme 5i ,0,0,91041,South Korea
Nokia,TA-1010/105,Black,4 MB,4 MB,Yes,4.2,1340,1340,Nokia TA-1010/105,0,0,34090,Brazil
ASUS,Zenfone Selfie ,Purple,3 GB,16 GB,Yes,4,13999,13999,ASUS Zenfone Selfie ,0,0,46488,UK
OPPO,A57,Black,3 GB,32 GB,Yes,4.2,14990,14990,OPPO A57,0,0,75839,France
OPPO,F5,Black,6 GB,64 GB,Yes,4.4,14990,14990,OPPO F5,0,0,60139,UK
SAMSUNG,Galaxy F02s ,Diamond Blue,3 GB,32 GB,Yes,4.2,9499,10499,SAMSUNG Galaxy F02s ,1000,9.52471664,52824,South Korea
ASUS,Zenfone Selfie ,Black,3 GB,16 GB,Yes,4,9999,9999,ASUS Zenfone Selfie ,0,0,47209,India
POCO,F1,Graphite Black,6 GB,128 GB,Yes,4.5,24999,24999,POCO F1,0,0,64062,Germany
ASUS,Zenfone Selfie ,White,3 GB,32 GB,Yes,4,14500,14500,ASUS Zenfone Selfie ,0,0,40660,Canada
GIONEE,F9 ,Champagne,3 GB,32 GB,Yes,4.2,7900,7900,GIONEE F9 ,0,0,41891,France
Apple,iPhone 12 Mini ,Red,4GB,64 GB,Yes,4.5,56999,59900,Apple iPhone 12 Mini ,2901,4.843071786,89135,France
Apple,iPhone 11 ,Green,4GB,128 GB,Yes,4.6,54900,54900,Apple iPhone 11 ,0,0,57056,Japan
Motorola,G9 ,Sapphire Blue,4 GB,64 GB,Yes,4.2,10999,14999,Motorola G9 ,4000,26.66844456,29509,Australia
Nokia,8,Polished Blue,4 GB,64 GB,Yes,4,29490,29490,Nokia 8,0,0,52288,India
Infinix,Note 4,Ice Blue,3 GB,32 GB,Yes,4.2,8999,8999,Infinix Note 4,0,0,88917,France
SAMSUNG,Galaxy A71 ,Prism Crush Blue,8 GB,128 GB,Yes,4.4,27499,34999,SAMSUNG Galaxy A71 ,7500,21.42918369,36985,Australia
Apple,iPhone 6s ,Silver,2 GB,128 GB,Yes,4.5,55999,55999,Apple iPhone 6s ,0,0,18126,France
Apple,iPhone 11 ,Black,4GB,128 GB,Yes,4.6,54900,54900,Apple iPhone 11 ,0,0,46060,Germany
Nokia,3,Silver White,2 GB,16 GB,Yes,3.9,8588,8588,Nokia 3,0,0,79570,Australia
SAMSUNG,Galaxy A70 ,Black,6 GB,128 GB,Yes,4.3,30900,30900,SAMSUNG Galaxy A70 ,0,0,27088,South Korea
SAMSUNG,Galaxy A21s ,White,6 GB,64 GB,Yes,4.2,19999,19999,SAMSUNG Galaxy A21s ,0,0,15705,Japan
Nokia,2.2,Steel,2 GB,16 GB,Yes,4,8599,8599,Nokia 2.2,0,0,70577,Germany
realme,5i ,Aqua Blue,4 GB,,Yes,4.5,10999,10999,realme 5i ,0,0,83385,South Korea
Lenovo,A7 ,Black,2 GB,32 GB,Yes,4,7490,8490,Lenovo A7 ,1000,11.77856302,97129,Canada
vivo,Y20G 2021 ,Purist Blue,4 GB,64 GB,Yes,,29990,34990,vivo Y20G 2021 ,5000,14.28979708,82461,India
Motorola,One Macro ,Space Blue,4 GB,64 GB,Yes,4.3,9999,11999,Motorola One Macro ,2000,16.66805567,37209,India
Motorola,G4,Black,2 GB,16 GB,Yes,3.9,6399,6399,Motorola G4,0,0,95151,Brazil
LG,V30+ ,Silver,4 GB,128 GB,Yes,4.3,29999,29999,LG V30+ ,0,0,76025,Brazil
SAMSUNG,Galaxy A7 ,Blue,6 GB,128 GB,Yes,4.4,24600,24600,SAMSUNG Galaxy A7 ,0,0,49883,Australia
ASUS,ZenFone Max M2 ,Silver,3 GB,32 GB,Yes,4.3,12999,12999,ASUS ZenFone Max M2 ,0,0,35924,India
realme,X7 Max,Milkyway Grey,8 GB,128 GB,Yes,4.3,26999,29999,realme X7 Max,3000,10.00033334,39166,Australia
SAMSUNG,Galaxy C7 Pro ,Gold,4 GB,64 GB,Yes,4.4,26600,26600,SAMSUNG Galaxy C7 Pro ,0,0,77204,Brazil
SAMSUNG,Galaxy Note 9 ,Lavender Purple,6 GB,128 GB,Yes,4.6,73600,73600,SAMSUNG Galaxy Note 9 ,0,0,14115,Canada
Lenovo,K10 Note ,Black,6 GB,128 GB,Yes,4.1,18999,18999,Lenovo K10 Note ,0,0,74966,France
LG,G5 ,Silver,4 GB,32 GB,Yes,4,52990,52990,LG G5 ,0,0,46322,South Korea
GIONEE,F10 ,Blue,3 GB,32 GB,Yes,4.1,7990,7990,GIONEE F10 ,0,0,83298,UK
vivo,V21 5G ,Sunset Dazzle,12 GB,256 GB,Yes,4.4,14990,14990,vivo V21 5G ,0,0,35427,Australia
Lenovo,A5 ,Gold,3 GB,32 GB,Yes,4.1,7999,7999,Lenovo A5 ,0,0,27773,Canada
Apple,iPhone 13 Pro Max ,Graphite,6 GB,1 TB,Yes,,179900,179900,Apple iPhone 13 Pro Max ,0,0,13713,South Korea
Apple,iPhone 12 Pro ,Silver,6 GB,512 GB,Yes,4.6,139900,139900,Apple iPhone 12 Pro ,0,0,11368,India
POCO,X3 Pro ,Steel Blue,8 GB,128 GB,Yes,4.4,20999,25999,POCO X3 Pro ,5000,19.2315089,61925,France
SAMSUNG,Galaxy M12 ,Blue,4 GB,64 GB,Yes,4.2,11510,11510,SAMSUNG Galaxy M12 ,0,0,13727,South Korea
vivo,Y12s ,Phantom Black,4 GB,64 GB,Yes,4.4,32990,35990,vivo Y12s ,3000,8.335648791,99153,Japan
OPPO,Find X,Bordeaux Red,8 GB,256 GB,Yes,4.6,60990,60990,OPPO Find X,0,0,37724,Brazil
SAMSUNG,Galaxy Folder 2 ,Wine Red,2 GB,16 GB,Yes,3.7,27330,27330,SAMSUNG Galaxy Folder 2 ,0,0,19109,South Korea
Apple,iPhone 13 Pro Max ,Silver,6 GB,512 GB,Yes,,159900,159900,Apple iPhone 13 Pro Max ,0,0,87715,UK
ASUS,ROG 5s Pro,Phantom Black,18 GB,512 GB,Yes,,79999,85999,ASUS ROG 5s Pro,6000,6.976825312,45644,Canada
POCO,M2 Reloaded ,Mostly Blue,4 GB,64 GB,Yes,4.3,9999,11999,POCO M2 Reloaded ,2000,16.66805567,41325,France
SAMSUNG,Galaxy S3 Neo ,Pebble Blue,1.5 GB,16 GB,Yes,4.3,17000,17000,SAMSUNG Galaxy S3 Neo ,0,0,93361,Germany
Apple,iPhone 6s ,Silver,2 GB,16 GB,Yes,4.5,41999,41999,Apple iPhone 6s ,0,0,18928,South Korea
realme,X ,Onion,8 GB,128 GB,Yes,4.5,20999,20999,realme X ,0,0,32444,USA
GIONEE,Pioneer P5W ,Red,1 GB,16 GB,Yes,3.1,4150,7250,GIONEE Pioneer P5W ,3100,42.75862069,89974,UK
SAMSUNG,Galaxy A10s ,Black,3 GB,32 GB,Yes,4.3,11000,11000,SAMSUNG Galaxy A10s ,0,0,73450,UK
SAMSUNG,Galaxy Note10 Lite ,Aura Red,6 GB,128 GB,Yes,4.3,37999,43000,SAMSUNG Galaxy Note10 Lite ,5001,11.63023256,86744,USA
OPPO,A15s,Dynamic Black,4 GB,64 GB,Yes,4.3,12990,13990,OPPO A15s,1000,7.147962831,70234,Japan
SAMSUNG,Galaxy S4 ,Deep Black,2 GB,16 GB,Yes,3.9,15999,15999,SAMSUNG Galaxy S4 ,0,0,35538,Germany
HTC,Desire 516,Dark Grey,1 GB,4 GB,Yes,3.5,15200,15200,HTC Desire 516,0,0,87577,Brazil
Lenovo,A2010 ,Black,1 GB,8 GB,Yes,3.9,4599,4599,Lenovo A2010 ,0,0,32613,Canada
SAMSUNG,Galaxy J7 Nxt ,Gold,2 GB,16 GB,Yes,4.4,10995,10995,SAMSUNG Galaxy J7 Nxt ,0,0,16472,France
Infinix,Smart 5,Purple,2 GB,32 GB,Yes,4.3,7499,8999,Infinix Smart 5,1500,16.66851872,45632,Canada
Nokia,Ta -1010/105,Black,4 MB,4 MB,Yes,4.2,1000,1000,Nokia Ta -1010/105,0,0,41349,Germany
Xiaomi,Redmi Note 6 Pro ,Blue,6 GB,64 GB,Yes,4.5,14990,14990,Xiaomi Redmi Note 6 Pro ,0,0,74733,Canada
Apple,iPhone 6 ,Gold,1 GB,16 GB,Yes,4.4,36499,36499,Apple iPhone 6 ,0,0,11178,USA
realme,Narzo 50i ,Carbon Black,4 GB,64 GB,Yes,4.3,8999,9999,realme Narzo 50i ,1000,10.0010001,14761,UK
LG,Velvet Dual Screen ,Black,6 GB,128 GB,Yes,4.4,44990,55000,LG Velvet Dual Screen ,10010,18.2,42780,Canada
realme,9i,Prism Black,6 GB,128 GB,Yes,4.4,15999,17999,realme 9i,2000,11.11172843,31637,Australia
ASUS,6Z ,Silver,6 GB,64 GB,Yes,4.3,35999,35999,ASUS 6Z ,0,0,91890,South Korea
realme,C3 ,Blazing Red,4 GB,64 GB,Yes,4.4,10999,10999,realme C3 ,0,0,63552,Germany
Nokia,3.4,Dusk,4 GB,64 GB,Yes,3.9,11999,13999,Nokia 3.4,2000,14.28673477,21557,Japan
Nokia,107 Dual SIM,Black,4 MB,Expandable Upto 16 GB,Yes,4.2,1860,1860,Nokia 107 Dual SIM,0,0,37599,Australia
Infinix,Hot 6 Pro,Sandstone Black,3 GB,32 GB,Yes,4.3,8999,8999,Infinix Hot 6 Pro,0,0,21564,USA
SAMSUNG,Galaxy Note 4 ,Bronze Gold,3 GB,32 GB,Yes,4.1,51000,51000,SAMSUNG Galaxy Note 4 ,0,0,56820,India
LG,W30 ,Aurora Green,3 GB,32 GB,Yes,3.9,9999,9999,LG W30 ,0,0,83771,USA
Apple,iPhone 7 ,Silver,2 GB,32 GB,Yes,4.5,24999,31500,Apple iPhone 7 ,6501,20.63809524,36967,Japan
SAMSUNG,Galaxy J4 ,Black,3 GB,32 GB,Yes,4.2,10990,10990,SAMSUNG Galaxy J4 ,0,0,91710,Japan
Nokia,5.1 Plus ,Blue,4 GB,64 GB,Yes,4.1,9975,15999,Nokia 5.1 Plus ,6024,37.65235327,69890,Australia
LG,Q7 ,Black,3 GB,32 GB,Yes,3.3,9990,9990,LG Q7 ,0,0,36988,South Korea
OPPO,A5,Diamond Red,4 GB,32 GB,Yes,4.4,13500,13500,OPPO A5,0,0,88715,Germany
vivo,Y33s ,Midday Dream,6 GB,64 GB,Yes,4.4,37990,44990,vivo Y33s ,7000,15.55901311,68349,Brazil
Nokia,5.3,SAND,4 GB,64 GB,Yes,3.5,10999,10999,Nokia 5.3,0,0,34597,UK
GIONEE,S10 Lite ,Gold,4 GB,32 GB,Yes,3.9,6399,6399,GIONEE S10 Lite ,0,0,43175,Australia
Nokia,105 SS 2021,Black,4 MB,4 MB,Yes,4.2,1399,1399,Nokia 105 SS 2021,0,0,74107,Japan
POCO,X2,Atlantic Blue,6 GB,64 GB,Yes,4.5,14999,18999,POCO X2,4000,21.05373967,79968,India
realme,Narzo 30A ,Laser Black,4 GB,64 GB,Yes,4.3,10499,10999,realme Narzo 30A ,500,4.545867806,69183,France
Nokia,2,Copper/Black,1 GB,8 GB,Yes,3.8,7007,7007,Nokia 2,0,0,97164,Japan
POCO,M4 Pro 5G,Cool Blue,8 GB,128 GB,Yes,4.4,18999,21999,POCO M4 Pro 5G,3000,13.6369835,49311,South Korea
Xiaomi,Redmi Note 7S ,Ruby Red,4 GB,64 GB,Yes,4.2,13900,13900,Xiaomi Redmi Note 7S ,0,0,66089,South Korea
realme,X7 Max,Asteroid Black,8 GB,128 GB,Yes,4.3,26999,29999,realme X7 Max,3000,10.00033334,18907,Japan
SAMSUNG,Galaxy A72 ,Awesome Violet,8 GB,256 GB,Yes,4.3,37999,43999,SAMSUNG Galaxy A72 ,6000,13.63667356,46915,South Korea
Infinix,Hot 11,Polar Black,4 GB,64 GB,Yes,4.4,9999,11999,Infinix Hot 11,2000,16.66805567,55380,Australia
Apple,iPhone 11 Pro Max ,Space Grey,4GB,64 GB,Yes,4.7,117100,117100,Apple iPhone 11 Pro Max ,0,0,88613,Japan
SAMSUNG,Galaxy A7 ,Champagne Gold,2 GB,16 GB,Yes,4.1,19990,19990,SAMSUNG Galaxy A7 ,0,0,47651,Japan
OPPO,A54,Moonlight Gold,4 GB,64 GB,Yes,4.3,14990,14990,OPPO A54,0,0,56882,Germany
Infinix,S5 Pro,Forest Green,4 GB,64 GB,Yes,4.4,12999,12999,Infinix S5 Pro,0,0,56414,UK
SAMSUNG,Galaxy Core ,Metallic Blue,1 GB,8 GB,Yes,4,7999,7999,SAMSUNG Galaxy Core ,0,0,16013,India
Infinix,S4,Nebula Blue,3 GB,32 GB,Yes,4.2,9999,9999,Infinix S4,0,0,60116,South Korea
POCO,M4 Pro 5G,Power Black,6 GB,128 GB,Yes,4.4,16999,19999,POCO M4 Pro 5G,3000,15.00075004,17152,Germany
GIONEE,S6 Pro ,Rose Gold,4 GB,32 GB,Yes,3.6,8000,8000,GIONEE S6 Pro ,0,0,67717,Brazil
realme,9 Pro+ 5G,Aurora Green,8 GB,256 GB,Yes,4.4,28999,31999,realme 9 Pro+ 5G,3000,9.375292978,46379,Brazil
Nokia,5.4,Polar Night,6 GB,64 GB,Yes,3.9,14499,14499,Nokia 5.4,0,0,52653,Canada
Xiaomi,Redmi Note 7 Pro ,Moonlight White,6 GB,128 GB,Yes,4.5,15449,15990,Xiaomi Redmi Note 7 Pro ,541,3.383364603,82431,Australia
POCO,M4 Pro,Cool Blue,6 GB,64 GB,Yes,4.4,14999,17999,POCO M4 Pro,3000,16.66759264,23468,Australia
ASUS,Zenfone 2 Laser ZE500KL ,Black,2 GB,16 GB,Yes,4.1,7999,7999,ASUS Zenfone 2 Laser ZE500KL ,0,0,41011,USA
Xiaomi,Redmi Note 7 Pro ,MOONLIGHT WHITE,6 GB,64 GB,Yes,4.5,14980,14990,Xiaomi Redmi Note 7 Pro ,10,0.066711141,64692,India
Lenovo,A7700 ,White,2 GB,16 GB,Yes,3.9,6750,6750,Lenovo A7700 ,0,0,74158,Japan
SAMSUNG,Galaxy Note 3 Neo ,White,2 GB,16 GB,Yes,4.2,11250,11250,SAMSUNG Galaxy Note 3 Neo ,0,0,22290,South Korea
Nokia,6310,Black,16 MB,8 MB,Yes,,4049,4049,Nokia 6310,0,0,54977,India
Infinix,Hot 10S,Purple,4 GB,64 GB,Yes,4.3,9999,12999,Infinix Hot 10S,3000,23.07869836,53597,Canada
ASUS,ROG 5s,Phantom Black,12 GB,256 GB,Yes,,57999,63999,ASUS ROG 5s,6000,9.375146487,33172,USA
Apple,iPhone 13 Mini ,Blue,6 GB,512 GB,Yes,,99900,99900,Apple iPhone 13 Mini ,0,0,96366,Germany
SAMSUNG,Galaxy A70s ,Prism Crush Red,6 GB,128 GB,Yes,4.3,17999,31000,SAMSUNG Galaxy A70s ,13001,41.93870968,54140,India
Nokia,C01 Plus ,Blue,2 GB,16 GB,Yes,,6499,6499,Nokia C01 Plus ,0,0,58714,Germany
realme,7i ,Fusion Green,4 GB,64 GB,Yes,4.3,13999,13999,realme 7i ,0,0,39735,Brazil
SAMSUNG,Galaxy M10 ,Charcoal Black,3 GB,32 GB,Yes,4.3,8650,9290,SAMSUNG Galaxy M10 ,640,6.889128095,82589,South Korea
Xiaomi,9A Sport,Carbon Black,2 GB,32 GB,Yes,4.3,7798,7798,Xiaomi 9A Sport,0,0,73647,Canada
SAMSUNG,Galaxy A6+ ,Gold,4 GB,64 GB,Yes,4.4,25999,25999,SAMSUNG Galaxy A6+ ,0,0,13655,Japan
Lenovo,A7 ,Blue,4 GB,64 GB,Yes,3.9,7990,9999,Lenovo A7 ,2009,20.0920092,99023,South Korea
SAMSUNG,Galaxy M42 ,Prism Dot Gray,8 GB,128 GB,Yes,4.3,24499,25900,SAMSUNG Galaxy M42 ,1401,5.409266409,28744,UK
Apple,iPhone 13 Mini ,Red,6 GB,512 GB,Yes,,99900,99900,Apple iPhone 13 Mini ,0,0,58369,Australia
POCO,M3 ,Yellow,6 GB,64 GB,Yes,4.3,11999,12999,POCO M3 ,1000,7.692899454,84173,Canada
Nokia,215 4G DS 2020,Black,64 MB,128 MB,Yes,3.7,3599,3599,Nokia 215 4G DS 2020,0,0,16442,India
SAMSUNG,Galaxy A3 ,Champagne Gold,1 GB,16 GB,Yes,4,8190,8190,SAMSUNG Galaxy A3 ,0,0,34612,South Korea
Motorola,G8 Power Lite ,Arctic Blue,4 GB,64 GB,Yes,4.3,9999,9999,Motorola G8 Power Lite ,0,0,22150,France
OPPO,A9 2020,Vanilla Mint,4 GB,128 GB,Yes,4.3,14990,18990,OPPO A9 2020,4000,21.06371775,69190,Australia
SAMSUNG,S7 Edge ,Black Pearl,4 GB,128 GB,Yes,4.3,36900,36900,SAMSUNG S7 Edge ,0,0,31676,Australia
Apple,iPhone XS Max ,Silver,4 GB,512 GB,Yes,4.6,144900,144900,Apple iPhone XS Max ,0,0,81032,France
Google Pixel,Nexus 5X ,White,2 GB,16 GB,Yes,4.5,25400,25400,Google Pixel Nexus 5X ,0,0,52669,USA
GIONEE,A1 Plus ,Mocha Gold,4 GB,64 GB,Yes,4.1,10499,10499,GIONEE A1 Plus ,0,0,23674,USA
SAMSUNG,M21 2021 Edition,Black,6 GB,128 GB,Yes,4.2,14859,15663,SAMSUNG M21 2021 Edition,804,5.133116261,86667,France
Nokia,3310 DS 2020,Black,16 MB,Expandable Upto 32 GB,Yes,3.8,3499,3499,Nokia 3310 DS 2020,0,0,98205,UK
LG,V20 ,Pink,4 GB,64 GB,Yes,4.2,31490,31490,LG V20 ,0,0,90759,Brazil
Google Pixel,Nexus 5X ,Carbon,2 GB,16 GB,Yes,4.3,25990,25990,Google Pixel Nexus 5X ,0,0,75430,France
HTC,628,Sunset Blue,3 GB,32 GB,Yes,3.7,15400,15400,HTC 628,0,0,33670,Brazil
Xiaomi,Redmi Y3 ,Bold Red,4 GB,64 GB,Yes,4.3,12999,13999,Xiaomi Redmi Y3 ,1000,7.143367383,44069,South Korea
realme,6,Comet Blue,4 GB,64 GB,Yes,4.4,13999,14999,realme 6,1000,6.667111141,98790,UK
SAMSUNG,Galaxy Note 4 ,Blossom Pink,3 GB,32 GB,Yes,4.1,49990,49990,SAMSUNG Galaxy Note 4 ,0,0,19436,Canada
OPPO,A12,Deep Blue,3 GB,32 GB,Yes,4.4,9490,10990,OPPO A12,1500,13.64877161,62250,Brazil
Xiaomi,Mi 11X Pro 5G ,Cosmic Black,8 GB,256 GB,Yes,4.2,38950,39990,Xiaomi Mi 11X Pro 5G ,1040,2.600650163,47385,Australia
SAMSUNG,Galaxy A9 Pro ,Gold,4 GB,32 GB,Yes,4.3,19980,19980,SAMSUNG Galaxy A9 Pro ,0,0,91930,South Korea
SAMSUNG,Galaxy M20 ,Ocean Blue,4 GB,64 GB,Yes,4.3,11999,11999,SAMSUNG Galaxy M20 ,0,0,86154,Australia
GIONEE,F11 ,Blue,3 GB,32 GB,Yes,4,6490,6490,GIONEE F11 ,0,0,85389,UK
Infinix,Smart 6,Obsidian Black,2 GB,32 GB,Yes,4.3,7499,8999,Infinix Smart 6,1500,16.66851872,41402,Brazil
OPPO,A9 2020,Space Purple,4 GB,128 GB,Yes,4.3,14990,18990,OPPO A9 2020,4000,21.06371775,81832,Germany
OPPO,A5s,Red,2 GB,32 GB,Yes,4.3,12990,4990,OPPO A5s,-8000,-160.3206413,44085,UK
Motorola,G 2nd Generation ,White,1 GB,16 GB,Yes,4.2,8999,8999,Motorola G 2nd Generation ,0,0,65827,UK
POCO,C31,Shadow Grey,3 GB,32 GB,Yes,4.4,7999,10999,POCO C31,3000,27.27520684,46452,Germany
SAMSUNG,Metro,Black,32 MB,2 MB,Yes,4.2,2849,2849,SAMSUNG Metro,0,0,17228,South Korea
Xiaomi,Mi 10i ,Pacific Sunrise,8 GB,128 GB,Yes,4.3,26989,26989,Xiaomi Mi 10i ,0,0,41911,Brazil
SAMSUNG,Galaxy On Nxt ,Gold,3 GB,16 GB,Yes,4.3,11200,11200,SAMSUNG Galaxy On Nxt ,0,0,46042,Brazil
Lenovo,K6 Note ,Gold,4 GB,32 GB,Yes,4,7490,7490,Lenovo K6 Note ,0,0,98921,Australia
SAMSUNG,Galaxy A10s ,Green,2 GB,32 GB,Yes,4.4,10000,10000,SAMSUNG Galaxy A10s ,0,0,75682,UK
SAMSUNG,Galaxy A7 ,Blue,4 GB,64 GB,Yes,4.4,17990,25379,SAMSUNG Galaxy A7 ,7389,29.11462233,91572,UK
realme,8s 5G ,Universe Blue,8 GB,128 GB,Yes,,19999,22999,realme 8s 5G ,3000,13.04404539,75482,Japan
SAMSUNG,Galaxy J2 - 2016 ,Black,1.5 GB,8 GB,Yes,4,6990,6990,SAMSUNG Galaxy J2 - 2016 ,0,0,78577,Canada
Apple,iPhone 6s ,Rose Gold,2 GB,32 GB,Yes,4.5,31999,31999,Apple iPhone 6s ,0,0,74175,UK
Nokia,C3 ,Sand,3 GB,32 GB,Yes,3.8,9999,9999,Nokia C3 ,0,0,36161,India
Apple,iPhone SE ,White,2 GB,64 GB,Yes,4.5,32999,39900,Apple iPhone SE ,6901,17.29573935,27634,Canada
ASUS,Zenfone Go 5.0 LTE ,White,2 GB,16 GB,Yes,3.7,4990,4990,ASUS Zenfone Go 5.0 LTE ,0,0,27015,India
Nokia,105 SS 2021,Black,4 MB,4 MB,Yes,4.2,1349,1349,Nokia 105 SS 2021,0,0,90533,Brazil
Lenovo,A319 ,Black,512 MB,4 GB,Yes,3.6,4200,4200,Lenovo A319 ,0,0,59105,Canada
ASUS,ROG Phone 5 Ultimate ,White,18 GB,512 GB,Yes,,79999,85999,ASUS ROG Phone 5 Ultimate ,6000,6.976825312,51622,UK
SAMSUNG,Galaxy A10 ,Black,2 GB,32 GB,Yes,4.3,8700,8700,SAMSUNG Galaxy A10 ,0,0,87232,Germany
Xiaomi,Redmi Note 5 ,Black,3 GB,32 GB,Yes,4.2,9990,9990,Xiaomi Redmi Note 5 ,0,0,78389,Australia
SAMSUNG,Galaxy A10 ,Gold,2 GB,32 GB,Yes,4.3,8700,8700,SAMSUNG Galaxy A10 ,0,0,26015,India
SAMSUNG,Galaxy A52s 5G ,Awesome Mint,8 GB,128 GB,Yes,4.3,37499,40999,SAMSUNG Galaxy A52s 5G ,3500,8.53679358,43756,Canada
Apple,iPhone 11 ,Yellow,4GB,64 GB,Yes,4.6,49900,49900,Apple iPhone 11 ,0,0,50391,UK
Apple,iPhone 11 ,Green,4GB,128 GB,Yes,4.6,54900,54900,Apple iPhone 11 ,0,0,33712,Canada
SAMSUNG,Galaxy M21 ,Midnight Blue,4 GB,64 GB,Yes,4.3,15990,15990,SAMSUNG Galaxy M21 ,0,0,67994,UK
Infinix,Hot 10S,Morandi Green,4 GB,64 GB,Yes,4.3,9999,12999,Infinix Hot 10S,3000,23.07869836,84697,UK
SAMSUNG,Galaxy J5 ,Gold,1.5 GB,8 GB,Yes,4.3,10490,10490,SAMSUNG Galaxy J5 ,0,0,37214,UK
SAMSUNG,Galaxy Note 8 ,Midnight Black,6 GB,64 GB,Yes,4.6,34899,74000,SAMSUNG Galaxy Note 8 ,39101,52.83918919,67785,Japan
GIONEE,F103 Pro ,Grey,3 GB,16 GB,Yes,3.9,5290,5290,GIONEE F103 Pro ,0,0,17422,Australia
SAMSUNG,Galaxy Note 10 Plus ,Aura Glow,12 GB,256 GB,Yes,4.6,59999,85000,SAMSUNG Galaxy Note 10 Plus ,25001,29.41294118,96937,Germany
Infinix,Hot S3,Topaz Blue,4 GB,64 GB,Yes,4.1,11999,11999,Infinix Hot S3,0,0,27728,Germany
Apple,iPhone 11 Pro ,Silver,4GB,256 GB,Yes,4.6,79999,106600,Apple iPhone 11 Pro ,26601,24.95403377,14359,Canada
SAMSUNG,Galaxy Z Flip3 5G ,Lavender  ,8 GB,128 GB,Yes,4.3,88999,95999,SAMSUNG Galaxy Z Flip3 5G ,7000,7.291742622,75109,Canada
POCO,F3 GT,Gunmetal Silver,6 GB,128 GB,Yes,4.3,28999,32999,POCO F3 GT,4000,12.12157944,42118,UK
Nokia,5.3,CYAN,6 GB,64 GB,Yes,3.7,12999,12999,Nokia 5.3,0,0,98701,Japan
SAMSUNG,Galaxy Z Flip ,Mirror Black,8 GB,256 GB,Yes,,66000,66000,SAMSUNG Galaxy Z Flip ,0,0,41911,UK
realme,X50 Pro ,Moss Green,12 GB,256 GB,Yes,4.3,47999,47999,realme X50 Pro ,0,0,65755,Japan
Apple,iPhone 11 ,Purple,4GB,256 GB,Yes,4.6,64900,64900,Apple iPhone 11 ,0,0,72439,UK
Infinix,Zero 8i,Black Diamond,8 GB,128 GB,Yes,4.2,18999,18999,Infinix Zero 8i,0,0,39372,India
SAMSUNG,Galaxy A7 ,Pearl White,2 GB,16 GB,Yes,4.1,19990,19990,SAMSUNG Galaxy A7 ,0,0,61502,India
Xiaomi,REDMI 9 Power ,Electric Green,4 GB,64 GB,Yes,4.2,11499,13999,Xiaomi REDMI 9 Power ,2500,17.85841846,70947,Brazil
SAMSUNG,Galaxy A12 ,Blue,4 GB,128 GB,Yes,4.2,14999,14999,SAMSUNG Galaxy A12 ,0,0,48468,UK
realme,9 5G,Stargaze White,6 GB,128 GB,Yes,4.8,17499,20999,realme 9 5G,3500,16.66746036,27626,Australia
OPPO,A5s,Green,4 GB,64 GB,Yes,4.4,15677,15677,OPPO A5s,0,0,43894,Brazil
OPPO,Reno6 Pro 5G,Aurora,12 GB,256 GB,Yes,4.4,39990,46990,OPPO Reno6 Pro 5G,7000,14.89678655,86330,Canada
SAMSUNG,Galaxy Alpha ,Dazzling White,2 GB,32 GB,Yes,3.6,19999,19999,SAMSUNG Galaxy Alpha ,0,0,41008,South Korea
realme,U1 ,Fiery Gold,3 GB,64 GB,Yes,4.4,11999,11999,realme U1 ,0,0,49533,UK
Apple,iPhone 13 Pro Max ,Gold,6 GB,512 GB,Yes,,159900,159900,Apple iPhone 13 Pro Max ,0,0,64254,India
SAMSUNG,Galaxy M20 ,Ocean Blue,32 GB,,Yes,4.2,9990,9990,SAMSUNG Galaxy M20 ,0,0,22324,South Korea
HTC,U Ultra,Brilliant Black,4 GB,64 GB,Yes,4,62990,62990,HTC U Ultra,0,0,83380,Japan
Xiaomi,Redmi Note 4 ,Gold,3 GB,32 GB,Yes,4.4,8590,8590,Xiaomi Redmi Note 4 ,0,0,24211,South Korea
Apple,iPhone 11 Pro ,Midnight Green,4GB,256 GB,Yes,4.6,121300,121300,Apple iPhone 11 Pro ,0,0,26457,Australia
SAMSUNG,Galaxy S21 Plus ,Phantom Violet,8 GB,128 GB,Yes,4.4,71999,100999,SAMSUNG Galaxy S21 Plus ,29000,28.71315558,41368,UK
Apple,iPhone XR ,Blue,3 GB,256 GB,Yes,4.6,91900,91900,Apple iPhone XR ,0,0,64625,Germany
Infinix,Smart 2,Bordeaux Red ,2 GB,16 GB,Yes,4.1,6999,6999,Infinix Smart 2,0,0,20107,South Korea
Lenovo,K8 Plus ,Venom Black,4 GB,32 GB,Yes,4.1,11999,11999,Lenovo K8 Plus ,0,0,78009,Germany
LG,Q7+ ,Moroccan Blue,4 GB,64 GB,Yes,3.2,20998,20998,LG Q7+ ,0,0,82241,Japan
SAMSUNG,Tizen Z3 ,Gold,1 GB,8 GB,Yes,3.3,6990,6990,SAMSUNG Tizen Z3 ,0,0,74316,Brazil
LG,K10 2017 ,Titan,2 GB,16 GB,Yes,4.1,7499,7499,LG K10 2017 ,0,0,79250,Germany
OPPO,A16k,Blue,3 GB,32 GB,Yes,4.1,10490,10490,OPPO A16k,0,0,80588,Brazil
Xiaomi,Note 10 lite,Glacier White,4 GB,128 GB,Yes,4.3,14990,14990,Xiaomi Note 10 lite,0,0,20757,India
SAMSUNG,Galaxy M11 ,Violet,3 GB,32 GB,Yes,4.2,11745,11745,SAMSUNG Galaxy M11 ,0,0,78012,UK
Nokia,515,Black,512 MB,256 MB,Yes,3,8999,8999,Nokia 515,0,0,46379,South Korea
Infinix,Smart 4 Plus,Ocean Wave,3 GB,32 GB,Yes,4.4,9999,9999,Infinix Smart 4 Plus,0,0,14256,India
SAMSUNG,Galaxy S9 Plus ,Lilac Purple,6 GB,64 GB,Yes,4.5,70000,70000,SAMSUNG Galaxy S9 Plus ,0,0,24485,India
Motorola,X4,Sterling Blue,6 GB,64 GB,Yes,4.3,24999,24999,Motorola X4,0,0,66550,France
Xiaomi,REDMI Note 9 ,Aqua Green,4 GB,64 GB,Yes,,11999,14999,Xiaomi REDMI Note 9 ,3000,20.00133342,44504,USA
Apple,iPhone 13 Pro Max ,Sierra Blue,6 GB,256 GB,Yes,,139900,139900,Apple iPhone 13 Pro Max ,0,0,83795,Australia
LG,G7+ ThinQ ,Black,6 GB,128 GB,Yes,4.4,55000,55000,LG G7+ ThinQ ,0,0,55114,Brazil
SAMSUNG,Galaxy M32 ,Black,4 GB,64 GB,Yes,4.2,15490,15490,SAMSUNG Galaxy M32 ,0,0,84070,France
Xiaomi,Redmi 8A ,Midnight Black,2 GB,32 GB,Yes,4.4,7999,7999,Xiaomi Redmi 8A ,0,0,15250,USA
SAMSUNG,Galaxy S21 Ultra ,Phantom Silver,12 GB,256 GB,Yes,4.5,105999,128999,SAMSUNG Galaxy S21 Ultra ,23000,17.82959558,29202,Australia
SAMSUNG,Galaxy J7 Nxt ,Gold,3 GB,32 GB,Yes,4.3,12000,12000,SAMSUNG Galaxy J7 Nxt ,0,0,68577,Brazil
SAMSUNG,Galaxy A5 2016 Edition ,White,2 GB,16 GB,Yes,4.1,14490,14490,SAMSUNG Galaxy A5 2016 Edition ,0,0,19687,UK
Google Pixel,3,Not Pink,4 GB,128 GB,Yes,4.5,80000,80000,Google Pixel 3,0,0,63364,Australia
vivo,Y1s ,Aurora Blue,4 GB,32 GB,Yes,4.4,22990,27990,vivo Y1s ,5000,17.86352269,10662,South Korea
SAMSUNG,Z3 ,Black,1 GB,8 GB,Yes,3.4,5590,5590,SAMSUNG Z3 ,0,0,54844,India
realme,Narzo 20 Pro ,Black Ninja,8 GB,128 GB,Yes,4.3,16999,18999,realme Narzo 20 Pro ,2000,10.52686984,70964,USA
GIONEE,Pioneer P2 ,Black,512 MB,4 GB,Yes,3.6,2290,2290,GIONEE Pioneer P2 ,0,0,52829,USA
SAMSUNG,Galaxy J5 - 6 New 2016 Edition) ,Black,2 GB,16 GB,Yes,4.2,10990,10990,SAMSUNG Galaxy J5 - 6 New 2016 Edition) ,0,0,58605,USA
OPPO,F9 Pro,Starry Purple,6 GB,64 GB,Yes,4.5,21150,21150,OPPO F9 Pro,0,0,20527,Brazil
SAMSUNG,Galaxy J2 Ace ,Silver,1.5 GB,8 GB,Yes,4.1,8090,8090,SAMSUNG Galaxy J2 Ace ,0,0,78911,South Korea
SAMSUNG,Galaxy A30 ,Red,4 GB,64 GB,Yes,4.4,18000,18000,SAMSUNG Galaxy A30 ,0,0,35593,Australia
SAMSUNG,Galaxy A52s 5G ,Awesome Violet,8 GB,128 GB,Yes,4.5,37499,40999,SAMSUNG Galaxy A52s 5G ,3500,8.53679358,38983,India
LG,W41 Pro ,Laser Blue,6 GB,128 GB,Yes,3.7,10499,20000,LG W41 Pro ,9501,47.505,10208,South Korea
realme,2,Diamond Black,3 GB,32 GB,Yes,4.5,9990,9990,realme 2,0,0,98734,France
SAMSUNG,Galaxy Ace NXT ,Ceramic White,512 MB,4 GB,Yes,3.8,5490,5490,SAMSUNG Galaxy Ace NXT ,0,0,78620,UK
POCO,M2 Reloaded ,Grey,4 GB,64 GB,Yes,4.3,9999,11999,POCO M2 Reloaded ,2000,16.66805567,39329,Germany
realme,C3 ,Frozen Blue,3 GB,32 GB,Yes,4.4,9999,9999,realme C3 ,0,0,56480,South Korea
Lenovo,A7 ,Blue,2 GB,32 GB,Yes,4,6950,8490,Lenovo A7 ,1540,18.13898704,30104,France
OPPO,A52,Stream White,6 GB,128 GB,Yes,4.3,17999,17999,OPPO A52,0,0,49892,India
realme,Narzo 30 ,Racing Silver,6 GB,128 GB,Yes,4.3,15499,16999,realme Narzo 30 ,1500,8.824048473,20755,Germany
OPPO,F11 Pro Marvel? Avengers Limited Edition,Space Blue,6 GB,128 GB,Yes,,27990,31990,OPPO F11 Pro Marvel? Avengers Limited Edition,4000,12.50390747,91438,Germany
realme,X3 ,Glacier Blue,8 GB,128 GB,Yes,4.4,25999,27999,realme X3 ,2000,7.143112254,82983,South Korea
Xiaomi,Redmi 5 ,Black,3 GB,32 GB,Yes,4.4,9900,9900,Xiaomi Redmi 5 ,0,0,65923,USA
HTC,626G Plus,White Birch,1 GB,8 GB,Yes,3.9,8999,8999,HTC 626G Plus,0,0,58232,Canada
Apple,iPhone 6 Plus ,Silver,1 GB,64 GB,Yes,4.5,48999,48999,Apple iPhone 6 Plus ,0,0,39302,India
POCO,C3 ,Matte Black,4 GB,64 GB,Yes,4.3,8999,10999,POCO C3 ,2000,18.18347122,72712,USA
Xiaomi,Redmi Y2 ,Gold,3 GB,32 GB,Yes,4.2,9468,10499,Xiaomi Redmi Y2 ,1031,9.819982856,51324,India
Apple,iPhone 6 Plus ,Silver,1 GB,16 GB,Yes,4.5,40999,40999,Apple iPhone 6 Plus ,0,0,28753,Canada
vivo,Y93,Nebula Purple,3 GB,64 GB,Yes,4.4,11990,11990,vivo Y93,0,0,92206,UK
GIONEE,Marathon M3 ,White,1 GB,8 GB,Yes,3.8,9599,9599,GIONEE Marathon M3 ,0,0,23396,Canada
OPPO,Ravichandran Ashwin Limited Edition,Black,4 GB,64 GB,Yes,4.4,22990,22990,OPPO Ravichandran Ashwin Limited Edition,0,0,95958,Japan
Apple,iPhone 7 ,Jet Black,2 GB,256 GB,Yes,4.5,74400,74400,Apple iPhone 7 ,0,0,66274,South Korea
Nokia,G10 ,Dusk | Purple,4 GB,64 GB,Yes,,12149,12149,Nokia G10 ,0,0,14896,South Korea
SAMSUNG,SM-B310EZDDINS,Black,100 MB,100 MB,Yes,5,1949,1949,SAMSUNG SM-B310EZDDINS,0,0,86560,France
SAMSUNG,Galaxy Note 20 ,Mystic Blue,8 GB,256 GB,Yes,4.3,54599,79997,SAMSUNG Galaxy Note 20 ,25398,31.74869058,20700,USA
OPPO,F3,Gold,4 GB,64 GB,Yes,4.3,18000,18000,OPPO F3,0,0,75062,France
realme,1,Diamond Black,3 GB,32 GB,Yes,,11990,12990,realme 1,1000,7.698229407,19716,Japan
SAMSUNG,Galaxy Note 10 Plus ,Aura Black,12 GB,512 GB,Yes,4.6,95000,95000,SAMSUNG Galaxy Note 10 Plus ,0,0,29170,Canada
OPPO,A53,Mint Cream,6 GB,128 GB,Yes,4.3,13990,17990,OPPO A53,4000,22.23457476,26164,South Korea
OPPO,A5s,Blue,2 GB,32 GB,Yes,4.3,8990,12990,OPPO A5s,4000,30.79291763,15783,Brazil
SAMSUNG,Galaxy F41 ,Fusion Green,6 GB,128 GB,Yes,4.3,14499,20999,SAMSUNG Galaxy F41 ,6500,30.95385495,98178,Canada
ASUS,Zenfone Max ,Black,2 GB,32 GB,Yes,4.1,8499,8499,ASUS Zenfone Max ,0,0,94329,Canada
OPPO,A53,Electric Black,6 GB,128 GB,Yes,4.3,13990,17990,OPPO A53,4000,22.23457476,45586,Japan
Apple,iPhone 13 Pro Max ,Sierra Blue,6 GB,,Yes,,139900,139900,Apple iPhone 13 Pro Max ,0,0,40683,UK
Nokia,150 TA-1235 DS,Black,4 MB,4 MB,Yes,4.1,2480,2599,Nokia 150 TA-1235 DS,119,4.578684109,57865,India
OPPO,Reno6 Pro 5G,Majestic Gold,12 GB,256 GB,Yes,4.4,41990,45990,OPPO Reno6 Pro 5G,4000,8.697542944,94417,Japan
Nokia,5.3,CHARCOAL,4 GB,64 GB,Yes,3.5,10999,10999,Nokia 5.3,0,0,65115,India
OPPO,N5111,White,2 GB,16 GB,Yes,3.1,9990,9990,OPPO N5111,0,0,48068,South Korea
Motorola,G4 Plus,White,2 GB,16 GB,Yes,4,5999,5999,Motorola G4 Plus,0,0,52686,Japan
Apple,iPhone 12 ,White,4GB,128 GB,Yes,4.6,68999,70900,Apple iPhone 12 ,1901,2.681241185,28074,India
Apple,iPhone 13 Pro Max,Gold,4GB,512 GB,Yes,4.7,159900,159900,Apple iPhone 13 Pro Max,0,0,46036,France
SAMSUNG,Galaxy M31 ,Ocean Blue,8 GB,128 GB,Yes,4.3,18654,18950,SAMSUNG Galaxy M31 ,296,1.562005277,74978,Japan
SAMSUNG,Guru FM Plus,Black,,2 MB,Yes,4.2,1445,1445,SAMSUNG Guru FM Plus,0,0,93363,South Korea
Infinix,Note 11 ,Graphite Black,4 GB,64 GB,Yes,4.3,12499,14999,Infinix Note 11 ,2500,16.66777785,75451,Japan
POCO,C3 ,Arctic Blue,4 GB,64 GB,Yes,4.3,8999,10999,POCO C3 ,2000,18.18347122,20383,South Korea
Xiaomi,Redmi Y3 ,Prime Black,3 GB,32 GB,Yes,4.2,9950,9950,Xiaomi Redmi Y3 ,0,0,14438,Japan
SAMSUNG,Galaxy Note 10 Plus ,Aura White,12 GB,256 GB,Yes,4.6,59999,85000,SAMSUNG Galaxy Note 10 Plus ,25001,29.41294118,80972,India
Xiaomi,Redmi Note 7S ,Onyx Black,4 GB,64 GB,Yes,4.4,13900,13900,Xiaomi Redmi Note 7S ,0,0,74613,UK
SAMSUNG,Galaxy Note 10 Plus ,Aura Black,12 GB,256 GB,Yes,4.6,59999,85000,SAMSUNG Galaxy Note 10 Plus ,25001,29.41294118,71930,Australia
SAMSUNG,Galaxy A72 ,Awesome Violet,8 GB,128 GB,Yes,4.3,34999,41999,SAMSUNG Galaxy A72 ,7000,16.6670635,22330,India
Apple,iPhone 12 ,Purple,4GB,128 GB,Yes,4.6,68999,84900,Apple iPhone 12 ,15901,18.72909305,35170,USA
SAMSUNG,M32 5G ,Slate Black,6 GB,128 GB,Yes,,21999,23999,SAMSUNG M32 5G ,2000,8.33368057,97469,Germany
realme,6,Comet Blue,6 GB,64 GB,Yes,4.4,14999,17999,realme 6,3000,16.66759264,44595,UK
POCO,X3 Pro ,Graphite Black,8 GB,128 GB,Yes,4.4,20999,25999,POCO X3 Pro ,5000,19.2315089,86958,France
SAMSUNG,Guru 1200,Black,,2 MB,Yes,4.3,1200,1200,SAMSUNG Guru 1200,0,0,70632,Canada
OPPO,F5,Black,4 GB,32 GB,Yes,4.4,15500,15500,OPPO F5,0,0,55034,India
Lenovo,K9 Note ,Black,4 GB,64 GB,Yes,4.1,11999,11999,Lenovo K9 Note ,0,0,73134,Japan
Motorola,G5s,Oxford Blue,4 GB,32 GB,Yes,4.1,9869,9869,Motorola G5s,0,0,83166,India
Apple,iPhone 12 ,Red,4GB,64 GB,Yes,4.6,63999,65900,Apple iPhone 12 ,1901,2.884673748,83862,Brazil
Apple,iPhone 13 Pro Max,Silver,4GB,128 GB,Yes,4.7,129900,129900,Apple iPhone 13 Pro Max,0,0,62291,UK
OPPO,A83,Black,3 GB,32 GB,Yes,4.4,13490,13490,OPPO A83,0,0,41751,Australia
OPPO,A53,Fancy Blue,4 GB,64 GB,Yes,4.5,13499,13499,OPPO A53,0,0,50462,France
vivo,X21,Black,6 GB,128 GB,Yes,4.3,35399,36900,vivo X21,1501,4.067750678,83801,Brazil
SAMSUNG,Galaxy A6 ,Black,4 GB,32 GB,Yes,4.3,12499,22990,SAMSUNG Galaxy A6 ,10491,45.63288386,88223,South Korea
Lenovo,A7700 ,Black,2 GB,16 GB,Yes,3.9,6499,6499,Lenovo A7700 ,0,0,34227,Brazil
realme,8 5G ,Supersonic Blue,8 GB,128 GB,Yes,4.3,18499,18999,realme 8 5G ,500,2.631717459,16722,India
OPPO,A9 2020,Marine Green,8 GB,128 GB,Yes,4.3,15990,21990,OPPO A9 2020,6000,27.2851296,66155,France
SAMSUNG,Galaxy M30s ,Black,4 GB,64 GB,Yes,4.3,14990,14990,SAMSUNG Galaxy M30s ,0,0,30610,India
Apple,iPhone 11 Pro ,Gold,4GB,256 GB,Yes,4.6,79999,106600,Apple iPhone 11 Pro ,26601,24.95403377,62131,South Korea
Xiaomi,Redmi Note 4 ,Black,3 GB,32 GB,Yes,4.3,9499,9499,Xiaomi Redmi Note 4 ,0,0,82910,Canada
SAMSUNG,Galaxy J7 ,Gold,1.5 GB,16 GB,Yes,4.3,11700,11700,SAMSUNG Galaxy J7 ,0,0,65250,France
vivo,V9,Pearl Black,4 GB,64 GB,Yes,4.5,18990,18990,vivo V9,0,0,58896,Canada
POCO,M3 ,Yellow,4 GB,64 GB,Yes,4.3,10999,11999,POCO M3 ,1000,8.334027836,15657,UK
SAMSUNG,Galaxy Core Prime ,Charcoal Grey,1 GB,8 GB,Yes,4.1,5490,9700,SAMSUNG Galaxy Core Prime ,4210,43.40206186,84521,UK
ASUS,Zenfone Selfie ,Gold,3 GB,32 GB,Yes,4,7990,7990,ASUS Zenfone Selfie ,0,0,73741,Canada
SAMSUNG,Galaxy Note 20 ,Mystic Green,8 GB,256 GB,Yes,4.3,77999,86000,SAMSUNG Galaxy Note 20 ,8001,9.303488372,74310,UK
vivo,V23 Pro 5G,Sunshine Gold,12 GB,256 GB,Yes,4.1,43990,45990,vivo V23 Pro 5G,2000,4.348771472,39985,France
Motorola,One,Black,4 GB,64 GB,Yes,4.1,14999,14999,Motorola One,0,0,83823,Japan
Xiaomi,Mi 11X ,Celestial Silver,8 GB,128 GB,Yes,4.4,26824,26824,Xiaomi Mi 11X ,0,0,15902,USA
SAMSUNG,Galaxy S5 ,Shimmery White,2 GB,16 GB,Yes,3.9,21999,21999,SAMSUNG Galaxy S5 ,0,0,41553,UK
Nokia,110 4G,Black,128 MB,48 MB,Yes,,2999,2999,Nokia 110 4G,0,0,41056,UK
SAMSUNG,Galaxy On7 ,Black,1.5 GB,8 GB,Yes,4.2,8490,8490,SAMSUNG Galaxy On7 ,0,0,47686,India
Nokia,2.2,Black,3 GB,32 GB,Yes,4,9599,9599,Nokia 2.2,0,0,83966,Canada
Nokia,8110,Yellow,512 MB,4 GB,Yes,3.7,3400,8400,Nokia 8110,5000,59.52380952,24717,Germany
GIONEE,F103 ,Black,2 GB,16 GB,Yes,4,4599,4599,GIONEE F103 ,0,0,21139,Australia
Apple,iPhone 6 Plus ,Silver,1 GB,128 GB,Yes,4.5,48999,48999,Apple iPhone 6 Plus ,0,0,45299,Brazil
Motorola,2nd Generation ,Black,1 GB,16 GB,Yes,4.2,8999,8999,Motorola 2nd Generation ,0,0,61113,UK
LG,G5 ,Titan,4 GB,32 GB,Yes,4,22999,22999,LG G5 ,0,0,33430,Brazil
SAMSUNG,Galaxy Trend ,Midnight Black,512 MB,4 GB,Yes,3.6,4999,4999,SAMSUNG Galaxy Trend ,0,0,60201,France
OPPO,F17 Pro,Magic Blue,8 GB,128 GB,Yes,4.3,19990,25990,OPPO F17 Pro,6000,23.08580223,81309,Germany
ASUS,Zenfone Go ,Grey,2 GB,32 GB,Yes,3.8,6999,6999,ASUS Zenfone Go ,0,0,58245,Australia
realme,Narzo 30 ,Racing Silver,6 GB,64 GB,Yes,4.3,14499,15999,realme Narzo 30 ,1500,9.375585974,27348,Canada
realme,2,Diamond Blue,4 GB,64 GB,Yes,4.4,11990,11990,realme 2,0,0,26921,USA
OPPO,A15S,Rainbow Silver,4 GB,64 GB,Yes,4.3,12990,13990,OPPO A15S,1000,7.147962831,41823,Australia
realme,3,Diamond Red,3 GB,32 GB,Yes,4.5,8499,10999,realme 3,2500,22.72933903,56660,Australia
LG,Max X160 ,Silver Titan,1 GB,8 GB,Yes,3.4,5000,11500,LG Max X160 ,6500,56.52173913,50109,USA
POCO,M3 Pro 5G ,Power Black,6 GB,128 GB,Yes,4.2,16499,17999,POCO M3 Pro 5G ,1500,8.333796322,99100,Japan
Apple,iPhone 11 Pro ,Midnight Green,4GB,256 GB,Yes,4.6,121300,121300,Apple iPhone 11 Pro ,0,0,17968,Canada
POCO,F1,Graphite Black,6 GB,64 GB,Yes,4.5,21999,21999,POCO F1,0,0,21872,India
realme,C15 Qualcomm Edition ,Power Blue,3 GB,32 GB,Yes,4.3,11999,11999,realme C15 Qualcomm Edition ,0,0,87453,Brazil
SAMSUNG,Galaxy A7 ,Gold,4 GB,64 GB,Yes,4.4,22300,22300,SAMSUNG Galaxy A7 ,0,0,84271,UK
Apple,iPhone SE ,White,2 GB,64 GB,Yes,4.5,32999,39900,Apple iPhone SE ,6901,17.29573935,43614,Australia
Nokia,3.1,White,3 GB,32 GB,Yes,4,7490,13824,Nokia 3.1,6334,45.81886574,38180,France
LG,V20a ,Titan,4 GB,64 GB,Yes,4.1,30990,30990,LG V20a ,0,0,62189,USA
OPPO,A74 5G BLACK,Fluid Black,6 GB,128 GB,Yes,4.3,18380,18380,OPPO A74 5G BLACK,0,0,65100,Brazil
OPPO,F9,Mist Black,4 GB,64 GB,Yes,4.5,19000,19000,OPPO F9,0,0,45263,Germany
Nokia,C01 Plus ,Blue,2 GB,16 GB,Yes,,6499,6499,Nokia C01 Plus ,0,0,88214,USA
Lenovo,P70 ,Blue,2 GB,16 GB,Yes,3.5,6989,6989,Lenovo P70 ,0,0,28269,Germany
Lenovo,P2 ,Gold,3 GB,32 GB,Yes,4.3,16999,16999,Lenovo P2 ,0,0,87867,Canada
Apple,iPhone 12 Mini ,Black,4GB,64 GB,Yes,4.5,56999,59900,Apple iPhone 12 Mini ,2901,4.843071786,96270,Australia
vivo,V20 SE ,Aquamarine Green,8 GB,128 GB,Yes,4.3,12900,12900,vivo V20 SE ,0,0,70546,France
Lenovo,X2-AP ,White,2 GB,32 GB,Yes,3.7,9999,9999,Lenovo X2-AP ,0,0,82147,UK
SAMSUNG,Galaxy A30 ,White,4 GB,64 GB,Yes,4.4,18000,18000,SAMSUNG Galaxy A30 ,0,0,81967,Germany
SAMSUNG,Galaxy F41 ,Fusion Blue,6 GB,128 GB,Yes,4.3,14499,20999,SAMSUNG Galaxy F41 ,6500,30.95385495,49923,Brazil
Nokia,8,Tempered Blue,4 GB,64 GB,Yes,4,36999,36999,Nokia 8,0,0,89365,Japan
SAMSUNG,Metro SM-B313ez,Black,,Expandable Upto 16 GB,Yes,4.1,2340,2340,SAMSUNG Metro SM-B313ez,0,0,52914,Canada
realme,Narzo 30 5G ,Racing Blue,6 GB,128 GB,Yes,4.3,16999,17999,realme Narzo 30 5G ,1000,5.555864215,65678,Japan
Lenovo,K6 Note ,Grey,3 GB,32 GB,Yes,4.1,6999,6999,Lenovo K6 Note ,0,0,59842,Canada
Apple,iPhone 7 Plus ,Gold,3 GB,256 GB,Yes,4.5,85400,85400,Apple iPhone 7 Plus ,0,0,56333,India
POCO,F3 GT,Gunmetal Silver,8 GB,128 GB,Yes,4.3,28999,34999,POCO F3 GT,6000,17.14334695,35033,Brazil
realme,C15 ,Power Silver,3 GB,,Yes,4.3,9999,11999,realme C15 ,2000,16.66805567,47847,Japan
SAMSUNG,Galaxy F12 ,Sea Green,4 GB,64 GB,Yes,4.2,11499,12999,SAMSUNG Galaxy F12 ,1500,11.53934918,69475,France
vivo,Y12G ,Phantom Black,3 GB,64 GB,Yes,4.4,27990,27990,vivo Y12G ,0,0,54937,Australia
OPPO,F19 Pro+ 5G,Fluid Black,8 GB,128 GB,Yes,4.3,25990,29990,OPPO F19 Pro+ 5G,4000,13.33777926,39795,USA
Xiaomi,11 Lite NE,Tuscany Coral,6 GB,128 GB,Yes,4.4,28999,28999,Xiaomi 11 Lite NE,0,0,71589,UK
realme,C25 ,Watery Blue,4 GB,64 GB,Yes,4.4,9999,10999,realme C25 ,1000,9.091735612,80985,Australia
OPPO,F19,Space Silver,6 GB,128 GB,Yes,4.2,19990,20990,OPPO F19,1000,4.764173416,60332,Australia
realme,8,Cyber Silver,4 GB,128 GB,Yes,4.3,15999,16999,realme 8,1000,5.882698982,38142,Canada
SAMSUNG,Galaxy S9 ,Coral Blue,4 GB,128 GB,Yes,4.4,61900,61900,SAMSUNG Galaxy S9 ,0,0,19075,France
LG,Q60 ,Blue,3 GB,64 GB,Yes,4,9990,9990,LG Q60 ,0,0,16407,Canada
SAMSUNG,Galaxy M02 ,Red,3 GB,32 GB,Yes,4,8083,8188,SAMSUNG Galaxy M02 ,105,1.282364436,33292,South Korea
LG,X Cam ,Titan Silver,2 GB,16 GB,Yes,3.5,9999,9999,LG X Cam ,0,0,51569,Germany
GIONEE,Elife E3 ,White,1 GB,16 GB,Yes,4.3,4200,4200,GIONEE Elife E3 ,0,0,56852,UK
SAMSUNG,Galaxy Note10 Lite ,Aura Red,8 GB,128 GB,Yes,4.3,39999,45000,SAMSUNG Galaxy Note10 Lite ,5001,11.11333333,64824,Germany
SAMSUNG,Galaxy S21 Plus ,Phantom Silver,8 GB,256 GB,Yes,4.4,75999,104999,SAMSUNG Galaxy S21 Plus ,29000,27.61931066,33313,USA
Lenovo,A6 Note ,Blue,3 GB,32 GB,Yes,4.2,9999,9999,Lenovo A6 Note ,0,0,53109,South Korea
realme,Narzo 10A ,So Blue,4 GB,64 GB,Yes,4.5,9999,10999,realme Narzo 10A ,1000,9.091735612,76919,Brazil
SAMSUNG,Galaxy Star Pro ,Midnight Black,512 MB,4 GB,Yes,3.8,4299,4299,SAMSUNG Galaxy Star Pro ,0,0,44172,USA
POCO,M2  ,Slate Blue,6 GB,128 GB,Yes,4.4,11499,14999,POCO M2  ,3500,23.33488899,51780,USA
OPPO,A15,Dynamic Black,3 GB,32 GB,Yes,4.3,10990,12990,OPPO A15,2000,15.39645881,78829,India
SAMSUNG,Galaxy Grand Prime 4g ,Grey,1 GB,8 GB,Yes,3.9,8250,8250,SAMSUNG Galaxy Grand Prime 4g ,0,0,22412,UK
OPPO,K3,Aurora Blue,8 GB,128 GB,Yes,4.2,29999,29999,OPPO K3,0,0,67010,Canada
Apple,iPhone 12 Pro Max ,Silver,,256 GB,Yes,4.6,129900,129900,Apple iPhone 12 Pro Max ,0,0,25423,France
SAMSUNG,Galaxy S6 Edge ,Gold Platinum,3 GB,32 GB,Yes,4,29999,29999,SAMSUNG Galaxy S6 Edge ,0,0,52469,Germany
OPPO,A15,Mystery Blue,2 GB,32 GB,Yes,4,9989,9989,OPPO A15,0,0,42372,USA
SAMSUNG,Galaxy S8 ,Burgundy Red,4 GB,64 GB,Yes,4.6,49990,49990,SAMSUNG Galaxy S8 ,0,0,67023,Germany
vivo,Y53s ,Fantastic Rainbow,8 GB,128 GB,Yes,4.3,14500,14500,vivo Y53s ,0,0,81230,Germany
Lenovo,K6 Power ,dark gold,3 GB,32 GB,Yes,4.1,7499,7499,Lenovo K6 Power ,0,0,61197,Brazil
OPPO,A3s,Red,2 GB,16 GB,Yes,4.4,9500,9500,OPPO A3s,0,0,90355,UK
GIONEE,F10 Plus ,Rainbow Black,3 GB,32 GB,Yes,,8590,8590,GIONEE F10 Plus ,0,0,36716,UK
Lenovo,K8 Plus ,Fine Gold,3 GB,32 GB,Yes,4.2,10999,10999,Lenovo K8 Plus ,0,0,37606,Japan
SAMSUNG,Guru FM Plus,Black,4 MB,4 MB,Yes,,4500,4500,SAMSUNG Guru FM Plus,0,0,41175,Australia
realme,3,Radiant Blue,4 GB,64 GB,Yes,4.4,10499,12999,realme 3,2500,19.23224863,19957,UK
realme,8 Pro ,Infinite Blue,8 GB,128 GB,Yes,4.4,19999,21999,realme 8 Pro ,2000,9.091322333,86374,Germany
Nokia,5,Copper,3 GB,16 GB,Yes,4.1,15299,15299,Nokia 5,0,0,79253,Canada
Motorola,E6s,Caribbean Blue,4 GB,64 GB,Yes,4.1,7999,9999,Motorola E6s,2000,20.0020002,71950,Germany
OPPO,A7,Glaze Blue,4 GB,64 GB,Yes,4.4,10990,18990,OPPO A7,8000,42.12743549,72647,Canada
HTC,Wildfire X ,Blue MB,3 GB,32 GB,Yes,3.9,13999,13999,HTC Wildfire X ,0,0,80018,Japan
Apple,iPhone 11 Pro Max ,Silver,4GB,64 GB,Yes,4.7,117100,117100,Apple iPhone 11 Pro Max ,0,0,73038,Canada
SAMSUNG,Galaxy A6 ,Gold,4 GB,32 GB,Yes,4.3,12499,22000,SAMSUNG Galaxy A6 ,9501,43.18636364,99819,UK
ASUS,Zenfone Go 4.5 LTE ,Gold,1 GB,8 GB,Yes,3.6,4880,4880,ASUS Zenfone Go 4.5 LTE ,0,0,16549,Brazil
Apple,iPhone 7 ,Jet Black,2 GB,32 GB,Yes,4.5,24999,31500,Apple iPhone 7 ,6501,20.63809524,83295,Canada
SAMSUNG,GURU FM PLUS,Black,4 MB,256 MB,Yes,,1662,1662,SAMSUNG GURU FM PLUS,0,0,33178,Germany
Apple,iPhone 11 ,Purple,4GB,64 GB,Yes,4.6,49900,49900,Apple iPhone 11 ,0,0,34023,France
vivo,T1 5G,Starlight Black,8 GB,128 GB,Yes,,19990,23990,vivo T1 5G,4000,16.67361401,15543,UK
SAMSUNG,Galaxy Grand Quattro ,Titan Gray,1 GB,8 GB,Yes,4,5999,5999,SAMSUNG Galaxy Grand Quattro ,0,0,70429,France
ASUS,Zenfone Go 4.5 LTE ,Silver,1 GB,8 GB,Yes,3.6,4890,4890,ASUS Zenfone Go 4.5 LTE ,0,0,32741,South Korea
SAMSUNG,Galaxy M30 ,Gradation Black,6 GB,128 GB,Yes,4.3,15900,19590,SAMSUNG Galaxy M30 ,3690,18.83614089,69354,South Korea
realme,1,Moonlight Silver,3 GB,,Yes,,10999,12990,realme 1,1991,15.32717475,66533,Germany
Xiaomi,Mi 10 ,Twilight Grey,8 GB,256 GB,Yes,4.2,45871,45871,Xiaomi Mi 10 ,0,0,26053,South Korea
Xiaomi,Note 10 lite,Glacier White,4 GB,64 GB,Yes,4.3,15998,15998,Xiaomi Note 10 lite,0,0,57077,Australia
SAMSUNG,Galaxy A50s ,Prism Crush White,6 GB,128 GB,Yes,4.3,21099,26900,SAMSUNG Galaxy A50s ,5801,21.56505576,63421,Japan
realme,X ,Onion,8 GB,128 GB,Yes,4.5,20999,20999,realme X ,0,0,10672,UK
ASUS,ZenFone 5Z ,Midnight Blue,6 GB,128 GB,Yes,4.5,36299,36299,ASUS ZenFone 5Z ,0,0,10164,France
OPPO,F1S,Rose Gold,4 GB,64 GB,Yes,4.3,18990,18990,OPPO F1S,0,0,51425,Germany
POCO,F3 GT,Predator Black,6 GB,128 GB,Yes,4.3,28999,32999,POCO F3 GT,4000,12.12157944,63745,Australia
SAMSUNG,Galaxy On8 ,Black,3 GB,16 GB,Yes,4.3,13490,13490,SAMSUNG Galaxy On8 ,0,0,80332,Germany
Google Pixel,3 XL ,Clearly White,4 GB,64 GB,Yes,4.6,83000,83000,Google Pixel 3 XL ,0,0,20635,Australia
realme,U1 ,Brave Blue,3 GB,64 GB,Yes,4.4,9999,11999,realme U1 ,2000,16.66805567,14799,South Korea
SAMSUNG,Galaxy Pocket Neo ,Metallic Silver,512 MB,4 GB,Yes,3.9,5000,5000,SAMSUNG Galaxy Pocket Neo ,0,0,32421,South Korea
ASUS,Zenfone Go ,Silver Blue,2 GB,32 GB,Yes,3.8,7300,7300,ASUS Zenfone Go ,0,0,39301,Canada
realme,C3 ,Volcano Grey,3 GB,32 GB,Yes,4.4,8999,8999,realme C3 ,0,0,99882,India
IQOO,3,Quantum Silver,8 GB,128 GB,Yes,4.4,34990,37990,IQOO 3,3000,7.896814951,20750,Germany
Lenovo,A7 ,Black,4 GB,64 GB,Yes,3.9,8490,9999,Lenovo A7 ,1509,15.09150915,35122,Canada
SAMSUNG,GALAXY M51 ,Celestial Black,6 GB,128 GB,Yes,4.3,24990,24990,SAMSUNG GALAXY M51 ,0,0,47488,UK
SAMSUNG,Galaxy Note 5 Dual ,Gold Platinum,4 GB,32 GB,Yes,4.1,39899,39899,SAMSUNG Galaxy Note 5 Dual ,0,0,43362,Canada
SAMSUNG,Galaxy M10S ,Metallic Blue,3 GB,32 GB,Yes,4.4,8990,10000,SAMSUNG Galaxy M10S ,1010,10.1,31224,USA
POCO,M2 Pro,Out of Blue,6 GB,128 GB,Yes,4.4,15999,19999,POCO M2 Pro,4000,20.00100005,82931,South Korea
HTC,626G Plus,Blue Lagoon,1 GB,8 GB,Yes,3.9,8999,8999,HTC 626G Plus,0,0,24057,USA
Xiaomi,Redmi Note 11T 5G,Matte Black,8 GB,128 GB,Yes,4.3,22189,22189,Xiaomi Redmi Note 11T 5G,0,0,38381,Germany
ASUS,Zenfone Max Pro M1 ,Black,6 GB,64 GB,Yes,4.3,17999,17999,ASUS Zenfone Max Pro M1 ,0,0,36036,France
Apple,iPhone 6 Plus ,Space Grey,1 GB,128 GB,Yes,4.5,80500,80500,Apple iPhone 6 Plus ,0,0,40621,France
realme,6,Comet White,4 GB,64 GB,Yes,4.4,13999,14999,realme 6,1000,6.667111141,29878,UK
Xiaomi,Mi 10T ,Lunar Silver,6 GB,128 GB,Yes,4.3,32999,39999,Xiaomi Mi 10T ,7000,17.50043751,65317,Canada
POCO,M2 Pro,Two shades of black,6 GB,64 GB,Yes,4.4,14999,17999,POCO M2 Pro,3000,16.66759264,74042,France
SAMSUNG,M31 Prime ,IceBerg Blue,6 GB,128 GB,Yes,4.3,17259,17259,SAMSUNG M31 Prime ,0,0,63353,Australia
SAMSUNG,Galaxy A52 ,Awesome Violet,6 GB,128 GB,Yes,4.3,27499,30499,SAMSUNG Galaxy A52 ,3000,9.836388078,40912,Australia
Apple,iPhone 12 ,Blue,4GB,256 GB,Yes,4.6,78999,80900,Apple iPhone 12 ,1901,2.349814586,42785,UK
OPPO,F15,Lightening Black,4 GB,128 GB,Yes,4.4,15990,20990,OPPO F15,5000,23.82086708,13192,Japan
Xiaomi,Mi A3 ,Kind of Grey,4 GB,64 GB,Yes,4.3,12990,14990,Xiaomi Mi A3 ,2000,13.34222815,43161,South Korea
Apple,iPhone 7 ,Gold,2 GB,256 GB,Yes,4.5,74400,74400,Apple iPhone 7 ,0,0,74642,Canada
SAMSUNG,Galaxy A51 ,Prism Crush White,6 GB,128 GB,Yes,4.3,20999,25999,SAMSUNG Galaxy A51 ,5000,19.2315089,59724,Germany
SAMSUNG,Galaxy M02 ,Blue,3 GB,32 GB,Yes,4,8892,8892,SAMSUNG Galaxy M02 ,0,0,13632,Brazil
SAMSUNG,Galaxy M32 ,Light Blue,6 GB,128 GB,Yes,4.4,16998,18439,SAMSUNG Galaxy M32 ,1441,7.814957427,16173,Brazil
ASUS,Zenfone Max Pro M1 ,Black,3 GB,32 GB,Yes,4.3,13199,13199,ASUS Zenfone Max Pro M1 ,0,0,52081,Brazil
realme,8s 5G ,Universe Purple,8 GB,128 GB,Yes,,19999,22999,realme 8s 5G ,3000,13.04404539,99098,France
ASUS,6Z ,Silver,6 GB,128 GB,Yes,4.3,38999,38999,ASUS 6Z ,0,0,30282,Japan
ASUS,Zenfone Max Pro M1 ,Grey,4 GB,64 GB,Yes,4.3,15599,15599,ASUS Zenfone Max Pro M1 ,0,0,38672,Japan
Xiaomi,Redmi 6 Pro ,Gold,4 GB,64 GB,Yes,4.5,12349,12999,Xiaomi Redmi 6 Pro ,650,5.000384645,61432,Canada
SAMSUNG,Galaxy E5 ,Black,1.5 GB,16 GB,Yes,4.2,9890,9890,SAMSUNG Galaxy E5 ,0,0,38603,Canada
SAMSUNG,Metro 313,Black,4 MB,2 MB,Yes,4.2,2336,2336,SAMSUNG Metro 313,0,0,98790,Japan
Infinix,Hot S3,Blush Gold,4 GB,64 GB,Yes,4.1,11999,11999,Infinix Hot S3,0,0,61400,UK
realme,7 Pro ,Sun Kissed Leather,6 GB,128 GB,Yes,4.4,19999,20999,realme 7 Pro ,1000,4.76213153,33473,Canada
Apple,iPhone 11 Pro ,Space Grey,4GB,512 GB,Yes,4.6,140300,140300,Apple iPhone 11 Pro ,0,0,59231,UK
OPPO,F19 Pro,Fluid Black,8 GB,128 GB,Yes,4.3,21990,23990,OPPO F19 Pro,2000,8.336807003,83617,USA
GIONEE,S Plus ,Gold,3 GB,16 GB,Yes,3.7,7350,18279,GIONEE S Plus ,10929,59.78992286,17100,Australia
Xiaomi,9A Sport,Coral Green,3 GB,32 GB,Yes,4.3,7798,7798,Xiaomi 9A Sport,0,0,35432,South Korea
Xiaomi,Redmi K20 ,Pearl White,6 GB,64 GB,Yes,4.5,20899,21999,Xiaomi Redmi K20 ,1100,5.000227283,66493,Canada
Apple,iPhone 7 ,Jet Black,2 GB,32 GB,Yes,4.5,24999,31500,Apple iPhone 7 ,6501,20.63809524,57685,Japan
OPPO,A15,Rainbow Silver,2 GB,32 GB,Yes,4,9490,9500,OPPO A15,10,0.105263158,40112,Australia
Lenovo,K8 Note ,Fine Gold,3 GB,32 GB,Yes,4.1,7490,7490,Lenovo K8 Note ,0,0,73937,Australia
LG,Q7 ,Moroccan Blue,3 GB,32 GB,Yes,3.3,16790,16790,LG Q7 ,0,0,32615,India
SAMSUNG,Galaxy A2 Core ,Gold,1 GB,16 GB,Yes,4.2,5900,5900,SAMSUNG Galaxy A2 Core ,0,0,51992,Japan
Xiaomi,Redmi Y2 ,Dark Grey,3 GB,32 GB,Yes,4.2,9499,9499,Xiaomi Redmi Y2 ,0,0,80477,South Korea
Infinix,Smart 2,Serene Gold,2 GB,16 GB,Yes,4.1,6949,6999,Infinix Smart 2,50,0.71438777,70921,Japan
OPPO,A16,Blue,3 GB,32 GB,Yes,3.7,10490,10490,OPPO A16,0,0,73531,Canada
vivo,X60 Pro,Midnight Black,12 GB,256 GB,Yes,4.4,54990,54990,vivo X60 Pro,0,0,46225,Germany
OPPO,A12,Flowing Silver,3 GB,32 GB,Yes,4.4,9490,10990,OPPO A12,1500,13.64877161,17789,USA
SAMSUNG,Galaxy S6 Edge ,Gold Platinum,3 GB,64 GB,Yes,4,53900,53900,SAMSUNG Galaxy S6 Edge ,0,0,38083,UK
SAMSUNG,Galaxy On6 ,Blue,4 GB,64 GB,Yes,4.3,17600,17600,SAMSUNG Galaxy On6 ,0,0,99571,Germany
realme,6,Comet White,6 GB,128 GB,Yes,4.4,15999,16999,realme 6,1000,5.882698982,86817,USA
Google Pixel,3a XL ,Clearly White,4 GB,64 GB,Yes,4.5,44999,44999,Google Pixel 3a XL ,0,0,93589,Germany
SAMSUNG,Metro 313,Black,512 MB,2 MB,Yes,4.1,2599,2599,SAMSUNG Metro 313,0,0,26532,UK
ASUS,Zenfone Max Pro M1 ,Blue,4 GB,64 GB,Yes,4.3,15599,15599,ASUS Zenfone Max Pro M1 ,0,0,98341,France
SAMSUNG,Galaxy Note10 Lite ,Aura Black,6 GB,128 GB,Yes,4.3,39990,39990,SAMSUNG Galaxy Note10 Lite ,0,0,54858,Japan
Nokia,C01 Plus ,Blue,2 GB,16 GB,Yes,,6499,6499,Nokia C01 Plus ,0,0,20143,Germany
SAMSUNG,Metro 360,Black,64 MB,100 MB,Yes,4.2,3499,3499,SAMSUNG Metro 360,0,0,58356,Canada
Xiaomi,Mi 11 Lite ,Vinyl Black,8 GB,128 GB,Yes,4.2,23999,25999,Xiaomi Mi 11 Lite ,2000,7.692603562,19867,South Korea
Apple,iPhone 8 Plus ,Silver,3 GB,256 GB,Yes,4.6,84900,84900,Apple iPhone 8 Plus ,0,0,80068,Brazil
SAMSUNG,Galaxy Note 3 ,Jet Black,3 GB,32 GB,Yes,4.2,21999,21999,SAMSUNG Galaxy Note 3 ,0,0,74028,Canada
realme,6 Pro ,Lightning Orange,8 GB,128 GB,Yes,4.4,19499,19499,realme 6 Pro ,0,0,67907,UK
OPPO,Reno5 Pro 5G,Astral Blue,8 GB,128 GB,Yes,4.4,35990,38990,OPPO Reno5 Pro 5G,3000,7.694280585,38139,South Korea
GIONEE,F103 3GB Version ,White,3 GB,16 GB,Yes,3.5,6598,6598,GIONEE F103 3GB Version ,0,0,39957,Canada
realme,C15 ,Power Blue,3 GB,32 GB,Yes,4.3,9999,11999,realme C15 ,2000,16.66805567,86296,Australia
Xiaomi,Redmi Note 7 Pro ,Neptune Blue,6 GB,128 GB,Yes,3.8,16399,16399,Xiaomi Redmi Note 7 Pro ,0,0,15440,Japan
Apple,iPhone 7 Plus ,Silver,3 GB,32 GB,Yes,4.5,36999,37900,Apple iPhone 7 Plus ,901,2.377308707,57242,South Korea
Apple,iPhone 13 ,Pink,4GB,256 GB,Yes,,89900,89900,Apple iPhone 13 ,0,0,52534,Australia
Nokia,C01 Plus ,Blue,2 GB,16 GB,Yes,,6499,6499,Nokia C01 Plus ,0,0,38271,Canada
LG,G3 Stylus ,Black Titan,1 GB,8 GB,Yes,4.1,13990,13990,LG G3 Stylus ,0,0,88816,USA
realme,C15 ,Power Silver,3 GB,32 GB,Yes,4.3,9999,11999,realme C15 ,2000,16.66805567,49280,India
LG,L Bello ,Black Titan,1 GB,8 GB,Yes,3.9,7000,17000,LG L Bello ,10000,58.82352941,33889,USA
Nokia,2.4,Fjord Blue,3 GB,64 GB,Yes,4,10399,11499,Nokia 2.4,1100,9.566049222,27631,Japan
Apple,iPhone 11 Pro ,Silver,4GB,512 GB,Yes,4.6,140300,140300,Apple iPhone 11 Pro ,0,0,71064,South Korea
Nokia,6.1,Copper,4 GB,32 GB,Yes,4,12999,19999,Nokia 6.1,7000,35.00175009,45145,South Korea
ASUS,ZenFone Max Pro M2 ,Titanium,3 GB,32 GB,Yes,4.3,15999,15999,ASUS ZenFone Max Pro M2 ,0,0,62162,Japan
Apple,iPhone 8 Plus ,Red,3 GB,64 GB,Yes,4.6,49900,49900,Apple iPhone 8 Plus ,0,0,87361,Australia
POCO,M2 Pro,Out of Blue,4 GB,64 GB,Yes,4.4,13999,16999,POCO M2 Pro,3000,17.64809695,60980,India
SAMSUNG,Galaxy F62 ,Laser Green,6 GB,128 GB,Yes,4.2,23999,29999,SAMSUNG Galaxy F62 ,6000,20.00066669,16980,Canada
Apple,iPhone 11 Pro ,Midnight Green,4GB,256 GB,Yes,4.6,79999,106600,Apple iPhone 11 Pro ,26601,24.95403377,36190,UK
SAMSUNG,Galaxy A71 ,Prism Crush Black,8 GB,128 GB,Yes,4.4,27499,34999,SAMSUNG Galaxy A71 ,7500,21.42918369,52601,USA
SAMSUNG,Galaxy A32 ,Awesome Blue,6 GB,128 GB,Yes,4.1,21700,21700,SAMSUNG Galaxy A32 ,0,0,69561,USA
HTC,Desire 816  ,Dark Grey,1.5 GB,8 GB,Yes,4.1,27390,27390,HTC Desire 816  ,0,0,88041,Brazil
Apple,iPhone 6 Plus ,Space Grey,1 GB,16 GB,Yes,4.5,39999,39999,Apple iPhone 6 Plus ,0,0,71559,India
SAMSUNG,Galaxy A50 ,Blue,6 GB,64 GB,Yes,4.4,21990,21990,SAMSUNG Galaxy A50 ,0,0,96206,UK
Apple,iPhone 7 Plus ,Red,3 GB,256 GB,Yes,5,85400,85400,Apple iPhone 7 Plus ,0,0,16911,USA
Infinix,Note 10 Pro,Black,8 GB,256 GB,Yes,4.2,16999,19999,Infinix Note 10 Pro,3000,15.00075004,67714,UK
OPPO,F19,Prism Black,6 GB,128 GB,Yes,4.2,19990,20990,OPPO F19,1000,4.764173416,56858,Canada
Apple,iPhone 12 Mini ,Blue,4GB,64 GB,Yes,4.5,56999,59900,Apple iPhone 12 Mini ,2901,4.843071786,44965,South Korea
GIONEE,S96,Black,8 MB,16 MB,Yes,3.7,1099,1999,GIONEE S96,900,45.02251126,95668,UK
SAMSUNG,Galaxy A9 Pro ,White,4 GB,32 GB,Yes,4.3,26900,26900,SAMSUNG Galaxy A9 Pro ,0,0,35228,USA
Lenovo,Vibe K5 Plus ,Dark Grey,2 GB,16 GB,Yes,4,8499,8499,Lenovo Vibe K5 Plus ,0,0,15979,Australia
Infinix,Note 5,Ice Blue,3 GB,32 GB,Yes,4.2,10399,10399,Infinix Note 5,0,0,97528,India
SAMSUNG,Galaxy A5 ,Champagne Gold,2 GB,16 GB,Yes,4.1,17990,17990,SAMSUNG Galaxy A5 ,0,0,27154,Japan
OPPO,F9 Pro,Sunrise Red,6 GB,64 GB,Yes,4.5,19990,25000,OPPO F9 Pro,5010,20.04,69766,Germany
Apple,iPhone XR ,Red,3 GB,128 GB,Yes,4.6,47999,52900,Apple iPhone XR ,4901,9.264650284,49072,France
Nokia,3310 DS 2020,Black,16 MB,Expandable Upto 32 GB,Yes,3.8,3999,3999,Nokia 3310 DS 2020,0,0,79520,France
Nokia,110 4G,Black,128 MB,48 MB,Yes,,3075,3075,Nokia 110 4G,0,0,19504,Germany
GIONEE,P7 ,Gold,2 GB,16 GB,Yes,3.8,4450,4450,GIONEE P7 ,0,0,70704,UK
SAMSUNG,Galaxy M32 ,Black,4 GB,64 GB,Yes,4.2,14749,15980,SAMSUNG Galaxy M32 ,1231,7.703379224,74380,India
Apple,iPhone 12 Pro Max ,Pacific Blue,,512 GB,Yes,4.6,149900,149900,Apple iPhone 12 Pro Max ,0,0,67867,UK
realme,C11 2021 ,Cool Grey,4 GB,64 GB,Yes,4.2,8799,9999,realme C11 2021 ,1200,12.00120012,26906,Japan
realme,9 5G SE,Starry Glow,8 GB,128 GB,Yes,4.5,22999,26999,realme 9 5G SE,4000,14.81536353,55839,India
Motorola,M,Grey,3 GB,32 GB,Yes,3.9,14999,14999,Motorola M,0,0,68280,Germany
SAMSUNG,Galaxy S10e ,Prism Black,6 GB,128 GB,Yes,4.5,59000,59000,SAMSUNG Galaxy S10e ,0,0,99490,UK
vivo,Y21 ,Diamond Glow,6 GB,128 GB,Yes,4.3,32990,32990,vivo Y21 ,0,0,36807,Brazil
SAMSUNG,Galaxy S9 Plus ,Sunrise Gold,6 GB,128 GB,Yes,4.5,68900,68900,SAMSUNG Galaxy S9 Plus ,0,0,55001,USA
Apple,iPhone 11 Pro Max ,Midnight Green,4GB,512 GB,Yes,4.7,150800,150800,Apple iPhone 11 Pro Max ,0,0,32169,Australia
GIONEE,Ctrl V4S ,White,1 GB,8 GB,Yes,3.6,3999,3999,GIONEE Ctrl V4S ,0,0,80120,South Korea
GIONEE,Pioneer P4 ,Black,1 GB,8 GB,Yes,3.8,7150,7150,GIONEE Pioneer P4 ,0,0,48715,Australia
OPPO,A16,Royal Gold,4 GB,64 GB,Yes,4.3,13490,13490,OPPO A16,0,0,64094,Japan
SAMSUNG,Galaxy J6 Plus ,Blue,4 GB,64 GB,Yes,4.3,13600,13600,SAMSUNG Galaxy J6 Plus ,0,0,65420,UK
HTC,Desire 820,Saffron Grey,2 GB,16 GB,Yes,4.1,25999,25999,HTC Desire 820,0,0,59146,Canada
HTC,Desire 626,Dark Grey,2 GB,16 GB,Yes,3.7,15490,15490,HTC Desire 626,0,0,87426,India
Xiaomi,Redmi Note 7 Pro ,Space Black,6 GB,128 GB,Yes,4.1,17999,17999,Xiaomi Redmi Note 7 Pro ,0,0,87812,UK
realme,Narzo 50A ,Oxygen Blue,4 GB,64 GB,Yes,4.3,11499,12999,realme Narzo 50A ,1500,11.53934918,12462,India
OPPO,K3,Jade Black,6 GB,64 GB,Yes,4.3,24990,24990,OPPO K3,0,0,24292,South Korea
OPPO,A11K,Deep Blue,2 GB,32 GB,Yes,4.2,8990,10990,OPPO A11K,2000,18.19836215,56805,Brazil
Infinix,Hot 6 Pro,Magic Gold,3 GB,32 GB,Yes,4.3,8999,8999,Infinix Hot 6 Pro,0,0,86972,Australia
realme,U1 ,Fiery Gold,3 GB,32 GB,Yes,4.4,8490,8490,realme U1 ,0,0,74947,USA
OPPO,Reno4 Pro,Silky White,8 GB,128 GB,Yes,4.4,34990,37990,OPPO Reno4 Pro,3000,7.896814951,94081,South Korea
realme,9 Pro 5G,Aurora Green,6 GB,128 GB,Yes,4.4,17999,21999,realme 9 Pro 5G,4000,18.18264467,71333,South Korea
Apple,iPhone 11 Pro ,Midnight Green,4GB,512 GB,Yes,4.6,140300,140300,Apple iPhone 11 Pro ,0,0,87795,Australia
Xiaomi,Redmi K20 ,Carbon Black,6 GB,128 GB,Yes,4.1,18429,18429,Xiaomi Redmi K20 ,0,0,40842,South Korea
HTC,Desire 516,Pearl White,1 GB,4 GB,Yes,3.5,15200,15200,HTC Desire 516,0,0,58759,Canada
SAMSUNG,Galaxy J7 Prime ,Black,3 GB,16 GB,Yes,4.2,10990,10990,SAMSUNG Galaxy J7 Prime ,0,0,86273,Canada
Apple,iPhone 11 ,White,4GB,64 GB,Yes,4.6,49900,49900,Apple iPhone 11 ,0,0,47644,France
Apple,iPhone XR ,Red,3 GB,256 GB,Yes,4.6,91900,91900,Apple iPhone XR ,0,0,60409,France
OPPO,Neo 5,Black,1 GB,16 GB,Yes,3.8,4999,7856,OPPO Neo 5,2857,36.36710794,53951,Canada
realme,C25s ,Watery Blue,4 GB,128 GB,Yes,4.4,11999,11999,realme C25s ,0,0,66850,Germany
SAMSUNG,Galaxy A9 ,Caviar Black,8 GB,128 GB,Yes,4.3,30990,30990,SAMSUNG Galaxy A9 ,0,0,38045,Brazil
realme,Narzo 30 5G ,Racing Silver,4 GB,64 GB,Yes,4.4,14999,15999,realme Narzo 30 5G ,1000,6.250390649,25998,India
Xiaomi,Redmi K20 Pro ,Glacier Blue,6 GB,128 GB,Yes,4.4,28999,28999,Xiaomi Redmi K20 Pro ,0,0,89752,Brazil
SAMSUNG,Galaxy S21 Plus ,Phantom Violet,8 GB,256 GB,Yes,4.4,75999,104999,SAMSUNG Galaxy S21 Plus ,29000,27.61931066,33912,Japan
Apple,iPhone 6s ,Gold,2 GB,64 GB,Yes,4.5,49999,49999,Apple iPhone 6s ,0,0,65534,South Korea
SAMSUNG,Galaxy A22 5G ,Grey,8 GB,128 GB,Yes,4.2,21999,23999,SAMSUNG Galaxy A22 5G ,2000,8.33368057,92567,USA
Motorola,X 2nd Generation ,Black,2 GB,32 GB,Yes,4.2,24999,24999,Motorola X 2nd Generation ,0,0,24572,South Korea
vivo,Y69,Matte Black,3 GB,32 GB,Yes,4.3,13990,13990,vivo Y69,0,0,67942,Brazil
SAMSUNG,Galaxy Star ,Noble Black,512 MB,4 GB,Yes,3.8,4199,4199,SAMSUNG Galaxy Star ,0,0,68006,Canada
SAMSUNG,Galaxy M11 ,Black,4 GB,64 GB,Yes,4.3,11299,11300,SAMSUNG Galaxy M11 ,1,0.008849558,96251,Australia
Apple,iPhone 8 Plus ,Gold,3 GB,64 GB,Yes,4.6,49900,49900,Apple iPhone 8 Plus ,0,0,68713,Japan
Apple,iPhone XS ,Silver,4 GB,512 GB,Yes,4.7,134900,134900,Apple iPhone XS ,0,0,53542,Canada
Lenovo,A7000 ,Black,2 GB,8 GB,Yes,4,5499,5499,Lenovo A7000 ,0,0,33388,Brazil
POCO,F1,Graphite Black,6 GB,256 GB,Yes,4.5,28999,28999,POCO F1,0,0,58909,Australia
SAMSUNG,Galaxy J7 Duo ,Black,4 GB,32 GB,Yes,4.3,17962,17962,SAMSUNG Galaxy J7 Duo ,0,0,95458,USA
Apple,iPhone 13 ,Midnight,4GB,512 GB,Yes,,109900,109900,Apple iPhone 13 ,0,0,23058,Brazil
SAMSUNG,Galaxy A52s 5G ,Awesome Black,8 GB,128 GB,Yes,4.5,37499,40999,SAMSUNG Galaxy A52s 5G ,3500,8.53679358,74029,India
Xiaomi,Redmi 8 ,Ruby Red,4 GB,64 GB,Yes,4.5,10999,10999,Xiaomi Redmi 8 ,0,0,65732,UK
Nokia,3.4,Charcoal,4 GB,64 GB,Yes,3.9,11999,13999,Nokia 3.4,2000,14.28673477,34859,Australia
realme,X2 Pro ,Red Brick,12 GB,256 GB,Yes,4.6,36999,36999,realme X2 Pro ,0,0,58690,Brazil
OPPO,F1S,Grey,4 GB,64 GB,Yes,4.3,18990,18990,OPPO F1S,0,0,54639,Canada
realme,C2 ,Diamond Sapphire,3 GB,32 GB,Yes,4.4,7499,8999,realme C2 ,1500,16.66851872,56487,India
SAMSUNG,Galaxy A03 Core,Black,2 GB,32 GB,Yes,4,7999,10499,SAMSUNG Galaxy A03 Core,2500,23.8117916,30568,Germany
Apple,iPhone 11 ,Green,4GB,64 GB,Yes,4.6,49900,49900,Apple iPhone 11 ,0,0,39740,Australia
HTC,820S,Santorini White,2 GB,16 GB,Yes,3.9,25500,25500,HTC 820S,0,0,67805,India
vivo,Y20G ,Obsidian Black,4 GB,64 GB,Yes,4.4,23990,23990,vivo Y20G ,0,0,13755,Canada
Apple,iPhone 11 ,Black,4GB,64 GB,Yes,4.6,49900,49900,Apple iPhone 11 ,0,0,37045,Brazil
Nokia,5,Silver,2 GB,16 GB,Yes,4,6741,6741,Nokia 5,0,0,77261,South Korea
SAMSUNG,Galaxy Core Prime ,Silver,1 GB,8 GB,Yes,4.1,6995,6995,SAMSUNG Galaxy Core Prime ,0,0,76913,USA
Nokia,5.1,Gold,3 GB,32 GB,Yes,4,7890,15999,Nokia 5.1,8109,50.68441778,18707,South Korea
Apple,iPhone XR ,White,3 GB,64 GB,Yes,4.6,42999,47900,Apple iPhone XR ,4901,10.23173278,18895,UK
SAMSUNG,Galaxy F12 ,Celestial Black,4 GB,64 GB,Yes,4.2,11499,12999,SAMSUNG Galaxy F12 ,1500,11.53934918,28038,India
Xiaomi,Redmi K20 ,Carbon Black,6 GB,64 GB,Yes,3.8,22999,22999,Xiaomi Redmi K20 ,0,0,93987,UK
GIONEE,P5 Mini ,Blue,1 GB,8 GB,Yes,3.8,3599,3599,GIONEE P5 Mini ,0,0,91943,USA
OPPO,A5,Diamond Blue,4 GB,32 GB,Yes,4.4,15000,15000,OPPO A5,0,0,61613,India
Apple,iPhone 13 Pro Max,Graphite,4GB,128 GB,Yes,4.7,129900,129900,Apple iPhone 13 Pro Max,0,0,39726,France
GIONEE,M3 ,Black,1 GB,8 GB,Yes,4.1,9599,9599,GIONEE M3 ,0,0,15927,Canada
realme,U1 ,Brave Blue,4 GB,64 GB,Yes,4.4,9999,15499,realme U1 ,5500,35.4861604,19497,India
Infinix,Note 7,Aether Black,4 GB,64 GB,Yes,4.3,14999,14999,Infinix Note 7,0,0,66448,Canada
Xiaomi,Mi 11X ,LUNAR WHITE,8 GB,128 GB,Yes,4.2,27950,31983,Xiaomi Mi 11X ,4033,12.60982397,39807,South Korea
Google Pixel,3,Just Black,4 GB,128 GB,Yes,4.5,80000,80000,Google Pixel 3,0,0,98200,Japan
OPPO,Reno,JET BLACK,8 GB,128 GB,Yes,4.4,29999,29999,OPPO Reno,0,0,51322,Australia
Xiaomi,Mi 11 Lite ,Jazz Blue,6 GB,128 GB,Yes,4.2,21999,24999,Xiaomi Mi 11 Lite ,3000,12.00048002,75096,Japan
ASUS,Zenfone Go 5.5 ,Gold,2 GB,32 GB,Yes,3.7,6999,6999,ASUS Zenfone Go 5.5 ,0,0,32657,Brazil
Xiaomi,Redmi Y3 ,Prime Black,4 GB,64 GB,Yes,4.3,12499,13999,Xiaomi Redmi Y3 ,1500,10.71505108,65148,Australia
Lenovo,S850 ,Dark Blue,1 GB,16 GB,Yes,4,15999,15999,Lenovo S850 ,0,0,59667,Australia
Infinix,Hot 8,Quetzal Cyan,4 GB,64 GB,Yes,4.5,9999,9999,Infinix Hot 8,0,0,92369,Germany
ASUS,Zenfone Go 3rd Gen,Gold,2 GB,16 GB,Yes,3.8,8999,8999,ASUS Zenfone Go 3rd Gen,0,0,48788,Australia
Apple,iPhone 6 ,Gold,1 GB,64 GB,Yes,4.4,62500,62500,Apple iPhone 6 ,0,0,72947,USA
Xiaomi,11 Lite NE,Vinyl Black,8 GB,130 GB,Yes,4.3,25999,25999,Xiaomi 11 Lite NE,0,0,31728,Japan
SAMSUNG,Z1 ,Black,768 MB,4 GB,Yes,3.5,3990,3990,SAMSUNG Z1 ,0,0,78057,South Korea
realme,C21Y ,Cross Blue,3 GB,,Yes,,8999,9999,realme C21Y ,1000,10.0010001,13082,Canada
SAMSUNG,Galaxy A7-2017 ,Black Sky,3 GB,32 GB,Yes,3.8,25900,25900,SAMSUNG Galaxy A7-2017 ,0,0,44197,Brazil
Apple,iPhone SE ,Black,2 GB,128 GB,Yes,4.5,44900,44900,Apple iPhone SE ,0,0,46736,Australia
SAMSUNG,Metro XL,Black,64 MB,128 MB,Yes,4.2,3271,3271,SAMSUNG Metro XL,0,0,90103,Brazil
GIONEE,S11 ,Royal Blue,4 GB,64 GB,Yes,2.8,8539,8549,GIONEE S11 ,10,0.116972745,89579,South Korea
vivo,T1 5G,Rainbow Fantasy,4 GB,128 GB,Yes,,15990,19990,vivo T1 5G,4000,20.010005,35499,Brazil
Motorola,G5,Volcanic Grey,6 GB,128 GB,Yes,4.2,20999,24999,Motorola G5,4000,16.00064003,86866,South Korea
SAMSUNG,Galaxy F41 ,Fusion Green,6 GB,64 GB,Yes,4.3,15999,19999,SAMSUNG Galaxy F41 ,4000,20.00100005,41657,Australia
OPPO,A53,Fancy Blue,6 GB,128 GB,Yes,4.3,15999,15999,OPPO A53,0,0,77696,South Korea
Infinix,Smart 4,Midnight Black,2 GB,32 GB,Yes,4.4,8999,8999,Infinix Smart 4,0,0,47901,Australia
SAMSUNG,Galaxy A7 ,Black,4 GB,64 GB,Yes,4.4,22300,22300,SAMSUNG Galaxy A7 ,0,0,94900,Germany
HTC,Desire 626,White Birch,2 GB,16 GB,Yes,3.7,11810,11810,HTC Desire 626,0,0,57702,Germany
Nokia,105 DS,Black,4 MB,4 MB,Yes,4.2,1660,1700,Nokia 105 DS,40,2.352941176,29034,South Korea
SAMSUNG,M01 core ,Red,1 GB,16 GB,Yes,3.9,7399,7399,SAMSUNG M01 core ,0,0,20806,Germany
Apple,iPhone SE ,Red,2 GB,64 GB,Yes,4.5,32999,39900,Apple iPhone SE ,6901,17.29573935,45852,Canada
Lenovo,VIBE P1 ,Grey,2 GB,32 GB,Yes,4.1,15999,15999,Lenovo VIBE P1 ,0,0,36833,Canada
Xiaomi,MI 11X 5G ,CELESTIAL SILVER,6 GB,128 GB,Yes,4.1,26295,27395,Xiaomi MI 11X 5G ,1100,4.015331265,73438,Germany
SAMSUNG,Metro 350,Black,46 MB,2 MB,Yes,4.1,2699,3270,SAMSUNG Metro 350,571,17.4617737,23945,Germany
realme,C3 ,Blazing Red,3 GB,32 GB,Yes,4.4,8999,8999,realme C3 ,0,0,29874,France
realme,X2 ,Pearl Green,4 GB,64 GB,Yes,4.5,17999,17999,realme X2 ,0,0,50373,France
ASUS,Zenfone Go 4.5 ,Pink,1 GB,8 GB,Yes,3.9,5299,5299,ASUS Zenfone Go 4.5 ,0,0,99465,Australia
SAMSUNG,Galaxy M02 ,Black,3 GB,32 GB,Yes,4,8897,8897,SAMSUNG Galaxy M02 ,0,0,25380,South Korea
SAMSUNG,Galaxy Note 20 Ultra 5G ,Mystic Bronze,12 GB,256 GB,Yes,4.5,91999,116000,SAMSUNG Galaxy Note 20 Ultra 5G ,24001,20.69051724,46752,UK
GIONEE,P5_W ,Black,1 GB,16 GB,Yes,3.8,2799,2799,GIONEE P5_W ,0,0,99823,UK
realme,X50 Pro ,Moss Green,8 GB,128 GB,Yes,4.3,41999,41999,realme X50 Pro ,0,0,15111,Germany
OPPO,A5s,Black,2 GB,32 GB,Yes,4.3,12990,12990,OPPO A5s,0,0,64342,Brazil
ASUS,Zenfone C ,Red,1 GB,8 GB,Yes,3.8,6299,6299,ASUS Zenfone C ,0,0,22088,Germany
SAMSUNG,Galaxy A52s 5G ,Awesome Black,6 GB,128 GB,Yes,4.3,35999,38999,SAMSUNG Galaxy A52s 5G ,3000,7.692504936,33763,France
Apple,iPhone 13 Pro Max,Graphite,4GB,512 GB,Yes,4.7,159900,159900,Apple iPhone 13 Pro Max,0,0,92618,Australia
OPPO,A5,Diamond Blue,4 GB,64 GB,Yes,4.4,15990,15990,OPPO A5,0,0,19597,Germany
SAMSUNG,Galaxy Note Edge ,Frost White,3 GB,32 GB,Yes,3.3,30000,30000,SAMSUNG Galaxy Note Edge ,0,0,28314,Japan
realme,3,Dynamic Black,4 GB,64 GB,Yes,4.4,10499,12999,realme 3,2500,19.23224863,76550,Brazil
Xiaomi,Redmi 8A Dual ,Sky White,3 GB,32 GB,Yes,4.4,8299,8999,Xiaomi Redmi 8A Dual ,700,7.778642071,33706,Japan
SAMSUNG,Galaxy A03s ,White,4 GB,64 GB,Yes,4.2,12499,14499,SAMSUNG Galaxy A03s ,2000,13.79405476,77365,Australia
OPPO,A12,Flowing Silver,4 GB,64 GB,Yes,4.4,10490,11990,OPPO A12,1500,12.51042535,83446,Australia
vivo,Y51A ,Titanium Sapphire,3 GB,16 GB,Yes,4.3,23990,23990,vivo Y51A ,0,0,88646,Canada
LG,K42 ,Grey,3 GB,64 GB,Yes,3.9,10990,14000,LG K42 ,3010,21.5,12024,India
Nokia,5,Tempered Blue,2 GB,16 GB,Yes,4,6400,6400,Nokia 5,0,0,69797,Japan
Apple,iPhone 13 ,Red,4GB,128 GB,Yes,,79900,79900,Apple iPhone 13 ,0,0,90074,Canada
Apple,iPhone 7 ,Silver,2 GB,128 GB,Yes,4.5,34900,34900,Apple iPhone 7 ,0,0,74430,France
Infinix,Hot 10S,Heart of Ocean,6 GB,64 GB,Yes,4.3,10999,13999,Infinix Hot 10S,3000,21.43010215,71628,USA
Infinix,Hot 10 Play,Purple  ,4 GB,64 GB,Yes,4.3,9299,10999,Infinix Hot 10 Play,1700,15.45595054,43849,Brazil
vivo,V7+,Gold,4 GB,64 GB,Yes,4.4,22099,22221,vivo V7+,122,0.549030197,47805,USA
SAMSUNG,Galaxy M31 ,Ocean Blue,6 GB,64 GB,Yes,4.3,16999,17500,SAMSUNG Galaxy M31 ,501,2.862857143,25380,South Korea
vivo,Y21 ,Midnight Blue,8 GB,256 GB,Yes,4.4,49990,54990,vivo Y21 ,5000,9.092562284,69665,France
HTC,816G,White,1 GB,16 GB,Yes,3.9,21990,21990,HTC 816G,0,0,37767,France
SAMSUNG,Galaxy J7 - 6 New 2016 Edition) ,White,2 GB,16 GB,Yes,4.3,15299,15585,SAMSUNG Galaxy J7 - 6 New 2016 Edition) ,286,1.83509785,78100,USA
GIONEE,S6S ,Latte Gold,3 GB,32 GB,Yes,4,15999,15999,GIONEE S6S ,0,0,46061,Japan
Lenovo,B ,Black,1 GB,8 GB,Yes,3.8,4890,4890,Lenovo B ,0,0,79123,India
GIONEE,M2 ,White,1 GB,4 GB,Yes,4.2,11500,11500,GIONEE M2 ,0,0,26088,Japan
realme,C11 2021 ,Cool Blue,2 GB,32 GB,Yes,4.3,7299,7999,realme C11 2021 ,700,8.751093887,58869,USA
Motorola,Edge 20 Fusion ,Electric Graphite,8 GB,128 GB,Yes,,22999,25999,Motorola Edge 20 Fusion ,3000,11.53890534,33226,South Korea
SAMSUNG,Galaxy F62 ,Laser Grey,8 GB,128 GB,Yes,4.3,25999,31999,SAMSUNG Galaxy F62 ,6000,18.75058596,16644,Japan
LG,Wing ,Illusion Sky,8 GB,128 GB,Yes,4.2,29999,80000,LG Wing ,50001,62.50125,46728,UK
realme,C25Y ,Glacier Blue,4 GB,128 GB,Yes,,11999,13999,realme C25Y ,2000,14.28673477,21006,Japan
Apple,iPhone 7 Plus ,Red,3 GB,256 GB,Yes,5,85400,85400,Apple iPhone 7 Plus ,0,0,75698,Australia
Nokia,2.3,Cyan Green,2 GB,32 GB,Yes,4,8449,8449,Nokia 2.3,0,0,26030,Canada
Infinix,Note 7,Forest Green,4 GB,64 GB,Yes,4.3,14999,14999,Infinix Note 7,0,0,24227,Brazil
Infinix,Hot 11S,Silver Wave,4 GB,64 GB,Yes,4.3,10999,13999,Infinix Hot 11S,3000,21.43010215,73647,Japan
SAMSUNG,SAMSUNG Metro 350 Dual Sim,Black,32 MB,2 MB,Yes,4.1,2899,2899,SAMSUNG SAMSUNG Metro 350 Dual Sim,0,0,70604,India
Xiaomi,REDMI 9i ,Nature Green,4 GB,64 GB,Yes,4.5,8799,9999,Xiaomi REDMI 9i ,1200,12.00120012,38732,India
SAMSUNG,Galaxy A9 ,Caviar Black,6 GB,128 GB,Yes,4.4,19990,19990,SAMSUNG Galaxy A9 ,0,0,78927,Japan
SAMSUNG,Galaxy Note 5 ,Silver Titanium,4 GB,32 GB,Yes,3.9,29990,29990,SAMSUNG Galaxy Note 5 ,0,0,15998,Germany
LG,Stylus 2 ,Brown,2 GB,16 GB,Yes,4.1,8350,19000,LG Stylus 2 ,10650,56.05263158,65507,France
Infinix,Hot S3X,Aqua Blue,3 GB,32 GB,Yes,4.2,10999,10999,Infinix Hot S3X,0,0,88230,Japan
Apple,iPhone 11 ,Black,4GB,256 GB,Yes,4.6,64900,64900,Apple iPhone 11 ,0,0,59816,France
SAMSUNG,Galaxy A21s ,White,4 GB,64 GB,Yes,4.2,17999,17999,SAMSUNG Galaxy A21s ,0,0,52093,UK
realme,C11 ,Rich Green,2 GB,32 GB,Yes,4.4,7499,8999,realme C11 ,1500,16.66851872,72540,USA
Motorola,X4,Super Black,6 GB,64 GB,Yes,4.3,24999,24999,Motorola X4,0,0,76078,UK
vivo,V20 2021 ,Sunset Melody,8 GB,128 GB,Yes,4.3,11990,15490,vivo V20 2021 ,3500,22.59522272,31818,Japan
Xiaomi,MI3 ,Metallic Grey,2 GB,16 GB,Yes,4.3,7999,7999,Xiaomi MI3 ,0,0,47862,India
Lenovo,Z2 Plus ,White,3 GB,32 GB,Yes,3.9,17999,17999,Lenovo Z2 Plus ,0,0,23429,Germany
Apple,iPhone 12 Pro Max ,Pacific Blue,,256 GB,Yes,4.6,129900,129900,Apple iPhone 12 Pro Max ,0,0,53935,South Korea
vivo,X70 Pro+,Enigma Black,12 GB,256 GB,Yes,4.5,79990,84990,vivo X70 Pro+,5000,5.883045064,20259,France
Nokia,225 4G DS 2020,Black,64 MB,128 MB,Yes,3.7,4399,4399,Nokia 225 4G DS 2020,0,0,67776,Canada
SAMSUNG,Galaxy A51 ,Haze Crush Silver,6 GB,128 GB,Yes,4.3,20999,25999,SAMSUNG Galaxy A51 ,5000,19.2315089,91581,France
SAMSUNG,Galaxy A50 ,Blue,4 GB,64 GB,Yes,4.3,21000,21000,SAMSUNG Galaxy A50 ,0,0,15470,Australia
Nokia,5.1,Black&Blue,3 GB,32 GB,Yes,4,16300,16300,Nokia 5.1,0,0,38855,Brazil
Nokia,3,Copper White,2 GB,16 GB,Yes,3.9,5499,10299,Nokia 3,4800,46.60646665,16257,Japan
vivo,V23 Pro 5G,Stardust Black,8 GB,128 GB,Yes,4.3,38990,41990,vivo V23 Pro 5G,3000,7.144558228,86257,UK
Nokia,106,Black,,2 MB,Yes,3.9,1400,1400,Nokia 106,0,0,43938,Canada
SAMSUNG,Galaxy J2 Core ,Black,1 GB,8 GB,Yes,4.2,6500,6500,SAMSUNG Galaxy J2 Core ,0,0,11652,India
OPPO,A15s,Dynamic Black,4 GB,128 GB,Yes,4.3,13489,13489,OPPO A15s,0,0,60289,India
Infinix,Note 11,Glacier Green,4 GB,64 GB,Yes,4.3,12499,14999,Infinix Note 11,2500,16.66777785,94731,India
realme,1,Moonlight Silver,6 GB,,Yes,4.3,10990,14990,realme 1,4000,26.6844563,35052,South Korea
Apple,iPhone 6 Plus ,Gold,1 GB,64 GB,Yes,4.5,71500,71500,Apple iPhone 6 Plus ,0,0,37387,Australia
realme,Narzo 20A ,Victory Blue,4 GB,64 GB,Yes,4.4,9499,11999,realme Narzo 20A ,2500,20.83506959,85055,India
Apple,iPhone 13 Mini ,Red,4 GB,256 GB,Yes,,79900,79900,Apple iPhone 13 Mini ,0,0,26185,India
GIONEE,Elife S5.1 ,Blue,1 GB,16 GB,Yes,4.1,9999,9999,GIONEE Elife S5.1 ,0,0,43788,Japan
ASUS,Zenfone Selfie ,Silver,2 GB,16 GB,Yes,3.9,8499,8499,ASUS Zenfone Selfie ,0,0,31622,Australia
realme,C15 Qualcomm Edition ,Power Silver,3 GB,32 GB,Yes,4.3,11999,11999,realme C15 Qualcomm Edition ,0,0,85565,Germany
Apple,iPhone 12 ,Green,4GB,128 GB,Yes,4.6,68999,70900,Apple iPhone 12 ,1901,2.681241185,87985,Germany
Nokia,7 Plus ,Black & Copper,4 GB,64 GB,Yes,4.3,12000,26028,Nokia 7 Plus ,14028,53.89580452,69793,Australia
realme,8s 5G ,Universe Blue,6 GB,128 GB,Yes,4.5,17999,20999,realme 8s 5G ,3000,14.28639459,55254,Brazil
realme,X3 SuperZoom ,Glacier Blue,12 GB,256 GB,Yes,4.2,32999,34999,realme X3 SuperZoom ,2000,5.714448984,44052,South Korea
HTC,Desire 616,Pearl White,1 GB,4 GB,Yes,3.8,17200,17200,HTC Desire 616,0,0,59812,Canada
SAMSUNG,Galaxy A20 ,Deep Blue,3 GB,32 GB,Yes,4.3,12900,12900,SAMSUNG Galaxy A20 ,0,0,40448,France
Nokia,108 Dual SIM,Black,4 MB,4 MB,Yes,4.2,2149,2149,Nokia 108 Dual SIM,0,0,93931,Japan
SAMSUNG,Galaxy A70s ,Prism Crush White,6 GB,128 GB,Yes,4.3,17999,31000,SAMSUNG Galaxy A70s ,13001,41.93870968,40255,USA
Apple,iPhone 11 ,Red,4GB,128 GB,Yes,4.6,54900,54900,Apple iPhone 11 ,0,0,94046,Germany
Infinix,Smart 5,Obsidian Black,2 GB,32 GB,Yes,4.3,7499,8999,Infinix Smart 5,1500,16.66851872,67419,Australia
OPPO,A5s,Gold,4 GB,64 GB,Yes,4.4,15726,15726,OPPO A5s,0,0,24473,Canada
realme,6i ,Eclipse Black,4 GB,64 GB,Yes,4.4,12999,14999,realme 6i ,2000,13.33422228,13472,Australia
Infinix,Hot 11S,Purple  ,4 GB,64 GB,Yes,4.3,10999,13999,Infinix Hot 11S,3000,21.43010215,18330,France
SAMSUNG,Galaxy Note 4 ,Charcoal Black,3 GB,32 GB,Yes,4.1,36900,36900,SAMSUNG Galaxy Note 4 ,0,0,44866,Canada
Nokia,6,Matte Black,4 GB,64 GB,Yes,3.9,19499,19499,Nokia 6,0,0,56851,Germany
SAMSUNG,Galaxy A10s ,Blue,3 GB,32 GB,Yes,4.3,11000,11000,SAMSUNG Galaxy A10s ,0,0,64221,India
GIONEE,P5 Mini ,White,1 GB,8 GB,Yes,3.8,2999,2999,GIONEE P5 Mini ,0,0,16398,Australia
OPPO,A71,Gold,3 GB,16 GB,Yes,4.2,12500,12500,OPPO A71,0,0,45526,USA
realme,X ,Space Blue,8 GB,128 GB,Yes,4.5,20999,20999,realme X ,0,0,63073,Germany
Xiaomi,11i Hypercharge 5G,Camo Green,6 GB,128 GB,Yes,4.2,26999,31999,Xiaomi 11i Hypercharge 5G,5000,15.6254883,93821,UK
Infinix,Hot 9,Ocean Wave,4 GB,64 GB,Yes,4.4,11999,11999,Infinix Hot 9,0,0,94531,USA
Apple,iPhone 13 mini,Green,4GB,128 GB,Yes,4.6,64900,69900,Apple iPhone 13 mini,5000,7.153075823,33285,Brazil
realme,6i ,Eclipse Black,6 GB,64 GB,Yes,4.4,13999,15999,realme 6i ,2000,12.5007813,71331,South Korea
LG,G6 ,Blue,4 GB,64 GB,Yes,4.2,29790,29790,LG G6 ,0,0,93370,Germany
Google Pixel,3a ,Clearly White,4 GB,64 GB,Yes,4.5,39999,39999,Google Pixel 3a ,0,0,35123,India
OPPO,A53,Fairy White,6 GB,128 GB,Yes,4.3,15999,15999,OPPO A53,0,0,80554,Germany
Nokia,3.2,Black,3 GB,32 GB,Yes,4.1,11999,11999,Nokia 3.2,0,0,91907,France
GIONEE,X1s ,Blue,3 GB,16 GB,Yes,4,6999,6999,GIONEE X1s ,0,0,72813,Canada
realme,3,Radiant Blue,3 GB,32 GB,Yes,4.5,8499,10999,realme 3,2500,22.72933903,18000,Australia
Apple,iPhone 8 Plus ,Space Grey,3 GB,256 GB,Yes,4.6,84900,84900,Apple iPhone 8 Plus ,0,0,32437,Canada
Apple,iPhone 12 Mini ,Blue,4GB,128 GB,Yes,4.5,61999,64900,Apple iPhone 12 Mini ,2901,4.469953775,52964,Canada
OPPO,A53,Electric Black,4 GB,64 GB,Yes,4.5,11990,15990,OPPO A53,4000,25.01563477,12097,Germany
SAMSUNG,Galaxy M12 ,White,4 GB,64 GB,Yes,4.2,11730,12900,SAMSUNG Galaxy M12 ,1170,9.069767442,35280,France
Motorola,Edge 20 ,Frosted Emerald,8 GB,128 GB,Yes,4.4,29999,34999,Motorola Edge 20 ,5000,14.28612246,36202,Australia
Infinix,Hot S3,Topaz Blue,3 GB,32 GB,Yes,4.2,9999,9999,Infinix Hot S3,0,0,29716,Australia
Xiaomi,Mi 11 Lite ,Jazz Blue,8 GB,128 GB,Yes,4.2,23999,25999,Xiaomi Mi 11 Lite ,2000,7.692603562,39310,Canada
Nokia,5.1 Plus ,Black,4 GB,64 GB,Yes,4.1,9990,15999,Nokia 5.1 Plus ,6009,37.55859741,25079,Brazil
GIONEE,F205 Pro ,Blue,2 GB,16 GB,Yes,4.1,6990,6990,GIONEE F205 Pro ,0,0,66615,South Korea
realme,7,Mist White,8 GB,128 GB,Yes,4.3,17999,20999,realme 7,3000,14.28639459,15106,France
SAMSUNG,Galaxy J5 Prime ,Gold,2 GB,16 GB,Yes,4,14500,14500,SAMSUNG Galaxy J5 Prime ,0,0,12840,Brazil
Motorola,G7,White,4 GB,64 GB,Yes,4.3,9999,18999,Motorola G7,9000,47.37091426,78921,Japan
Xiaomi,Redmi Note 8 ,Cosmic Purple,4 GB,64 GB,Yes,4.3,12999,12999,Xiaomi Redmi Note 8 ,0,0,53620,Japan
Motorola,One,White,4 GB,64 GB,Yes,4.1,14999,14999,Motorola One,0,0,52822,USA
Lenovo,VIBE P1m ,Black,2 GB,16 GB,Yes,4.1,6999,6999,Lenovo VIBE P1m ,0,0,23494,Canada
Apple,iPhone 12 Mini ,Red,4GB,128 GB,Yes,4.5,61999,64900,Apple iPhone 12 Mini ,2901,4.469953775,27070,Australia
realme,3,Diamond Red,3 GB,,Yes,4.5,8499,10999,realme 3,2500,22.72933903,17532,Germany
OPPO,Reno2 F,Sky White,6 GB,256 GB,Yes,4.4,19990,19990,OPPO Reno2 F,0,0,47052,Australia
GIONEE,Elife E8 ,Gold,3 GB,64 GB,Yes,3.9,8990,8990,GIONEE Elife E8 ,0,0,17737,Australia
SAMSUNG,Galaxy S10e ,Prism White,6 GB,128 GB,Yes,4.5,59000,59000,SAMSUNG Galaxy S10e ,0,0,17711,India
SAMSUNG,Z2 ,Black,1 GB,8 GB,Yes,3.6,4790,4790,SAMSUNG Z2 ,0,0,77156,Australia
GIONEE,F205 ,Black,2 GB,16 GB,Yes,4,8479,8479,GIONEE F205 ,0,0,23976,USA
Nokia,6310,Black,8 MB,16 MB,Yes,,4189,4189,Nokia 6310,0,0,72425,Brazil
Apple,iPhone XR ,Black,3 GB,128 GB,Yes,4.6,47999,52900,Apple iPhone XR ,4901,9.264650284,55604,Japan
Xiaomi,Mi A3 ,More Than White,4 GB,64 GB,Yes,4.4,12990,14990,Xiaomi Mi A3 ,2000,13.34222815,33253,Australia
SAMSUNG,Galaxy Note 8 ,Orchid Grey,6 GB,64 GB,Yes,4.6,49999,49999,SAMSUNG Galaxy Note 8 ,0,0,90798,Australia
Nokia,105 DS,Black,4 MB,4 MB,Yes,4.2,1400,1400,Nokia 105 DS,0,0,11432,India
OPPO,A55,Rainbow Blue,4 GB,64 GB,Yes,4.3,15490,18990,OPPO A55,3500,18.43075303,84604,France
ASUS,ZenFone Max M2 ,Silver,4 GB,64 GB,Yes,4.3,14999,14999,ASUS ZenFone Max M2 ,0,0,47482,Germany
Xiaomi,REDMI 9 Prime ,Mint Green,4 GB,64 GB,Yes,4.4,10499,11999,Xiaomi REDMI 9 Prime ,1500,12.50104175,19558,France
Motorola,G6 Play,Fine Gold,3 GB,32 GB,Yes,4.1,12999,12999,Motorola G6 Play,0,0,84972,Germany
OPPO,A31,Mystery Black,4 GB,64 GB,Yes,4.3,11779,11919,OPPO A31,140,1.174595184,10163,South Korea
realme,3i ,Diamond Red,3 GB,32 GB,Yes,4.4,8499,8999,realme 3i ,500,5.556172908,44743,Australia
OPPO,F17,Navy Blue,8 GB,128 GB,Yes,4.3,21990,21990,OPPO F17,0,0,29676,India
Infinix,Smart 4 Plus,Quetzal Cyan,3 GB,32 GB,Yes,4.4,9999,9999,Infinix Smart 4 Plus,0,0,83998,UK
realme,Narzo 30 5G ,Racing Silver,6 GB,128 GB,Yes,4.3,16999,17999,realme Narzo 30 5G ,1000,5.555864215,27016,Canada
vivo,V21e ,Sunset Jazz,3 GB,16 GB,Yes,4.3,18990,18990,vivo V21e ,0,0,60058,Japan
Nokia,105 DS 2020,Black,4 MB,4 MB,Yes,4.2,1490,1490,Nokia 105 DS 2020,0,0,42592,Brazil
SAMSUNG,Galaxy Note 5 ,black sapphire,4 GB,32 GB,Yes,3.9,46900,46900,SAMSUNG Galaxy Note 5 ,0,0,19834,Japan
SAMSUNG,Galaxy Alpha ,Charcoal Black,2 GB,32 GB,Yes,3.6,22389,22389,SAMSUNG Galaxy Alpha ,0,0,17897,Brazil
realme,8 5G ,Supersonic Black,8 GB,128 GB,Yes,4.3,18499,18999,realme 8 5G ,500,2.631717459,42973,South Korea
SAMSUNG,Galaxy J4 ,Gold,3 GB,32 GB,Yes,4.2,10990,10990,SAMSUNG Galaxy J4 ,0,0,59734,France
Apple,iPhone 13 Pro,Alpine Green,4GB,512 GB,Yes,4.7,149900,149900,Apple iPhone 13 Pro,0,0,51801,USA
HTC,Wildfire X ,Blue,3 GB,32 GB,Yes,3.9,12999,12999,HTC Wildfire X ,0,0,15348,Australia
GIONEE,Max Pro ,Black,3 GB,32 GB,Yes,3.8,7299,9999,GIONEE Max Pro ,2700,27.00270027,69064,UK
Apple,iPhone 6s Plus ,Space Grey,2 GB,64 GB,Yes,4.4,59999,59999,Apple iPhone 6s Plus ,0,0,12644,Brazil
Xiaomi,Redmi 7A ,Matte Gold,2 GB,32 GB,Yes,4.5,6999,6999,Xiaomi Redmi 7A ,0,0,50786,Canada
OPPO,A15,Dynamic Black,2 GB,32 GB,Yes,4,8990,10990,OPPO A15,2000,18.19836215,28682,Brazil
SAMSUNG,M01 core ,Black,1 GB,16 GB,Yes,3.9,4999,4999,SAMSUNG M01 core ,0,0,60027,USA
realme,6,Comet Blue,8 GB,128 GB,Yes,4.4,16999,17999,realme 6,1000,5.555864215,25893,Japan
POCO,X2 Special Edition,Matrix Purple,6 GB,128 GB,Yes,4.5,19999,19999,POCO X2 Special Edition,0,0,57300,India
Infinix,Smart 3 Plus,Midnight Black,2 GB,32 GB,Yes,4.2,7999,7999,Infinix Smart 3 Plus,0,0,27074,Japan
Apple,iPhone 6 Plus ,Space Grey,1 GB,16 GB,Yes,4.5,39999,39999,Apple iPhone 6 Plus ,0,0,40683,South Korea
realme,X3 SuperZoom ,Arctic White,12 GB,,Yes,4.2,32999,34999,realme X3 SuperZoom ,2000,5.714448984,24290,India
Apple,iPhone 13 Pro Max,Alpine Green,4GB,128 GB,Yes,4.5,119900,119900,Apple iPhone 13 Pro Max,0,0,17928,Japan
SAMSUNG,M02s ,Red,4 GB,64 GB,Yes,4.1,9999,10490,SAMSUNG M02s ,491,4.680648236,58331,Canada
SAMSUNG,Galaxy A51 ,Prism Crush Blue,6 GB,128 GB,Yes,4.3,20999,25999,SAMSUNG Galaxy A51 ,5000,19.2315089,76708,Japan
SAMSUNG,Galaxy A5 ,Midnight Black,2 GB,16 GB,Yes,4.1,17990,17990,SAMSUNG Galaxy A5 ,0,0,87455,Canada
OPPO,Reno2 F,Lake Green,8 GB,128 GB,Yes,4.4,25889,25889,OPPO Reno2 F,0,0,75429,Canada
POCO,M4 Pro 5G,Power Black,8 GB,128 GB,Yes,4.4,18999,21999,POCO M4 Pro 5G,3000,13.6369835,60602,India
SAMSUNG,Galaxy M30s ,Blue,4 GB,64 GB,Yes,4.3,14090,15500,SAMSUNG Galaxy M30s ,1410,9.096774194,87466,France
Nokia,150/150 DS,Black,4 MB,4 MB,Yes,4.2,1500,1500,Nokia 150/150 DS,0,0,12540,Germany
POCO,M4 Pro,Cool Blue,8 GB,128 GB,Yes,4.4,17999,21999,POCO M4 Pro,4000,18.18264467,32670,Australia
OPPO,Reno4 Pro Special Edition,Starry Night,8 GB,128 GB,Yes,4.4,34990,37990,OPPO Reno4 Pro Special Edition,3000,7.896814951,80969,Brazil
Apple,iPhone 12 ,Black,4GB,256 GB,Yes,4.6,78999,80900,Apple iPhone 12 ,1901,2.349814586,30645,Germany
Nokia,6.1,Copper,3 GB,32 GB,Yes,4.2,14927,14927,Nokia 6.1,0,0,28746,USA
realme,Narzo 10A ,So White,4 GB,64 GB,Yes,4.5,9999,10999,realme Narzo 10A ,1000,9.091735612,38229,France
realme,3i ,Diamond Blue,3 GB,32 GB,Yes,4.4,8499,8999,realme 3i ,500,5.556172908,44522,Germany
OPPO,F3,Black,4 GB,64 GB,Yes,4.3,20990,20990,OPPO F3,0,0,36929,India
LG,K42 ,Green,3 GB,64 GB,Yes,3.9,10990,14000,LG K42 ,3010,21.5,28323,USA
Xiaomi,Redmi 8A Dual ,Midnight Grey,3 GB,64 GB,Yes,4.5,9199,9290,Xiaomi Redmi 8A Dual ,91,0.979547901,67715,UK
Infinix,Note 11 ,Celestial Snow,4 GB,64 GB,Yes,4.3,12499,14999,Infinix Note 11 ,2500,16.66777785,97897,France
Nokia,8110,Black,512 MB,4 GB,Yes,3.7,3000,8400,Nokia 8110,5400,64.28571429,72293,Germany
Infinix,Hot 10S,Black,6 GB,64 GB,Yes,4.3,10999,13999,Infinix Hot 10S,3000,21.43010215,39056,USA
Infinix,Hot 9 Pro,Ocean Wave,4 GB,64 GB,Yes,4.4,12999,12999,Infinix Hot 9 Pro,0,0,52892,UK
Xiaomi,Redmi 9A ,Nature Green,3 GB,32 GB,Yes,4.5,8498,8498,Xiaomi Redmi 9A ,0,0,91913,Japan
Nokia,8.1,Blue,6 GB,128 GB,Yes,4.3,22999,35999,Nokia 8.1,13000,36.11211423,16589,USA
Xiaomi,Redmi 5 ,Gold,4 GB,64 GB,Yes,4.2,10990,10990,Xiaomi Redmi 5 ,0,0,16305,India
Lenovo,Vibe K5 Note ,Grey,4 GB,32 GB,Yes,4.1,12499,12499,Lenovo Vibe K5 Note ,0,0,17346,Japan
Apple,iPhone 6s Plus ,Gold,2 GB,,Yes,4.4,49999,49999,Apple iPhone 6s Plus ,0,0,39301,India
OPPO,A53s 5G,Ink Black,8 GB,128 GB,Yes,4.3,17990,18990,OPPO A53s 5G,1000,5.265929437,34260,Germany
POCO,M4 Pro 5G,Yellow,4 GB,64 GB,Yes,4.5,14999,16999,POCO M4 Pro 5G,2000,11.76539796,98554,Australia
realme,8,Cyber Silver,8 GB,128 GB,Yes,4.3,17999,18999,realme 8,1000,5.263434918,25353,Germany
realme,C21Y ,Cross Black,3 GB,32 GB,Yes,,8999,9999,realme C21Y ,1000,10.0010001,43366,Japan
vivo,Y95,Starry Black,4 GB,64 GB,Yes,4.4,18990,18990,vivo Y95,0,0,29447,Canada
Xiaomi,Redmi Note 11T 5G,Stardust White,6 GB,129 GB,Yes,4.2,19119,19119,Xiaomi Redmi Note 11T 5G,0,0,12337,Germany
SAMSUNG,Galaxy A12 ,Blue,4 GB,64 GB,Yes,4.2,12144,12144,SAMSUNG Galaxy A12 ,0,0,72033,Japan
Nokia,C01 Plus ,Blue,2 GB,16 GB,Yes,,6499,6499,Nokia C01 Plus ,0,0,85416,USA
Motorola,One Fusion+ ,Moonlight White,6 GB,128 GB,Yes,4.4,17499,19999,Motorola One Fusion+ ,2500,12.50062503,17522,South Korea
GIONEE,L800,Black,8 MB,16 MB,Yes,4,2199,2199,GIONEE L800,0,0,81708,Germany
OPPO,F15,Unicorn White,8 GB,128 GB,Yes,4.4,18990,22990,OPPO F15,4000,17.39886907,33482,USA
SAMSUNG,Galaxy Note 5 ,Gold Platinum,4 GB,32 GB,Yes,3.9,29990,29990,SAMSUNG Galaxy Note 5 ,0,0,28475,India
SAMSUNG,M31 Prime ,Space Black,6 GB,128 GB,Yes,4.3,16750,16800,SAMSUNG M31 Prime ,50,0.297619048,56761,France
Xiaomi,Mi 10i ,Atlantic Blue,6 GB,128 GB,Yes,4.3,22650,24198,Xiaomi Mi 10i ,1548,6.397222911,65719,Australia
realme,9 Pro 5G,Midnight Black,8 GB,128 GB,Yes,4.4,20999,23999,realme 9 Pro 5G,3000,12.50052086,54630,India
Lenovo,A7000 Turbo ,White,2 GB,16 GB,Yes,3.8,8999,8999,Lenovo A7000 Turbo ,0,0,55233,India
SAMSUNG,Galaxy S10 Plus ,Prism Black,8 GB,128 GB,Yes,4.6,79000,79000,SAMSUNG Galaxy S10 Plus ,0,0,96545,Japan
SAMSUNG,Metro B313E Dual Sim - White,Black,10 MB,2 MB,Yes,4.1,2299,2299,SAMSUNG Metro B313E Dual Sim - White,0,0,77170,Canada
Nokia,5.3,SAND,6 GB,64 GB,Yes,3.7,12999,12999,Nokia 5.3,0,0,60670,Brazil
ASUS,ZenFone Max Pro M2 ,Blue,4 GB,64 GB,Yes,4.3,17999,17999,ASUS ZenFone Max Pro M2 ,0,0,88022,South Korea
Nokia,216 DS 2020,Black,16 MB,16 MB,Yes,4.2,2499,2499,Nokia 216 DS 2020,0,0,79185,Canada
POCO,M4 Pro 5G,Cool Blue,4 GB,64 GB,Yes,4.5,14999,16999,POCO M4 Pro 5G,2000,11.76539796,57946,Japan
POCO,X2,Pheonix Red,8 GB,256 GB,Yes,4.5,21499,22999,POCO X2,1500,6.522022697,23141,Australia
realme,6i ,Lunar White,4 GB,64 GB,Yes,4.4,12999,14999,realme 6i ,2000,13.33422228,93458,South Korea
Infinix,Note 11S,Haze Green,6 GB,64 GB,Yes,4.3,13999,16999,Infinix Note 11S,3000,17.64809695,24358,South Korea
Apple,iPhone 12 Pro Max ,Gold,,256 GB,Yes,4.6,129900,129900,Apple iPhone 12 Pro Max ,0,0,78674,Japan
Apple,iPhone 11 ,Purple,4GB,64 GB,Yes,4.6,49900,49900,Apple iPhone 11 ,0,0,75634,UK
Apple,iPhone 7 Plus ,Silver,3 GB,128 GB,Yes,4.5,42900,42900,Apple iPhone 7 Plus ,0,0,86944,India
vivo,Y83 Pro,Nebula Purple,4 GB,64 GB,Yes,4.4,14500,14500,vivo Y83 Pro,0,0,88259,France
SAMSUNG,Galaxy M32 ,Light Blue,4 GB,64 GB,Yes,4.2,14690,14690,SAMSUNG Galaxy M32 ,0,0,22925,UK
OPPO,A55,Mint Green,6 GB,128 GB,Yes,4.1,17790,17790,OPPO A55,0,0,79287,Japan
Apple,iPhone 11 ,Purple,4GB,256 GB,Yes,4.6,64900,64900,Apple iPhone 11 ,0,0,84072,UK
Infinix,S5 Lite,Midnight Black,4 GB,64 GB,Yes,4.3,9999,9999,Infinix S5 Lite,0,0,67327,France
SAMSUNG,M02s ,Blue,4 GB,64 GB,Yes,4.1,10398,10398,SAMSUNG M02s ,0,0,40652,Japan
OPPO,A52,Twilight Black,8 GB,128 GB,Yes,4.3,20990,20990,OPPO A52,0,0,80203,Japan
SAMSUNG,Galaxy S10 Plus ,Ceramic Black,8 GB,512 GB,Yes,4.6,91900,91900,SAMSUNG Galaxy S10 Plus ,0,0,58778,South Korea
Nokia,225 4g ds,Black,64 MB,128 MB,Yes,3.7,3896,3999,Nokia 225 4g ds,103,2.575643911,26995,UK
OPPO,Reno7 5G,Starry Black,8 GB,256 GB,Yes,,28999,37990,OPPO Reno7 5G,8991,23.66675441,77264,USA
GIONEE,Marathon M5 Plus ,Champagne Gold,3 GB,64 GB,Yes,4.1,14999,14999,GIONEE Marathon M5 Plus ,0,0,69635,Germany
SAMSUNG,Metro XL,Black,64 MB,128 MB,Yes,4.2,3780,3780,SAMSUNG Metro XL,0,0,20801,Japan
SAMSUNG,B351E/Metro 350,Black,32 MB,2 MB,Yes,4.2,2089,2089,SAMSUNG B351E/Metro 350,0,0,47824,UK
Lenovo,Z2 Plus ,Black,4 GB,64 GB,Yes,3.8,19999,19999,Lenovo Z2 Plus ,0,0,73879,Brazil
OPPO,F1 Plus,Gold,4 GB,64 GB,Yes,4,27500,27500,OPPO F1 Plus,0,0,28709,Australia
Infinix,Hot 10,Amber Red,4 GB,64 GB,Yes,4.4,11999,11999,Infinix Hot 10,0,0,22820,Brazil
Xiaomi,REDMI 9 Power ,Mighty Black,4 GB,64 GB,Yes,4.4,11499,13999,Xiaomi REDMI 9 Power ,2500,17.85841846,84906,UK
IQOO,3, Tornado Black,12 GB,256 GB,Yes,4.4,39990,46990,IQOO 3,7000,14.89678655,73871,India
OPPO,A3s,Purple,4 GB,64 GB,Yes,4.3,15000,15000,OPPO A3s,0,0,19284,India
Apple,iPhone 13 Mini ,Starlight,6 GB,512 GB,Yes,,99900,99900,Apple iPhone 13 Mini ,0,0,40574,UK
Apple,iPhone 11 Pro ,Gold,4GB,256 GB,Yes,4.6,121300,121300,Apple iPhone 11 Pro ,0,0,88708,South Korea
SAMSUNG,Metro 313,Black,4 MB,2 MB,Yes,4.2,2282,2282,SAMSUNG Metro 313,0,0,40934,South Korea
realme,Narzo 50A ,Oxygen Blue,4 GB,32 GB,Yes,4.4,12499,13999,realme Narzo 50A ,1500,10.71505108,15775,Japan
realme,X3 SuperZoom ,Arctic White,12 GB,256 GB,Yes,4.2,32999,34999,realme X3 SuperZoom ,2000,5.714448984,82056,France
SAMSUNG,Galaxy J2 ,White,1 GB,8 GB,Yes,4.1,6799,6799,SAMSUNG Galaxy J2 ,0,0,20984,Germany
SAMSUNG,Galaxy S7 ,Silver Titanium,4 GB,32 GB,Yes,4.4,23500,45500,SAMSUNG Galaxy S7 ,22000,48.35164835,28134,Japan
Lenovo,K8 Note ,Venom Black,4 GB,64 GB,Yes,4.1,12999,12999,Lenovo K8 Note ,0,0,24940,Brazil
ASUS,Zenfone Max Pro M1 ,Grey,6 GB,64 GB,Yes,4.3,17999,17999,ASUS Zenfone Max Pro M1 ,0,0,10782,Germany
Apple,iPhone 13 Mini ,Starlight,4 GB,256 GB,Yes,,79900,79900,Apple iPhone 13 Mini ,0,0,66701,Brazil
Lenovo,P2 ,Grey,4 GB,32 GB,Yes,4.3,17999,17999,Lenovo P2 ,0,0,37625,South Korea
SAMSUNG,Galaxy J6 Plus ,Black,4 GB,64 GB,Yes,4.3,14000,14000,SAMSUNG Galaxy J6 Plus ,0,0,16824,UK
SAMSUNG,Galaxy A72 ,Awesome Black,8 GB,256 GB,Yes,4.3,37999,43999,SAMSUNG Galaxy A72 ,6000,13.63667356,28490,France
Infinix,Hot 9 Pro,Violet,4 GB,64 GB,Yes,4.4,12999,12999,Infinix Hot 9 Pro,0,0,49962,Brazil
ASUS,Zenfone Max Pro M1 ,Grey,3 GB,32 GB,Yes,4.3,13199,13199,ASUS Zenfone Max Pro M1 ,0,0,39119,South Korea
Motorola,G60 ,Frosted Champagne,6 GB,128 GB,Yes,4.2,17999,21999,Motorola G60 ,4000,18.18264467,91817,France
Apple,iPhone SE ,Black,2 GB,256 GB,Yes,4.5,54900,54900,Apple iPhone SE ,0,0,32264,Japan
SAMSUNG,Galaxy M30S ,Black,4 GB,128 GB,Yes,4.3,15499,17999,SAMSUNG Galaxy M30S ,2500,13.88966054,23566,UK
GIONEE,Ctrl V5 ,White,8 GB,2 MB,Yes,3.8,4790,4790,GIONEE Ctrl V5 ,0,0,30355,Australia
OPPO,A16k,White,3 GB,32 GB,Yes,4.1,10490,10490,OPPO A16k,0,0,52952,India
realme,X3 ,Arctic White,8 GB,128 GB,Yes,4.4,25999,27999,realme X3 ,2000,7.143112254,33649,Canada
Motorola,X4,Super Black,4 GB,64 GB,Yes,4.3,23999,23999,Motorola X4,0,0,60730,France
Infinix,Hot 11S,Polar Black,4 GB,128 GB,Yes,4.3,11999,14999,Infinix Hot 11S,3000,20.00133342,51972,Australia
SAMSUNG,Galaxy A12 ,White,4 GB,128 GB,Yes,4.2,14999,14999,SAMSUNG Galaxy A12 ,0,0,28659,Australia
Google Pixel,3 XL ,Just Black,4 GB,64 GB,Yes,4.6,83000,83000,Google Pixel 3 XL ,0,0,31254,France
SAMSUNG,Galaxy A31 ,Prism Crush Black,6 GB,128 GB,Yes,4.3,18999,18999,SAMSUNG Galaxy A31 ,0,0,74167,Australia
Apple,iPhone 7 Plus ,Gold,3 GB,128 GB,Yes,4.5,42900,42900,Apple iPhone 7 Plus ,0,0,58564,Brazil
Lenovo,K8 Note ,Fine Gold,4 GB,64 GB,Yes,4.1,8499,8499,Lenovo K8 Note ,0,0,36391,Australia
SAMSUNG,Galaxy S9 ,Coral Blue,4 GB,64 GB,Yes,4.4,62500,62500,SAMSUNG Galaxy S9 ,0,0,98665,South Korea
Xiaomi,Mi Max 2 ,Black,4 GB,64 GB,Yes,4.4,13990,13990,Xiaomi Mi Max 2 ,0,0,61579,Germany
SAMSUNG,Galaxy F02s ,Diamond White,4 GB,64 GB,Yes,4.2,10499,11499,SAMSUNG Galaxy F02s ,1000,8.696408383,89026,Brazil
realme,X2 ,Pearl White,4 GB,64 GB,Yes,4.5,17999,17999,realme X2 ,0,0,42659,Australia
Motorola,G5 Plus,Lunar Grey,3 GB,32 GB,Yes,3.7,10999,10999,Motorola G5 Plus,0,0,16853,Japan
Xiaomi,Redmi Note 6 Pro ,Rose Gold,6 GB,64 GB,Yes,4.3,14999,14999,Xiaomi Redmi Note 6 Pro ,0,0,12552,India
Infinix,Smart 4 Plus,Violet,3 GB,32 GB,Yes,4.4,9999,9999,Infinix Smart 4 Plus,0,0,81948,UK
SAMSUNG,Galaxy J2 - 2016 ,Silver,1.5 GB,8 GB,Yes,4,7200,7200,SAMSUNG Galaxy J2 - 2016 ,0,0,71002,Australia
ASUS,Zenfone Max ZC550KL ,Orange,3 GB,32 GB,Yes,4.1,8690,8690,ASUS Zenfone Max ZC550KL ,0,0,59160,USA
SAMSUNG,Galaxy A50s ,Prism Crush White,4 GB,128 GB,Yes,4.3,14999,24900,SAMSUNG Galaxy A50s ,9901,39.76305221,61708,India
SAMSUNG,Galaxy A7-2017 ,Gold Sand,3 GB,32 GB,Yes,3.8,25900,25900,SAMSUNG Galaxy A7-2017 ,0,0,43244,Japan
OPPO,F19s,Glowing Black,6 GB,128 GB,Yes,,19990,22990,OPPO F19s,3000,13.04915181,31801,South Korea
SAMSUNG,Galaxy A22 5G ,Grey,6 GB,128 GB,Yes,4.3,19979,22498,SAMSUNG Galaxy A22 5G ,2519,11.1965508,85940,Australia
SAMSUNG,Galaxy S7 Edge ,Blue Coral,4 GB,32 GB,Yes,4.4,41900,41900,SAMSUNG Galaxy S7 Edge ,0,0,67829,South Korea
Apple,iPhone XS ,Silver,4 GB,256 GB,Yes,4.7,76999,103900,Apple iPhone XS ,26901,25.89124158,17240,Australia
vivo,Y20A ,Dawn White,4 GB,128 GB,Yes,4.4,20600,20600,vivo Y20A ,0,0,16711,Canada
Apple,iPhone 13 Pro Max,Sierra Blue,4GB,256 GB,Yes,4.7,139900,139900,Apple iPhone 13 Pro Max,0,0,31385,Germany
vivo,V9,Sapphire Blue,4 GB,64 GB,Yes,4.5,23400,23990,vivo V9,590,2.459358066,31039,South Korea
realme,C21Y ,Cross Blue,3 GB,32 GB,Yes,,8999,9999,realme C21Y ,1000,10.0010001,50847,Germany
SAMSUNG,Galaxy J2 Core ,Black,1 GB,16 GB,Yes,4.2,6999,6999,SAMSUNG Galaxy J2 Core ,0,0,97984,India
Xiaomi,Mi A2 ,Black,6 GB,128 GB,Yes,3.8,14949,14949,Xiaomi Mi A2 ,0,0,77822,Canada
OPPO,F3 Plus,Black,4 GB,64 GB,Yes,4.3,30990,30990,OPPO F3 Plus,0,0,47992,UK
Apple,iPhone 11 ,Yellow,4GB,128 GB,Yes,4.6,54900,54900,Apple iPhone 11 ,0,0,89058,Brazil
realme,5 Pro ,Sparkling Blue,6 GB,64 GB,Yes,4.5,14999,15999,realme 5 Pro ,1000,6.250390649,16972,Germany
Lenovo,Vibe Shot ,Grey,3 GB,32 GB,Yes,3.7,9799,9799,Lenovo Vibe Shot ,0,0,39140,Canada
vivo,S2,Diamond Black,4 GB,128 GB,Yes,5,19990,19990,vivo S2,0,0,95446,Germany
SAMSUNG,Galaxy S6 Edge ,White Pearl,3 GB,64 GB,Yes,4,53900,53900,SAMSUNG Galaxy S6 Edge ,0,0,87068,France
OPPO,R1 R829,White,1 GB,16 GB,Yes,3,21452,21452,OPPO R1 R829,0,0,90258,Japan
Motorola,G9 Power ,Electric Violet,4 GB,64 GB,Yes,4.1,11999,15999,Motorola G9 Power ,4000,25.0015626,94743,UK
LG,K-10 ,Black Blue,2 GB,16 GB,Yes,4,7799,7799,LG K-10 ,0,0,47712,Japan
realme,X2 Pro ,Neptune Blue,8 GB,128 GB,Yes,4.5,31999,31999,realme X2 Pro ,0,0,16531,Australia
ASUS,ZenFone Lite L1 ,Black,2 GB,16 GB,Yes,4.2,7199,7199,ASUS ZenFone Lite L1 ,0,0,21117,Germany
OPPO,A57,Gold,3 GB,32 GB,Yes,4.2,18000,18000,OPPO A57,0,0,75795,Australia
OPPO,F11 Pro,Thunder Black,6 GB,64 GB,Yes,4.5,16990,28990,OPPO F11 Pro,12000,41.39358399,10283,USA
GIONEE,A1 Lite ,Gold,3 GB,32 GB,Yes,3.9,11499,11499,GIONEE A1 Lite ,0,0,89474,Germany
Lenovo,K3 Note Music ,Yellow,2 GB,16 GB,Yes,3.7,9795,9795,Lenovo K3 Note Music ,0,0,11899,Canada
Apple,iPhone 7 Plus ,Black,3 GB,256 GB,Yes,4.5,85400,85400,Apple iPhone 7 Plus ,0,0,14136,UK
SAMSUNG,Galaxy J8 ,Blue,4 GB,64 GB,Yes,4.4,18990,18990,SAMSUNG Galaxy J8 ,0,0,16630,Australia
SAMSUNG,Galaxy M40 ,Seawater Blue,6 GB,128 GB,Yes,4.1,19999,19999,SAMSUNG Galaxy M40 ,0,0,95121,Germany
Apple,iPhone 13 Pro Max,Alpine Green,4GB,256 GB,Yes,4.7,139900,139900,Apple iPhone 13 Pro Max,0,0,99088,USA
SAMSUNG,Galaxy A30 ,Blue,4 GB,64 GB,Yes,4.4,18000,18000,SAMSUNG Galaxy A30 ,0,0,75032,Japan
vivo,T1 5G,Rainbow Fantasy,6 GB,128 GB,Yes,,16990,20990,vivo T1 5G,4000,19.05669366,43381,Canada
Apple,iPhone XR ,Yellow,3 GB,128 GB,Yes,4.6,47999,52900,Apple iPhone XR ,4901,9.264650284,27072,France
SAMSUNG,Galaxy J6 ,Gold,4 GB,64 GB,Yes,4.5,14990,14990,SAMSUNG Galaxy J6 ,0,0,30075,Germany
vivo,Y20A ,Nebula Blue,3 GB,64 GB,Yes,4.4,36990,36990,vivo Y20A ,0,0,77844,France
SAMSUNG,Galaxy A52 ,Awesome Black,8 GB,128 GB,Yes,4.4,28999,31999,SAMSUNG Galaxy A52 ,3000,9.375292978,49902,India
GIONEE,F9 Plus ,Blue,3 GB,32 GB,Yes,4.1,9490,9490,GIONEE F9 Plus ,0,0,21206,UK
SAMSUNG,Metro 313 Dual Sim,Black,16 MB,2 MB,Yes,4.2,2025,2025,SAMSUNG Metro 313 Dual Sim,0,0,65662,Germany
Lenovo,K8 ,Fine Gold,3 GB,32 GB,Yes,4.1,6990,6990,Lenovo K8 ,0,0,15907,South Korea
realme,1,Moonlight Silver,3 GB,32 GB,Yes,,10999,12990,realme 1,1991,15.32717475,12592,USA
OPPO,A53,Mint Cream,4 GB,64 GB,Yes,4.5,11990,15990,OPPO A53,4000,25.01563477,72988,Australia
SAMSUNG,Galaxy S6 Edge ,Black,3 GB,64 GB,Yes,4,39999,39999,SAMSUNG Galaxy S6 Edge ,0,0,73371,South Korea
realme,Narzo 20 ,Glory Silver,4 GB,128 GB,Yes,4.3,11499,13999,realme Narzo 20 ,2500,17.85841846,90686,India
SAMSUNG,Galaxy A52 ,Awesome Blue,6 GB,128 GB,Yes,4.3,27810,27810,SAMSUNG Galaxy A52 ,0,0,64401,UK
Apple,iPhone XR ,Coral,3 GB,64 GB,Yes,4.6,42999,47900,Apple iPhone XR ,4901,10.23173278,35151,Japan
Infinix,Smart 2,City Blue,3 GB,32 GB,Yes,4.1,7946,7999,Infinix Smart 2,53,0.662582823,41853,Canada
Xiaomi,Mi 10T ,Cosmic Black,8 GB,128 GB,Yes,4.4,34999,42999,Xiaomi Mi 10T ,8000,18.60508384,52871,France
SAMSUNG,Galaxy Z Flip3 5G ,Cream,8 GB,256 GB,Yes,4.3,88999,99999,SAMSUNG Galaxy Z Flip3 5G ,11000,11.00011,62757,India
SAMSUNG,Galaxy J7 Prime 2 ,Gold,3 GB,32 GB,Yes,4.3,14990,14990,SAMSUNG Galaxy J7 Prime 2 ,0,0,66482,Australia
Apple,iPhone 12 ,White,4GB,64 GB,Yes,4.6,63999,65900,Apple iPhone 12 ,1901,2.884673748,11284,Canada
Infinix,Hot 7,Mocha Brown,4 GB,64 GB,Yes,4.2,9999,9999,Infinix Hot 7,0,0,43692,Japan
SAMSUNG,Galaxy A50s ,Prism Crush Black,4 GB,128 GB,Yes,4.3,14999,24900,SAMSUNG Galaxy A50s ,9901,39.76305221,11126,Australia
SAMSUNG,Galaxy S21 Ultra ,Phantom Black,16 GB,512 GB,Yes,4.3,116999,139999,SAMSUNG Galaxy S21 Ultra ,23000,16.42868878,77066,USA
realme,C15 ,Power Silver,4 GB,64 GB,Yes,4.4,10999,12999,realme C15 ,2000,15.38579891,36171,France
realme,3i ,Diamond Black,4 GB,64 GB,Yes,4.4,10499,10999,realme 3i ,500,4.545867806,18439,South Korea
Apple,iPhone 11 Pro ,Silver,4GB,512 GB,Yes,4.6,140300,140300,Apple iPhone 11 Pro ,0,0,30096,Germany
LG,W41 ,Magic Blue,4 GB,64 GB,Yes,4,8499,16000,LG W41 ,7501,46.88125,26155,India
realme,Narzo 50i ,Mint Green,2 GB,32 GB,Yes,4.3,7499,7999,realme Narzo 50i ,500,6.250781348,18005,Germany
Apple,iPhone XS ,Gold,4 GB,256 GB,Yes,4.7,76999,103900,Apple iPhone XS ,26901,25.89124158,19753,Canada
Apple,iPhone 6s Plus ,Space Grey,2 GB,16 GB,Yes,4.4,72000,72000,Apple iPhone 6s Plus ,0,0,65427,Germany
realme,Narzo 10A ,So White,3 GB,32 GB,Yes,4.5,8999,9999,realme Narzo 10A ,1000,10.0010001,36820,South Korea
Apple,iPhone 11 ,Red,4GB,64 GB,Yes,4.6,49900,49900,Apple iPhone 11 ,0,0,34218,Brazil
SAMSUNG,Galaxy A52s 5G ,Awesome Violet,6 GB,128 GB,Yes,4.3,35999,38999,SAMSUNG Galaxy A52s 5G ,3000,7.692504936,98709,Canada
Nokia,215,Black,8 MB,Expandable Upto 32 GB,Yes,4.1,2200,2200,Nokia 215,0,0,42995,France
HTC,Desire 526G Plus,Glossy Black,1 GB,16 GB,Yes,4,9900,9900,HTC Desire 526G Plus,0,0,25037,Australia
HTC,620G,Milkyway Grey,1 GB,16 GB,Yes,4.1,23999,23999,HTC 620G,0,0,87276,France
Apple,iPhone 11 ,Purple,4GB,128 GB,Yes,4.6,54900,54900,Apple iPhone 11 ,0,0,59417,Germany
Apple,iPhone 6s Plus ,Silver,2 GB,16 GB,Yes,4.4,49999,49999,Apple iPhone 6s Plus ,0,0,19588,UK
Apple,iPhone 13 Pro ,Gold,6 GB,1 TB,Yes,,169900,169900,Apple iPhone 13 Pro ,0,0,10646,Canada
Lenovo,K10 Plus ,Black,4 GB,64 GB,Yes,4.1,13999,13999,Lenovo K10 Plus ,0,0,40931,Australia
SAMSUNG,Galaxy A22 ,Black,6 GB,128 GB,Yes,4.3,18499,20499,SAMSUNG Galaxy A22 ,2000,9.756573491,91836,Japan
SAMSUNG,Galaxy S10 ,Prism Black,8 GB,128 GB,Yes,4.6,39999,71000,SAMSUNG Galaxy S10 ,31001,43.66338028,40091,USA
SAMSUNG,Galaxy A12 ,White,6 GB,128 GB,Yes,3.9,14999,14999,SAMSUNG Galaxy A12 ,0,0,97490,France
SAMSUNG,Metro 350,Black,32 MB,Expandable Upto 16 GB,Yes,4.1,3062,3062,SAMSUNG Metro 350,0,0,62143,France
Apple,iPhone 7 ,Black,2 GB,32 GB,Yes,4.5,24999,31500,Apple iPhone 7 ,6501,20.63809524,36476,Canada
ASUS,ROG 5s,Storm White,12 GB,256 GB,Yes,,57999,63999,ASUS ROG 5s,6000,9.375146487,28889,UK
Apple,iPhone 13 Pro Max,Silver,4GB,256 GB,Yes,4.7,139900,139900,Apple iPhone 13 Pro Max,0,0,53733,Germany
SAMSUNG,Galaxy Z Fold3 5G ,Phantom Black,12 GB,256 GB,Yes,4.4,149999,171999,SAMSUNG Galaxy Z Fold3 5G ,22000,12.79077204,91624,Germany
Nokia,Asha 311 ,Dark Grey,512 MB,140 MB,Yes,4,5999,6879,Nokia Asha 311 ,880,12.79255706,56306,Canada
GIONEE,F10 Plus ,Oxford Blue,3 GB,32 GB,Yes,,8590,8590,GIONEE F10 Plus ,0,0,56038,France
HTC,One M8 ,Gunmetal Grey,2 GB,16 GB,Yes,4.4,59900,59900,HTC One M8 ,0,0,19347,Australia
SAMSUNG,M31s ,Mirage Blue,8 GB,128 GB,Yes,4.3,21950,21950,SAMSUNG M31s ,0,0,10588,USA
Xiaomi,Redmi Note 7 Pro ,Blue,4 GB,64 GB,Yes,4.5,14450,14899,Xiaomi Redmi Note 7 Pro ,449,3.013625076,22764,Canada
POCO,X2 Special Edition,Atlantic Blue,6 GB,128 GB,Yes,4.5,15999,19999,POCO X2 Special Edition,4000,20.00100005,69166,Australia
Xiaomi,Redmi Note 9 Pro ,Champagne Gold,4 GB,128 GB,Yes,4.5,15998,15998,Xiaomi Redmi Note 9 Pro ,0,0,79616,Australia
SAMSUNG,Metro XL,Black,64 MB,128 MB,Yes,4.2,3271,3271,SAMSUNG Metro XL,0,0,46117,Japan
SAMSUNG,Galaxy A10s ,Green,2 GB,32 GB,Yes,4.4,9840,9840,SAMSUNG Galaxy A10s ,0,0,95752,South Korea
Apple,iPhone 11 Pro Max ,Midnight Green,4GB,64 GB,Yes,4.7,117100,117100,Apple iPhone 11 Pro Max ,0,0,35557,Brazil
Xiaomi,Redmi K20 ,Flame Red,6 GB,128 GB,Yes,4.5,21349,21349,Xiaomi Redmi K20 ,0,0,69043,USA
Nokia,7.2,Cyan Green,4 GB,64 GB,Yes,4.1,19999,19999,Nokia 7.2,0,0,28100,India
realme,8 Pro ,Infinite Black,6 GB,128 GB,Yes,4.3,17999,19999,realme 8 Pro ,2000,10.00050003,55097,UK
SAMSUNG,Galaxy A20 ,Black,3 GB,32 GB,Yes,4.3,11490,12900,SAMSUNG Galaxy A20 ,1410,10.93023256,81987,Brazil
vivo,Z1x,Fusion Blue,6 GB,64 GB,Yes,4.5,19990,19990,vivo Z1x,0,0,23231,Japan
Infinix,S4,Nebula Blue,4 GB,64 GB,Yes,4.3,10999,10999,Infinix S4,0,0,39010,USA
Xiaomi,Redmi 6A ,Gold,2 GB,32 GB,Yes,4.3,7499,7499,Xiaomi Redmi 6A ,0,0,80970,Germany
SAMSUNG,Galaxy M32 5G ,Sky Blue,8 GB,128 GB,Yes,,24998,24998,SAMSUNG Galaxy M32 5G ,0,0,43867,Brazil
SAMSUNG,Galaxy A22 ,Mint,6 GB,128 GB,Yes,4.3,16999,19499,SAMSUNG Galaxy A22 ,2500,12.82117032,94247,Germany
OPPO,Reno2 F,Sky White,8 GB,128 GB,Yes,4.4,21990,28990,OPPO Reno2 F,7000,24.14625733,86976,UK
Nokia,Lumia 920 ,Black,1 GB,32 GB,Yes,4.3,40699,40699,Nokia Lumia 920 ,0,0,51856,Germany
realme,Narzo 30 Pro 5G ,Sword Black,8 GB,128 GB,Yes,4.3,19999,21999,realme Narzo 30 Pro 5G ,2000,9.091322333,91558,UK
vivo,X50 Pro,Alpha Grey,8 GB,256 GB,Yes,4.5,54990,54990,vivo X50 Pro,0,0,16417,USA
GIONEE,S Plus ,White,3 GB,16 GB,Yes,3.7,5555,5555,GIONEE S Plus ,0,0,82517,France
SAMSUNG,Galaxy F22 ,Denim Blue,6 GB,128 GB,Yes,4.3,14999,16999,SAMSUNG Galaxy F22 ,2000,11.76539796,65916,UK
Infinix,Note 10,Emerald Green,4 GB,64 GB,Yes,4.2,10999,13999,Infinix Note 10,3000,21.43010215,28059,Australia
SAMSUNG,Galaxy A80 ,Ghost White,8 GB,128 GB,Yes,4.4,29899,29899,SAMSUNG Galaxy A80 ,0,0,86638,India
Nokia,3,Matte Black,2 GB,16 GB,Yes,3.9,5290,5290,Nokia 3,0,0,50719,India
OPPO,A15S,Fancy white,4 GB,128 GB,Yes,4.3,13489,13489,OPPO A15S,0,0,42603,Canada
ASUS,Zenfone Go 4.5 ,Black,1 GB,8 GB,Yes,3.9,5299,5299,ASUS Zenfone Go 4.5 ,0,0,84659,India
Xiaomi,Redmi Note 11T 5G,Aquamarine Blue,6 GB,128 GB,Yes,4.2,18778,18990,Xiaomi Redmi Note 11T 5G,212,1.116377041,88113,Canada
GIONEE,S6 Pro ,Gold,4 GB,64 GB,Yes,3.6,7997,7997,GIONEE S6 Pro ,0,0,68068,India
ASUS,Zenfone Go 2nd Gen,Red,1 GB,8 GB,Yes,3.7,5299,5299,ASUS Zenfone Go 2nd Gen,0,0,37517,UK
vivo,V9,Gold,4 GB,64 GB,Yes,4.5,20990,20990,vivo V9,0,0,97970,Australia
Infinix,Smart 2,City Blue,2 GB,16 GB,Yes,4.1,6949,6999,Infinix Smart 2,50,0.71438777,11090,France
Nokia,106,Black,4 MB,4 MB,Yes,4.2,1560,1560,Nokia 106,0,0,47347,Germany
HTC,Desire 210,Black,512 MB,4 GB,Yes,3.6,9990,9990,HTC Desire 210,0,0,84664,Japan
SAMSUNG,Galaxy F22 ,Denim Blue,4 GB,64 GB,Yes,4.3,12999,14999,SAMSUNG Galaxy F22 ,2000,13.33422228,20488,India
HTC,Desire 826 DS,Blue Lagoon,2 GB,16 GB,Yes,3.7,26999,26999,HTC Desire 826 DS,0,0,10156,France
Nokia,5.4,Dusk,6 GB,64 GB,Yes,3.9,14499,18499,Nokia 5.4,4000,21.62279042,77495,France
SAMSUNG,Galaxy M11 ,Violet,4 GB,64 GB,Yes,4.3,11699,11699,SAMSUNG Galaxy M11 ,0,0,86230,UK
vivo,Y21T,Pearl White,4 GB,128 GB,Yes,4.1,16490,19990,vivo Y21T,3500,17.50875438,48548,USA
SAMSUNG,Galaxy Core Prime G361 Dual Sim - White ,White,1 GB,8 GB,Yes,3.7,7999,7999,SAMSUNG Galaxy Core Prime G361 Dual Sim - White ,0,0,38796,USA
POCO,X2,Matrix Purple,8 GB,256 GB,Yes,4.5,21499,22999,POCO X2,1500,6.522022697,65297,India
SAMSUNG,Galaxy M40 ,COCKTAIL ORANGE,6 GB,128 GB,Yes,4.1,15490,15490,SAMSUNG Galaxy M40 ,0,0,31448,Japan
GIONEE,S96,Black,64 MB,128 MB,Yes,3.9,2490,2490,GIONEE S96,0,0,46599,India
SAMSUNG,Galaxy A22 5G ,Violet,8 GB,128 GB,Yes,4.2,22450,22450,SAMSUNG Galaxy A22 5G ,0,0,51815,India
vivo,Y20 ,Purist Blue,4 GB,32 GB,Yes,4.4,19490,22990,vivo Y20 ,3500,15.22401044,85331,Canada
realme,C21Y ,Cross Black,4 GB,64 GB,Yes,4.4,9999,10999,realme C21Y ,1000,9.091735612,97961,Australia
Infinix,Hot S3,Bordeaux Red ,3 GB,32 GB,Yes,4.2,9999,9999,Infinix Hot S3,0,0,73279,Australia
GIONEE,Max ,Royal Blue,2 GB,32 GB,Yes,4.1,6299,7990,GIONEE Max ,1691,21.16395494,65078,Japan
SAMSUNG,Galaxy S21 ,Phantom Violet,8 GB,256 GB,Yes,4.3,73999,87999,SAMSUNG Galaxy S21 ,14000,15.9092717,81907,Canada
OPPO,A9 2020,Vanilla Mint,8 GB,128 GB,Yes,4.3,15990,21990,OPPO A9 2020,6000,27.2851296,19529,France
Lenovo,S930 ,Silver,1 GB,8 GB,Yes,4.3,13604,13604,Lenovo S930 ,0,0,60101,Canada
SAMSUNG,Galaxy M30s ,Black,4 GB,64 GB,Yes,4.3,14069,15500,SAMSUNG Galaxy M30s ,1431,9.232258065,18180,India
Lenovo,Vibe P1 Turbo ,Grey,3 GB,32 GB,Yes,3.7,9229,9229,Lenovo Vibe P1 Turbo ,0,0,58782,USA
SAMSUNG,Galaxy S20+ ,Cloud Blue,8 GB,128 GB,Yes,4.4,54999,83000,SAMSUNG Galaxy S20+ ,28001,33.73614458,65268,Brazil
LG,Q7+ ,Black,4 GB,64 GB,Yes,3.2,11849,18990,LG Q7+ ,7141,37.60400211,92380,Japan
Motorola,G5,Frosted Silver,6 GB,128 GB,Yes,4.2,20999,24999,Motorola G5,4000,16.00064003,33953,France
ASUS,Zenfone Go ,Silver Blue,1 GB,8 GB,Yes,3.8,5699,5699,ASUS Zenfone Go ,0,0,63799,UK
SAMSUNG,B350,Black,32 MB,2 MB,Yes,4,3000,3000,SAMSUNG B350,0,0,60940,Brazil
ASUS,Zenfone Max Pro M1 ,Black,4 GB,64 GB,Yes,4.3,15599,15599,ASUS Zenfone Max Pro M1 ,0,0,39517,Brazil
Xiaomi,Redmi Y2 ,Rose Gold,4 GB,64 GB,Yes,,10999,10999,Xiaomi Redmi Y2 ,0,0,66527,Canada
SAMSUNG,Galaxy A03s ,Black,4 GB,64 GB,Yes,4.2,12499,14499,SAMSUNG Galaxy A03s ,2000,13.79405476,20450,Germany
Apple,iPhone XR ,Red,3 GB,64 GB,Yes,4.6,42999,47900,Apple iPhone XR ,4901,10.23173278,60291,Brazil
SAMSUNG,Galaxy A12 ,Blue,4 GB,64 GB,Yes,4.2,15999,15999,SAMSUNG Galaxy A12 ,0,0,96662,India
HTC,One 802D,Silver,2 GB,32 GB,Yes,4.1,59590,59590,HTC One 802D,0,0,82955,South Korea
SAMSUNG,Galaxy J5 - 6 New 2016 Edition) ,White,2 GB,16 GB,Yes,4.2,10990,10990,SAMSUNG Galaxy J5 - 6 New 2016 Edition) ,0,0,32747,USA
Apple,iPhone 12 Mini ,Purple,4GB,64 GB,Yes,4.5,56999,59900,Apple iPhone 12 Mini ,2901,4.843071786,77991,USA
Apple,iPhone 6s ,Space Grey,2 GB,32 GB,Yes,4.5,25299,29900,Apple iPhone 6s ,4601,15.38795987,68811,South Korea
Xiaomi,REDMI 9i ,Midnight Black,4 GB,64 GB,Yes,4.2,8799,9999,Xiaomi REDMI 9i ,1200,12.00120012,93298,Australia
OPPO,F19 Pro,Fluid Black,8 GB,256 GB,Yes,4.3,23490,25990,OPPO F19 Pro,2500,9.619084263,25224,India
SAMSUNG,Galaxy Core Prime ,Silver,1 GB,8 GB,Yes,4.1,5490,5490,SAMSUNG Galaxy Core Prime ,0,0,82238,UK
Apple,iPhone 12 Mini ,White,4GB,256 GB,Yes,4.5,71999,74900,Apple iPhone 12 Mini ,2901,3.873164219,12598,Brazil
ASUS,Zenfone Max ,Black,2 GB,32 GB,Yes,4.1,6999,6999,ASUS Zenfone Max ,0,0,75678,Australia
LG,Spirit ,Black Titan,1 GB,8 GB,Yes,3.8,8000,8000,LG Spirit ,0,0,12660,India
Lenovo,Z2 Plus ,White,4 GB,64 GB,Yes,3.8,19999,19999,Lenovo Z2 Plus ,0,0,96517,Canada
realme,X ,Polar White,4 GB,128 GB,Yes,4.5,17999,17999,realme X ,0,0,84568,USA
Lenovo,A1000 ,Black,1 GB,8 GB,Yes,3.8,3549,3549,Lenovo A1000 ,0,0,25038,Australia
GIONEE,F8 Neo ,Blue,2 GB,32 GB,Yes,3.9,5499,5499,GIONEE F8 Neo ,0,0,56739,Japan
Nokia,5.1 Plus ,Black,3 GB,32 GB,Yes,4.3,13199,13199,Nokia 5.1 Plus ,0,0,81679,Brazil
GIONEE,F10 ,Black,3 GB,32 GB,Yes,4.1,6660,7990,GIONEE F10 ,1330,16.64580726,22110,Brazil
LG,G7+ ThinQ ,Blue,6 GB,128 GB,Yes,4.4,55000,55000,LG G7+ ThinQ ,0,0,32011,UK
SAMSUNG,Galaxy F42 5G ,Matte Aqua,8 GB,128 GB,Yes,4.1,22999,25999,SAMSUNG Galaxy F42 5G ,3000,11.53890534,18788,Germany
Motorola,E5 Plus,Fine Gold,3 GB,32 GB,Yes,4.2,11999,11999,Motorola E5 Plus,0,0,18473,Japan
Nokia,220,Black,8 MB,2 MB,Yes,4,2999,2999,Nokia 220,0,0,33384,Brazil
Apple,iPhone 7 Plus ,Silver,3 GB,32 GB,Yes,4.5,36999,37900,Apple iPhone 7 Plus ,901,2.377308707,71710,France
ASUS,Zenfone Selfie ,Pink,3 GB,32 GB,Yes,4,17999,17999,ASUS Zenfone Selfie ,0,0,79786,Japan
GIONEE,P5_W ,Gold,1 GB,16 GB,Yes,3.8,4190,4190,GIONEE P5_W ,0,0,44519,Brazil
Motorola,E5,Grey,2 GB,16 GB,Yes,4.3,12000,12000,Motorola E5,0,0,63910,South Korea
Nokia,1,Dark Blue,1 GB,8 GB,Yes,3.9,4800,4800,Nokia 1,0,0,28352,Japan
SAMSUNG,Galaxy Note 10 ,Aura Red,8 GB,256 GB,Yes,4.5,73600,75000,SAMSUNG Galaxy Note 10 ,1400,1.866666667,79625,India
OPPO,R1 R829,Black,1 GB,16 GB,Yes,3,24990,24990,OPPO R1 R829,0,0,63331,Japan
OPPO,A52,Stream White,8 GB,128 GB,Yes,4.3,20990,20990,OPPO A52,0,0,25283,UK
SAMSUNG,Galaxy A52 ,Awesome Blue,8 GB,128 GB,Yes,4.4,28999,31999,SAMSUNG Galaxy A52 ,3000,9.375292978,94867,Canada
vivo,V23 5G,Stardust Black,12 GB,256 GB,Yes,4.4,34990,37990,vivo V23 5G,3000,7.896814951,31779,Canada
vivo,Y72 5G ,Slate Gray,4 GB,128 GB,Yes,4.4,21099,32990,vivo Y72 5G ,11891,36.04425584,34265,Canada
realme,Narzo 20 ,Victory Blue,4 GB,128 GB,Yes,4.3,11499,13999,realme Narzo 20 ,2500,17.85841846,69676,India
SAMSUNG,M31 ,Ocean Blue,6 GB,128 GB,Yes,4.3,17845,17999,SAMSUNG M31 ,154,0.855603089,15076,Australia
Apple,iPhone SE ,Red,2 GB,128 GB,Yes,4.5,44900,44900,Apple iPhone SE ,0,0,85949,Canada
Xiaomi,Redmi Note 7S ,Astro Moonlight White,4 GB,64 GB,Yes,4.4,13999,13999,Xiaomi Redmi Note 7S ,0,0,58455,USA
Nokia,3.1 Plus ,Charcoal,3 GB,32 GB,Yes,4.2,7088,12799,Nokia 3.1 Plus ,5711,44.62067349,38366,India
SAMSUNG,Galaxy M12 ,Black,4 GB,64 GB,Yes,4.2,11290,12490,SAMSUNG Galaxy M12 ,1200,9.607686149,82767,Australia
SAMSUNG,Galaxy A50 ,White,4 GB,64 GB,Yes,4.3,21000,21000,SAMSUNG Galaxy A50 ,0,0,58201,USA
Lenovo,Vibe K5 Note ,Silver,4 GB,32 GB,Yes,4.1,12499,12499,Lenovo Vibe K5 Note ,0,0,21003,USA
OPPO,A31,Fantasy White,4 GB,64 GB,Yes,4.3,12199,12319,OPPO A31,120,0.974105041,23948,USA
realme,6i ,Lunar White,6 GB,64 GB,Yes,4.4,13999,15999,realme 6i ,2000,12.5007813,89223,France
Xiaomi,REDMI 9 Power ,Fiery Red,6 GB,128 GB,Yes,4.1,13499,16999,Xiaomi REDMI 9 Power ,3500,20.58944644,88611,UK
Apple,iPhone 6s ,Rose Gold,2 GB,128 GB,Yes,4.5,55999,55999,Apple iPhone 6s ,0,0,62143,UK
Infinix,S4,Twilight Purple,3 GB,32 GB,Yes,4.2,9999,9999,Infinix S4,0,0,66308,India
Apple,iPhone 11 ,Purple,4GB,128 GB,Yes,4.6,54900,54900,Apple iPhone 11 ,0,0,14494,USA
SAMSUNG,Galaxy J1 ,White,512 MB,4 GB,Yes,4,6190,6190,SAMSUNG Galaxy J1 ,0,0,60086,South Korea
Apple,iPhone 7 ,Red,2 GB,256 GB,Yes,4.7,74400,74400,Apple iPhone 7 ,0,0,44229,Japan
Infinix,Note 10,Black,4 GB,64 GB,Yes,4.2,10999,13999,Infinix Note 10,3000,21.43010215,89677,Australia
Xiaomi,Redmi Note 7 Pro ,Space Black,6 GB,64 GB,Yes,4.5,15999,15999,Xiaomi Redmi Note 7 Pro ,0,0,61876,UK
vivo,V9 Youth,Gold,4 GB,32 GB,Yes,4.4,17990,17990,vivo V9 Youth,0,0,41656,Canada
SAMSUNG,Galaxy A80 ,Phantom Black,8 GB,128 GB,Yes,4.4,29899,29899,SAMSUNG Galaxy A80 ,0,0,53473,India
OPPO,Reno2,Ocean Blue,8 GB,256 GB,Yes,4.4,38990,39990,OPPO Reno2,1000,2.500625156,59438,Australia
SAMSUNG,Galaxy M20 ,Charcoal Black,3 GB,32 GB,Yes,4.3,10848,11290,SAMSUNG Galaxy M20 ,442,3.914968999,59417,India
Motorola,X4,Sterling Blue,4 GB,64 GB,Yes,4.3,23999,23999,Motorola X4,0,0,69712,South Korea
realme,C15 ,Power Blue,4 GB,,Yes,4.4,10999,12999,realme C15 ,2000,15.38579891,16817,France
vivo,Y12s ,Glacier Blue,3 GB,32 GB,Yes,4.4,32990,32990,vivo Y12s ,0,0,87176,France
Apple,iPhone 12 Pro Max ,Graphite,,256 GB,Yes,4.6,129900,129900,Apple iPhone 12 Pro Max ,0,0,74308,USA
Lenovo,A536 ,Black,1 GB,8 GB,Yes,3.8,7700,7700,Lenovo A536 ,0,0,56734,France
Infinix,Note 11S Free Fire Edition,Haze Green,8 GB,128 GB,Yes,4.3,15999,18999,Infinix Note 11S Free Fire Edition,3000,15.79030475,21241,India
SAMSUNG,Galaxy M30s ,White,6 GB,128 GB,Yes,4.1,16999,16999,SAMSUNG Galaxy M30s ,0,0,81364,Canada
realme,1,Diamond Red,3 GB,32 GB,Yes,,11900,12990,realme 1,1090,8.391070054,42763,USA
SAMSUNG,Galaxy A51 ,Prism Crush Blue,8 GB,128 GB,Yes,4.3,22499,29999,SAMSUNG Galaxy A51 ,7500,25.00083336,18260,Brazil
Infinix,Hot 11S,Green Wave,4 GB,128 GB,Yes,4.3,11999,14999,Infinix Hot 11S,3000,20.00133342,60140,Australia
Apple,iPhone 7 ,Red,2 GB,256 GB,Yes,4.7,74400,74400,Apple iPhone 7 ,0,0,24850,South Korea
SAMSUNG,Galaxy S9 Plus ,Midnight Black,6 GB,128 GB,Yes,4.5,68900,68900,SAMSUNG Galaxy S9 Plus ,0,0,91769,USA
realme,Narzo 30 Pro 5G ,Blade Silver,8 GB,128 GB,Yes,4.3,19999,21999,realme Narzo 30 Pro 5G ,2000,9.091322333,99710,India
realme,9 5G SE,Azure Glow,6 GB,128 GB,Yes,4.5,19999,24999,realme 9 5G SE,5000,20.00080003,64870,Australia
POCO,X2,Pheonix Red,6 GB,128 GB,Yes,4.5,15999,19999,POCO X2,4000,20.00100005,73096,Canada
Infinix,Hot 7 Pro,Aqua Blue,6 GB,64 GB,Yes,4.2,10999,10999,Infinix Hot 7 Pro,0,0,80911,Germany
OPPO,Hardik Pandya Limited Editon,Black,4 GB,64 GB,Yes,4.4,22990,22990,OPPO Hardik Pandya Limited Editon,0,0,96711,South Korea
SAMSUNG,Metro 350,Black,32 MB,Expandable Upto 16 GB,Yes,4.1,2849,2849,SAMSUNG Metro 350,0,0,33568,India
Nokia,108 Dual SIM,Black,4 MB,4 MB,Yes,4.2,1900,1900,Nokia 108 Dual SIM,0,0,45293,South Korea
realme,C25Y ,Glacier Blue,4 GB,64 GB,Yes,4.5,10999,12999,realme C25Y ,2000,15.38579891,84814,UK
SAMSUNG,Galaxy A20s ,Black,3 GB,32 GB,Yes,4.3,11599,12900,SAMSUNG Galaxy A20s ,1301,10.08527132,61632,Germany
Xiaomi,REDMI 9 Prime ,Matte Black,4 GB,64 GB,Yes,4.4,10499,11999,Xiaomi REDMI 9 Prime ,1500,12.50104175,19886,Australia
Nokia,6.1 Plus ,Black,6 GB,64 GB,Yes,4.1,11490,17999,Nokia 6.1 Plus ,6509,36.16312017,69660,France
ASUS,ZenFone 5Z ,Midnight Blue,6 GB,64 GB,Yes,4.5,32999,32999,ASUS ZenFone 5Z ,0,0,64307,India
Infinix,S5 Pro,Sea Blue,4 GB,64 GB,Yes,4.4,12999,12999,Infinix S5 Pro,0,0,76315,South Korea
realme,X2 ,Pearl Green,6 GB,128 GB,Yes,4.5,19999,19999,realme X2 ,0,0,75088,Australia
Motorola,G10 Power ,Aurora Grey,4 GB,64 GB,Yes,4.1,10499,12999,Motorola G10 Power ,2500,19.23224863,39166,France
OPPO,A11K,Flowing Silver,2 GB,32 GB,Yes,4.2,8990,10990,OPPO A11K,2000,18.19836215,68930,Canada
ASUS,ZenFone Max M2 ,Blue,4 GB,64 GB,Yes,4.3,14999,14999,ASUS ZenFone Max M2 ,0,0,77029,Canada
Apple,iPhone 13 ,Blue,4GB,512 GB,Yes,,109900,109900,Apple iPhone 13 ,0,0,59813,South Korea
Motorola,One Vision ,Sapphire Gradient,4 GB,128 GB,Yes,4.2,14999,22999,Motorola One Vision ,8000,34.78412105,60501,USA
Nokia,215 4G DS 2020,Black,64 MB,128 MB,Yes,3.7,3162,3299,Nokia 215 4G DS 2020,137,4.152773568,89152,UK
Apple,iPhone XS ,Gold,4 GB,512 GB,Yes,4.7,134900,134900,Apple iPhone XS ,0,0,68644,USA
vivo,Y21 ,Diamond Glow,2 GB,32 GB,Yes,4.3,34990,39990,vivo Y21 ,5000,12.50312578,54901,UK
Xiaomi,11 Lite NE,Diamond Dazzle,6 GB,128 GB,Yes,4.4,24798,24798,Xiaomi 11 Lite NE,0,0,52947,India
SAMSUNG,Metro 313 Dual Sim,Black,4 MB,2 MB,Yes,4.3,2340,2340,SAMSUNG Metro 313 Dual Sim,0,0,17852,Brazil
Motorola,G5s,Fine Gold,4 GB,32 GB,Yes,4.1,8390,14999,Motorola G5s,6609,44.06293753,26289,South Korea
realme,2,Diamond Black,4 GB,64 GB,Yes,4.4,11990,11990,realme 2,0,0,82693,Japan
SAMSUNG,Galaxy Fold 2 ,Mystic Bronze,12 GB,256 GB,Yes,3,149999,189999,SAMSUNG Galaxy Fold 2 ,40000,21.05274238,77581,South Korea
OPPO,A1K,Red,2 GB,32 GB,Yes,4.3,8490,13400,OPPO A1K,4910,36.64179104,17369,Germany
Infinix,Hot 10 Play,Obsidian Black,3 GB,32 GB,Yes,4.3,8299,9999,Infinix Hot 10 Play,1700,17.00170017,95437,France
SAMSUNG,Galaxy S20 Ultra ,Cosmic Black,12 GB,128 GB,Yes,4.2,70490,70999,SAMSUNG Galaxy S20 Ultra ,509,0.716911506,56404,Germany
Apple,iPhone X ,Space Gray,3 GB,64 GB,Yes,4.6,91900,91900,Apple iPhone X ,0,0,19169,Canada
LG,Q Stylus ,Black,3 GB,32 GB,Yes,3.8,20000,20000,LG Q Stylus ,0,0,96498,UK
Apple,iPhone 13 Pro Max ,Gold,6 GB,128 GB,Yes,,129900,129900,Apple iPhone 13 Pro Max ,0,0,59880,France
ASUS,ROG Phone 5 Pro ,Black,16 GB,512 GB,Yes,,69999,75999,ASUS ROG Phone 5 Pro ,6000,7.894840722,69872,Canada
SAMSUNG,Galaxy S Duos 2 ,Black,512 MB,4 GB,Yes,4,5999,5999,SAMSUNG Galaxy S Duos 2 ,0,0,99389,France
SAMSUNG,Metro 313,Black,4 MB,2 MB,Yes,4.2,2299,2299,SAMSUNG Metro 313,0,0,42175,USA
POCO,M4 Pro 5G,Cool Blue,6 GB,128 GB,Yes,4.4,16999,19999,POCO M4 Pro 5G,3000,15.00075004,16582,Canada
Nokia,225,Black,,Expandable Upto 32 GB,Yes,3.6,3499,3499,Nokia 225,0,0,81854,USA
Apple,iPhone SE ,White,2 GB,128 GB,Yes,4.5,44900,44900,Apple iPhone SE ,0,0,74047,USA
Apple,iPhone 13 Pro ,Gold,6 GB,128 GB,Yes,,119900,119900,Apple iPhone 13 Pro ,0,0,59679,France
GIONEE,F9 ,Blue,3 GB,32 GB,Yes,4.2,7900,7900,GIONEE F9 ,0,0,36650,Australia
